/* Auto-generated by tools/_tmp_regen_spinner_smooth.py — pixels + footer. */
#include "guest_splash_data.h"
#include "../../gui_server/integration_gui/bfree_qpa/bfree/bfree_guest_abi.h"
#include <stdint.h>
#include <cstddef>
#include <cstdint>

static const unsigned g_splash_logo_w = 280u;
static const unsigned g_splash_logo_h = 36u;
static const uint32_t g_splash_logo_px[10080] = {
  0x21F7F7F7, 0x21454545, 0x21000000, 0x21000000, 0x21000000, 0x21000000, 0x21000000, 0x21000000,
  0x21000000, 0x21000000, 0x21000000, 0x21000000, 0x21262626, 0x206F6F6F, 0x21F7F7F7, 0x00FFFFFF,
  0x00000000, 0x00000000, 0x027F7F7F, 0x00000000, 0x00000000, 0x00000000, 0x00000000, 0x00000000,
  0x00000000, 0x00000000, 0x00000000, 0x00000000, 0x00000000, 0x00000000, 0x00000000, 0x00000000,
  0x00000000, 0x00000000, 0x00000000, 0x00000000, 0x00000000, 0x00000000, 0x00000000, 0x00000000,
  0x00000000, 0x00000000, 0x00000000, 0x00000000, 0x00000000, 0x00FFFFFF, 0x00FFFFFF, 0x00FFFFFF,
  0x217B7B7B, 0x21000000, 0x21000000, 0x21000000, 0x21000000, 0x21000000, 0x21000000, 0x21000000,
  0x21000000, 0x21000000, 0x21000000, 0x21000000, 0x21000000, 0x21000000, 0x21000000, 0x21000000,
  0x21171717, 0x17585858, 0x00000000, 0x01000000, 0x00000000, 0x00000000, 0x00000000, 0x00000000,
  0x00000000, 0x00000000, 0x00000000, 0x00000000, 0x00000000, 0x00000000, 0x00000000, 0x00000000,
  0x00000000, 0x00000000, 0x00000000, 0x00000000, 0x00000000, 0x00000000, 0x00000000, 0x00000000,
  0x00000000, 0x00000000, 0x00000000, 0x00000000, 0x00000000, 0x00000000, 0x00000000, 0x00000000,
  0x00000000, 0x00000000, 0x00000000, 0x00000000, 0x00000000, 0x00000000, 0x00000000, 0x00000000,
  0x00000000, 0x00000000, 0x00000000, 0x00000000, 0x00000000, 0x00000000, 0x00000000, 0x00000000,
  0x00000000, 0x00000000, 0x00000000, 0x00000000, 0x00000000, 0x00000000, 0x00000000, 0x00000000,
  0x00000000, 0x00000000, 0x00000000, 0x00000000, 0x00000000, 0x00000000, 0x00000000, 0x00000000,
  0x00000000, 0x00000000, 0x00000000, 0x00000000, 0x00000000, 0x00000000, 0x00000000, 0x00000000,
  0x00000000, 0x00000000, 0x00000000, 0x00000000, 0x00000000, 0x00000000, 0x00000000, 0x00000000,
  0x00000000, 0x00000000, 0x00000000, 0x00000000, 0x00000000, 0x00000000, 0x00000000, 0x00000000,
  0x00000000, 0x01000000, 0x00000000, 0x05000000, 0x220F0F0F, 0x20000000, 0x21000000, 0x21070707,
  0x21000000, 0x21000000, 0x21000000, 0x21000000, 0x21000000, 0x21000000, 0x21000000, 0x21000000,
  0x21000000, 0x21000000, 0x21000000, 0x21000000, 0x21000000, 0x21000000, 0x21000000, 0x21000000,
  0x21070707, 0x21000000, 0x21070707, 0x21000000, 0x21555555, 0x10DFDFDF, 0x00000000, 0x00FFFFFF,
  0x00000000, 0x00FFFFFF, 0x00FFFFFF, 0x21A2A2A2, 0x21000000, 0x21000000, 0x21000000, 0x21000000,
  0x21000000, 0x21000000, 0x21000000, 0x21070707, 0x21000000, 0x21070707, 0x213D3D3D, 0x21737373,
  0x20C7C7C7, 0x00FFFFFF, 0x00040404, 0x00000000, 0x05999999, 0x00000000, 0x00000000, 0x00000000,
  0x00000000, 0x00000000, 0x00000000, 0x00000000, 0x00000000, 0x00000000, 0x00000000, 0x00000000,
  0x00000000, 0x00000000, 0x00000000, 0x00FFFFFF, 0x05CCCCCC, 0x00000000, 0x00000000, 0x22E8E8E8,
  0x62ABABAB, 0xFFBCBCBC, 0xF9676767, 0xFF494949, 0xFF161616, 0xFF000000, 0xFF030303, 0xFF000000,
  0xFF0F0F0F, 0xFF363636, 0xFD5E5E5E, 0xFFA9A9A9, 0xD4CBCBCB, 0x21E0E0E0, 0x00FFFFFF, 0x00000000,
  0x02000000, 0x00FFFFFF, 0x00000000, 0x00000000, 0x00000000, 0x00000000, 0x00000000, 0x00000000,
  0x00000000, 0x00000000, 0x00000000, 0x00FFFFFF, 0x04BFBFBF, 0x00FFFFFF, 0x21363636, 0x21000000,
  0x21000000, 0x21000000, 0x21454545, 0x00FFFFFF, 0x00000000, 0x00000000, 0x00000000, 0x00000000,
  0x00000000, 0x00000000, 0x00000000, 0x00000000, 0x00000000, 0x00000000, 0x00000000, 0x00000000,
  0x00000000, 0x00000000, 0x00FFFFFF, 0x21B1B1B1, 0x21000000, 0x21000000, 0x211E1E1E, 0x21E0E0E0,
  0xFFC4C4C4, 0xFF222222, 0xFF000000, 0xFF020202, 0xFF000000, 0xFF000000, 0xFF000000, 0xFF000000,
  0xFF000000, 0xFF010101, 0xFF010101, 0xFF010101, 0xFF161616, 0xFF383838, 0xFF7F7F7F, 0xB3747474,
  0x426C6C6C, 0x00FFFFFF, 0x00000000, 0x05999999, 0x00000000, 0x00000000, 0x00000000, 0x00000000,
  0x00000000, 0x00000000, 0x00000000, 0x00000000, 0x00000000, 0x00000000, 0x00000000, 0x00000000,
  0x00000000, 0x00000000, 0x00000000, 0x00000000, 0x00000000, 0x00000000, 0x00000000, 0x00000000,
  0x00000000, 0x00000000, 0x00000000, 0x00000000, 0x00000000, 0x07484848, 0x00000000, 0x707D7D7D,
  0xFF404040, 0xFF000000, 0xFF020202, 0xFF000000, 0xFF000000, 0xFF000000, 0xFF000000, 0xFF000000,
  0xFF000000, 0xFF000000, 0xFF000000, 0xFF000000, 0xFF000000, 0xFF000000, 0xFF000000, 0xFF000000,
  0xFF0A0A0A, 0xBA2D2D2D, 0x00000000, 0x07242424, 0x00000000, 0x00000000, 0x00000000, 0x00000000,
  0x00000000, 0x00000000, 0x00000000, 0x00000000, 0x00000000, 0x00000000, 0x00000000, 0x00000000,
  0x00000000, 0x00000000, 0x00000000, 0x00000000, 0x00000000, 0x00000000, 0x00000000, 0x00000000,
  0x00000000, 0x00000000, 0x00000000, 0x00000000, 0x00000000, 0x00000000, 0x00000000, 0x00000000,
  0x00000000, 0x00000000, 0x00000000, 0x00000000, 0x00000000, 0x00000000, 0x00000000, 0x00000000,
  0x00000000, 0x00000000, 0x00000000, 0x00000000, 0x00000000, 0x00000000, 0x00000000, 0x00000000,
  0x00000000, 0x00000000, 0x00000000, 0x00000000, 0x00000000, 0x00000000, 0x00000000, 0x00000000,
  0x00000000, 0x00000000, 0x00000000, 0x00000000, 0x00000000, 0x00000000, 0x00000000, 0x00000000,
  0x00000000, 0x00000000, 0x00000000, 0x00000000, 0x00000000, 0x00000000, 0x00000000, 0x00000000,
  0x00000000, 0x00000000, 0x00000000, 0x00000000, 0x00000000, 0x00000000, 0x00000000, 0x00000000,
  0x00000000, 0x00000000, 0x00000000, 0x00000000, 0x00000000, 0x00000000, 0x00000000, 0x00000000,
  0x00FFFFFF, 0x05000000, 0x00FFFFFF, 0x9B404040, 0xFF080808, 0xFF030303, 0xFF000000, 0xFF020202,
  0xFF000000, 0xFF000000, 0xFF000000, 0xFF000000, 0xFF000000, 0xFF000000, 0xFF000000, 0xFF000000,
  0xFF000000, 0xFF000000, 0xFF000000, 0xFF000000, 0xFF000000, 0xFF000000, 0xFF010101, 0xFF010101,
  0xFF020202, 0xFF010101, 0xFF040404, 0xFF000000, 0xFF2C2C2C, 0x806F6F6F, 0x00000000, 0x06555555,
  0x05666666, 0x00000000, 0x447B7B7B, 0xFF545454, 0xFF000000, 0xFF020202, 0xFF000000, 0xFF000000,
  0xFF000000, 0xFF000000, 0xFF000000, 0xFF020202, 0xFF000000, 0xFF030303, 0xFF212121, 0xFF3D3D3D,
  0xFF666666, 0xFFBBBBBB, 0x6B9A9A9A, 0x00FFFFFF, 0x00000000, 0x05333333, 0x00000000, 0x00000000,
  0x00000000, 0x00000000, 0x00000000, 0x00000000, 0x00000000, 0x00000000, 0x00000000, 0x00000000,
  0x00000000, 0x00000000, 0x00FFFFFF, 0x00000000, 0x00000000, 0x00FFFFFF, 0x4C616161, 0xFF7A7A7A,
  0xFF141414, 0xFF000000, 0xFF000000, 0xFF000000, 0xFF010101, 0xFF040404, 0xFF050505, 0xFF040404,
  0xFF020202, 0xFF000000, 0xFF000000, 0xFF000000, 0xFC000000, 0xFF747474, 0xA9898989, 0x00FFFFFF,
  0x00FFFFFF, 0x03555555, 0x00FFFFFF, 0x00000000, 0x00000000, 0x00000000, 0x00000000, 0x00000000,
  0x00000000, 0x00000000, 0x00000000, 0x06555555, 0x00000000, 0xD4808080, 0xFF1C1C1C, 0xFF000000,
  0xFF030303, 0xFF010101, 0xFF222222, 0xFF9F9F9F, 0x57F6F6F6, 0x00FFFFFF, 0x00FFFFFF, 0x00000000,
  0x00000000, 0x00000000, 0x00000000, 0x00000000, 0x00000000, 0x00000000, 0x00000000, 0x00000000,
  0x027F7F7F, 0x00000000, 0x2CC5C5C5, 0xFF787878, 0xFF000000, 0xFF030303, 0xFF101010, 0xFFB3B3B3,
  0xFC5E5E5E, 0xFC000000, 0xFC010101, 0xFC000000, 0xFC000000, 0xFC030303, 0xFC030303, 0xFC030303,
  0xFC030303, 0xFC040404, 0xFC040404, 0xFC030303, 0xFC000000, 0xFD000000, 0xFC000000, 0xFF000000,
  0xFF363636, 0xFFA5A5A5, 0x80E7E7E7, 0x00000000, 0x00FFFFFF, 0x00000000, 0x00000000, 0x00000000,
  0x00000000, 0x00000000, 0x00000000, 0x00000000, 0x00000000, 0x00000000, 0x00000000, 0x00000000,
  0x00000000, 0x00000000, 0x00000000, 0x00000000, 0x00000000, 0x00000000, 0x00000000, 0x00000000,
  0x00000000, 0x00000000, 0x00000000, 0x00000000, 0x027F7F7F, 0x03000000, 0x00FFFFFF, 0xAF414141,
  0xF9000000, 0xF8020202, 0xFC000000, 0xFC000000, 0xFC030303, 0xFC030303, 0xFC030303, 0xFC030303,
  0xFC030303, 0xFC030303, 0xFC030303, 0xFC030303, 0xFC030303, 0xFC030303, 0xFC030303, 0xF8030303,
  0xFC040404, 0xB0000000, 0x00000000, 0x07000000, 0x00000000, 0x00000000, 0x00000000, 0x00000000,
  0x00000000, 0x00000000, 0x00000000, 0x00000000, 0x00000000, 0x00000000, 0x00000000, 0x00000000,
  0x00000000, 0x00000000, 0x00000000, 0x00000000, 0x00000000, 0x00000000, 0x00000000, 0x00000000,
  0x00000000, 0x00000000, 0x00000000, 0x00000000, 0x00000000, 0x00000000, 0x00000000, 0x00000000,
  0x00000000, 0x00000000, 0x00000000, 0x00000000, 0x00000000, 0x00000000, 0x00000000, 0x00000000,
  0x00000000, 0x00000000, 0x00000000, 0x00000000, 0x00000000, 0x00000000, 0x00000000, 0x00000000,
  0x00000000, 0x00000000, 0x00000000, 0x00000000, 0x00000000, 0x00000000, 0x00000000, 0x00000000,
  0x00000000, 0x00000000, 0x00000000, 0x00000000, 0x00000000, 0x00000000, 0x00000000, 0x00000000,
  0x00000000, 0x00000000, 0x00000000, 0x00000000, 0x00000000, 0x00000000, 0x00000000, 0x00000000,
  0x00000000, 0x00000000, 0x00000000, 0x00000000, 0x00000000, 0x00000000, 0x00000000, 0x00000000,
  0x00000000, 0x00000000, 0x00000000, 0x00000000, 0x00000000, 0x00000000, 0x00000000, 0x00000000,
  0x00FFFFFF, 0x00000000, 0x00FFFFFF, 0xFF888888, 0xF5030303, 0xFD0B0B0B, 0xFC050505, 0xFC030303,
  0xFC040404, 0xFC030303, 0xFC030303, 0xFC030303, 0xFC030303, 0xFC030303, 0xFC010101, 0xFC000000,
  0xFC000000, 0xFC000000, 0xFC010101, 0xFC030303, 0xFC030303, 0xFC030303, 0xFC030303, 0xFC040404,
  0xFC030303, 0xFC050505, 0xFC030303, 0xF6040404, 0xFC000000, 0x79000000, 0x00000000, 0x07000000,
  0x02000000, 0x00FFFFFF, 0x99656565, 0xFA000000, 0xF8020202, 0xFC000000, 0xFC000000, 0xFC030303,
  0xFC030303, 0xFC030303, 0xFC030303, 0xFC030303, 0xFC040404, 0xFC030303, 0xFC000000, 0xFC000000,
  0xFD000000, 0xFC000000, 0xFF292929, 0xFF818181, 0x55999999, 0x00000000, 0x05999999, 0x00000000,
  0x00000000, 0x00000000, 0x00000000, 0x00000000, 0x00000000, 0x00000000, 0x00000000, 0x00000000,
  0x00000000, 0x00FFFFFF, 0x00000000, 0x00FFFFFF, 0x6CE2E2E2, 0xF06D6D6D, 0xFF252525, 0xFB000000,
  0xFD000000, 0xFF060606, 0xFF080808, 0xFA000000, 0xF9000000, 0xF9000000, 0xF9000000, 0xF9000000,
  0xF9000000, 0xF9000000, 0xFE060606, 0xFF050505, 0xFF040404, 0xFC000000, 0xFF000000, 0xFF828282,
  0x91D3D3D3, 0x00000000, 0x07919191, 0x00FFFFFF, 0x00000000, 0x00000000, 0x00000000, 0x00000000,
  0x00000000, 0x00000000, 0x00FFFFFF, 0x03000000, 0x48EDEDED, 0xE10A0A0A, 0xFA000000, 0xFB010101,
  0xFC020202, 0xFC010101, 0xFC000000, 0xFC000000, 0xFF9E9E9E, 0x00000000, 0x00000000, 0x00000000,
  0x00000000, 0x00000000, 0x00000000, 0x00000000, 0x00000000, 0x00000000, 0x00000000, 0x00000000,
  0x02000000, 0x00000000, 0x2A555555, 0xFC2D2D2D, 0xF8000000, 0xFC040404, 0xFC000000, 0xFC717171,
  0xFF424242, 0xFF010101, 0xFF000000, 0xFF010101, 0xFF010101, 0xFD000000, 0xFC000000, 0xFC000000,
  0xFC000000, 0xFC000000, 0xFC000000, 0xFC000000, 0xFC000000, 0xFF040404, 0xFF040404, 0xFC030303,
  0xF9000000, 0xF8000000, 0xFF6E6E6E, 0x85E6E6E6, 0x00000000, 0x00FFFFFF, 0x00000000, 0x00000000,
  0x00000000, 0x00000000, 0x00000000, 0x00000000, 0x00000000, 0x00000000, 0x00000000, 0x00000000,
  0x00000000, 0x00000000, 0x00000000, 0x00000000, 0x00000000, 0x00000000, 0x00000000, 0x00000000,
  0x00000000, 0x00000000, 0x00000000, 0x00000000, 0x04BFBFBF, 0x00000000, 0x00FFFFFF, 0xFF8C8C8C,
  0xF7020202, 0xFF050505, 0xFF000000, 0xFF010101, 0xFE000000, 0xFC000000, 0xFC000000, 0xFC000000,
  0xFC000000, 0xFC000000, 0xFC000000, 0xFC000000, 0xFC000000, 0xFC000000, 0xFC000000, 0xF8000000,
  0xFC000000, 0xB0000000, 0x00000000, 0x07000000, 0x00000000, 0x00000000, 0x00000000, 0x00000000,
  0x00000000, 0x00000000, 0x00000000, 0x00000000, 0x00000000, 0x00000000, 0x00000000, 0x00000000,
  0x00000000, 0x00000000, 0x00000000, 0x00000000, 0x00000000, 0x00000000, 0x00000000, 0x00000000,
  0x00000000, 0x00000000, 0x00000000, 0x00000000, 0x00000000, 0x00000000, 0x00000000, 0x00000000,
  0x00000000, 0x00000000, 0x00000000, 0x00000000, 0x00000000, 0x00000000, 0x00000000, 0x00000000,
  0x00000000, 0x00000000, 0x00000000, 0x00000000, 0x00000000, 0x00000000, 0x00000000, 0x00000000,
  0x00000000, 0x00000000, 0x00000000, 0x00000000, 0x00000000, 0x00000000, 0x00000000, 0x00000000,
  0x00000000, 0x00000000, 0x00000000, 0x00000000, 0x00000000, 0x00000000, 0x00000000, 0x00000000,
  0x00000000, 0x00000000, 0x00000000, 0x00000000, 0x00000000, 0x00000000, 0x00000000, 0x00000000,
  0x00000000, 0x00000000, 0x00000000, 0x00000000, 0x00000000, 0x00000000, 0x00000000, 0x00000000,
  0x00000000, 0x00000000, 0x00000000, 0x00000000, 0x00000000, 0x00000000, 0x00000000, 0x00000000,
  0x00FFFFFF, 0x00000000, 0x00FFFFFF, 0xFF8C8C8C, 0xF5000000, 0xFD000000, 0xFC000000, 0xFC000000,
  0xFC000000, 0xFC000000, 0xFC000000, 0xFC000000, 0xFC000000, 0xFC000000, 0xFF000000, 0xFF010101,
  0xFF000000, 0xFF000000, 0xFF000000, 0xFC000000, 0xFC000000, 0xFC000000, 0xFC000000, 0xFC000000,
  0xFC000000, 0xFC000000, 0xFC000000, 0xF6000000, 0xFC000000, 0x79080808, 0x00000000, 0x081F1F1F,
  0x00000000, 0x00FFFFFF, 0xFFAAAAAA, 0xF9030303, 0xFF070707, 0xFF010101, 0xFF010101, 0xFF000000,
  0xFC000000, 0xFC000000, 0xFC000000, 0xFC000000, 0xFC000000, 0xFC000000, 0xFD000000, 0xFF060606,
  0xFF030303, 0xFF070707, 0xF9000000, 0xF8000000, 0xFF424242, 0x60525252, 0x00000000, 0x06555555,
  0x00000000, 0x00000000, 0x00000000, 0x00000000, 0x00000000, 0x00000000, 0x00000000, 0x00000000,
  0x00FFFFFF, 0x00000000, 0x00FFFFFF, 0xD5D9D9D9, 0xFF606060, 0xFC000000, 0xF9000000, 0xFF050505,
  0xFF050505, 0xFE000000, 0xFC000000, 0xFF111111, 0xFF464646, 0xFF5C5C5C, 0xFF5C5C5C, 0xFF5A5A5A,
  0xFF434343, 0xFF0E0E0E, 0xFF000000, 0xFC000000, 0xFF020202, 0xFF030303, 0xFD030303, 0xF8000000,
  0xFF474747, 0x9BB4B4B4, 0x00000000, 0x00FFFFFF, 0x00000000, 0x00000000, 0x00000000, 0x00000000,
  0x00000000, 0x00000000, 0x08BFBFBF, 0x00000000, 0xBCDFDFDF, 0xFF3D3D3D, 0xFB010101, 0xFF020202,
  0xFF000000, 0xFF000000, 0xFF020202, 0xFE040404, 0xF7101010, 0x82CCCCCC, 0x027F7F7F, 0x027F7F7F,
  0x00000000, 0x00000000, 0x00000000, 0x00000000, 0x00000000, 0x00000000, 0x00000000, 0x00000000,
  0x02000000, 0x00000000, 0x2A6D6D6D, 0xFF3A3A3A, 0xFB000000, 0xFF030303, 0xFF010101, 0xFF7B7B7B,
  0xFF3E3E3E, 0xFF000000, 0xFF030303, 0xFF010101, 0xFF0B0B0B, 0xFF606060, 0xFF707070, 0xFF6C6C6C,
  0xFF6B6B6B, 0xFF6D6D6D, 0xFF6F6F6F, 0xFF595959, 0xFF292929, 0xFF000000, 0xFF000000, 0xFE000000,
  0xFF020202, 0xFF030303, 0xF7000000, 0xFF777777, 0x00FFFFFF, 0x00FFFFFF, 0x00FFFFFF, 0x00000000,
  0x00000000, 0x00000000, 0x00000000, 0x00000000, 0x00000000, 0x00000000, 0x00000000, 0x00000000,
  0x00000000, 0x00000000, 0x00000000, 0x00000000, 0x00000000, 0x00000000, 0x00000000, 0x00000000,
  0x00000000, 0x00000000, 0x00000000, 0x00000000, 0x04BFBFBF, 0x00000000, 0x00FFFFFF, 0xFB787878,
  0xF8000000, 0xFF060606, 0xFF000000, 0xFF080808, 0xFF565656, 0xFF6E6E6E, 0xFF6D6D6D, 0xFF6B6B6B,
  0xFF6B6B6B, 0xFF6C6C6C, 0xFF6C6C6C, 0xFF6C6C6C, 0xFF6C6C6C, 0xFF6C6C6C, 0xFF6C6C6C, 0xFF686868,
  0xFF7D7D7D, 0xBC8B8B8B, 0x00000000, 0x07919191, 0x00000000, 0x00000000, 0x00000000, 0x00000000,
  0x00000000, 0x00000000, 0x00000000, 0x00000000, 0x00000000, 0x00000000, 0x00000000, 0x00000000,
  0x00000000, 0x00000000, 0x00000000, 0x00000000, 0x00000000, 0x00000000, 0x00000000, 0x00000000,
  0x00000000, 0x00000000, 0x00000000, 0x00000000, 0x00000000, 0x00000000, 0x00000000, 0x00000000,
  0x00000000, 0x00000000, 0x00000000, 0x00000000, 0x00000000, 0x00000000, 0x00000000, 0x00000000,
  0x00000000, 0x00000000, 0x00000000, 0x00000000, 0x00000000, 0x00000000, 0x00000000, 0x00000000,
  0x00000000, 0x00000000, 0x00000000, 0x00000000, 0x00000000, 0x00000000, 0x00000000, 0x00000000,
  0x00000000, 0x00000000, 0x00000000, 0x00000000, 0x00000000, 0x00000000, 0x00000000, 0x00000000,
  0x00000000, 0x00000000, 0x00000000, 0x00000000, 0x00000000, 0x00000000, 0x00000000, 0x00000000,
  0x00000000, 0x00000000, 0x00000000, 0x00000000, 0x00000000, 0x00000000, 0x00000000, 0x00000000,
  0x00000000, 0x00000000, 0x00000000, 0x00000000, 0x00000000, 0x00000000, 0x00000000, 0x00000000,
  0x00FFFFFF, 0x05666666, 0x00FFFFFF, 0x9C989898, 0xFF7E7E7E, 0xFF6A6A6A, 0xFF6D6D6D, 0xFF6B6B6B,
  0xFF6C6C6C, 0xFF6D6D6D, 0xFF6C6C6C, 0xFF6C6C6C, 0xFF6E6E6E, 0xFF696969, 0xFF111111, 0xFF010101,
  0xFF030303, 0xFF000000, 0xFF252525, 0xFF686868, 0xFF707070, 0xFF6B6B6B, 0xFF6C6C6C, 0xFF6C6C6C,
  0xFF6B6B6B, 0xFF6D6D6D, 0xFF6D6D6D, 0xFF616161, 0xFF9A9A9A, 0x81B3B3B3, 0x00000000, 0x089F9F9F,
  0x00000000, 0x00FFFFFF, 0xFA919191, 0xFA000000, 0xFF060606, 0xFF000000, 0xFF020202, 0xFF4D4D4D,
  0xFF6F6F6F, 0xFF6D6D6D, 0xFF6B6B6B, 0xFF6D6D6D, 0xFF6B6B6B, 0xFF5F5F5F, 0xFF272727, 0xFF000000,
  0xFF000000, 0xFF000000, 0xFF030303, 0xFD050505, 0xF8000000, 0xFB3A3A3A, 0x60979797, 0x00000000,
  0x067F7F7F, 0x00000000, 0x00000000, 0x00000000, 0x00000000, 0x00000000, 0x00000000, 0x00FFFFFF,
  0x00FFFFFF, 0x00FFFFFF, 0xDADADADA, 0xFF333333, 0xF6000000, 0xFE050505, 0xFF030303, 0xFF000000,
  0xFF000000, 0xFF3C3C3C, 0xFFC2C2C2, 0x78888888, 0x44878787, 0x46B9B9B9, 0x44B7B7B7, 0x44B4B4B4,
  0x48838383, 0x441A1A1A, 0xE9797979, 0xFF414141, 0xFF000000, 0xFE000000, 0xFF010101, 0xFF060606,
  0xF9000000, 0xFF3B3B3B, 0x9FC2C2C2, 0x00000000, 0x04BFBFBF, 0x00000000, 0x00000000, 0x00000000,
  0x00000000, 0x00000000, 0x07B6B6B6, 0x00000000, 0xA6DADADA, 0xFE333333, 0xFB000000, 0xFF040404,
  0xFF010101, 0xFF000000, 0xFF000000, 0xFE010101, 0xFF050505, 0xEF515151, 0x00000000, 0x02000000,
  0x00000000, 0x00000000, 0x00000000, 0x00000000, 0x00000000, 0x00000000, 0x00000000, 0x00000000,
  0x02000000, 0x00000000, 0x2A676767, 0xFF373737, 0xFB000000, 0xFF030303, 0xFF000000, 0xFF787878,
  0xFF3E3E3E, 0xFF000000, 0xFF030303, 0xFC000000, 0xFF313131, 0x458C8C8C, 0x21D0D0D0, 0x22C3C3C3,
  0x21C8C8C8, 0x21D0D0D0, 0x21D0D0D0, 0x21AAAAAA, 0x2A858585, 0xFAB2B2B2, 0xFE2F2F2F, 0xFF040404,
  0xFF020202, 0xFF020202, 0xFC010101, 0xFC141414, 0xCCA5A5A5, 0x00000000, 0x07919191, 0x00000000,
  0x00000000, 0x00000000, 0x00000000, 0x00000000, 0x00000000, 0x00000000, 0x00000000, 0x00000000,
  0x00000000, 0x00000000, 0x00000000, 0x00000000, 0x00000000, 0x00000000, 0x00000000, 0x00000000,
  0x00000000, 0x00000000, 0x00000000, 0x00000000, 0x04BFBFBF, 0x00000000, 0x00FFFFFF, 0xFF7B7B7B,
  0xF8000000, 0xFF060606, 0xFC000000, 0xFF232323, 0xC5CBCBCB, 0x21D0D0D0, 0x26D0D0D0, 0x21C8C8C8,
  0x21C8C8C8, 0x21D0D0D0, 0x21D0D0D0, 0x21D0D0D0, 0x21D0D0D0, 0x21D0D0D0, 0x21D0D0D0, 0x20CFCFCF,
  0x21EFEFEF, 0x00FFFFFF, 0x00000000, 0x00FFFFFF, 0x00000000, 0x00000000, 0x00000000, 0x00000000,
  0x00000000, 0x00000000, 0x00000000, 0x00000000, 0x00000000, 0x00000000, 0x00000000, 0x00000000,
  0x00000000, 0x00000000, 0x00000000, 0x00000000, 0x00000000, 0x00000000, 0x00000000, 0x00000000,
  0x00000000, 0x00000000, 0x00000000, 0x00000000, 0x00000000, 0x00000000, 0x00000000, 0x00000000,
  0x00000000, 0x00000000, 0x00000000, 0x00000000, 0x00000000, 0x00000000, 0x00000000, 0x00000000,
  0x00000000, 0x00000000, 0x00000000, 0x00000000, 0x00000000, 0x00000000, 0x00000000, 0x00000000,
  0x00000000, 0x00000000, 0x00000000, 0x00000000, 0x00000000, 0x00000000, 0x00000000, 0x00000000,
  0x00000000, 0x00000000, 0x00000000, 0x00000000, 0x00000000, 0x00000000, 0x00000000, 0x00000000,
  0x00000000, 0x00000000, 0x00000000, 0x00000000, 0x00000000, 0x00000000, 0x00000000, 0x00000000,
  0x00000000, 0x00000000, 0x00000000, 0x00000000, 0x00000000, 0x00000000, 0x00000000, 0x00000000,
  0x00000000, 0x00000000, 0x00000000, 0x00000000, 0x00000000, 0x00000000, 0x00000000, 0x00000000,
  0x00000000, 0x00FFFFFF, 0x00000000, 0x05CCCCCC, 0x21EFEFEF, 0x1FCDCDCD, 0x21D0D0D0, 0x21C8C8C8,
  0x21D0D0D0, 0x21C8C8C8, 0x21C8C8C8, 0x22CACACA, 0x21D0D0D0, 0x30B4B4B4, 0xFF3B3B3B, 0xFE000000,
  0xFF040404, 0xFD000000, 0xFF6C6C6C, 0x37CCCCCC, 0x21D0D0D0, 0x22C3C3C3, 0x21C8C8C8, 0x21D0D0D0,
  0x21C8C8C8, 0x21D0D0D0, 0x21D0D0D0, 0x20BFBFBF, 0x00FFFFFF, 0x00FFFFFF, 0x00000000, 0x03AAAAAA,
  0x00000000, 0x00FFFFFF, 0xFF949494, 0xFA000000, 0xFF050505, 0xFE000000, 0xFF0B0B0B, 0xE1BCBCBC,
  0x21D0D0D0, 0x23CCCCCC, 0x21C8C8C8, 0x21D0D0D0, 0x22D2D2D2, 0x21B1B1B1, 0x4FAEAEAE, 0xFAD4D4D4,
  0xFD4B4B4B, 0xFF010101, 0xFE010101, 0xFF030303, 0xFD040404, 0xFA050505, 0xFA717171, 0x52F5F5F5,
  0x00000000, 0x05CCCCCC, 0x00000000, 0x00000000, 0x00000000, 0x00000000, 0x00000000, 0x027F7F7F,
  0x00FFFFFF, 0x3AC1C1C1, 0xFF606060, 0xF7000000, 0xFF070707, 0xFF050505, 0xFD000000, 0xFF0D0D0D,
  0xFAA1A1A1, 0x9AE7E7E7, 0x00FFFFFF, 0x00FFFFFF, 0x00000000, 0x00000000, 0x00000000, 0x00000000,
  0x00000000, 0x00000000, 0x00FFFFFF, 0x30A4A4A4, 0xFC747474, 0xFF060606, 0xFD000000, 0xFF010101,
  0xFF060606, 0xF8000000, 0xFF565656, 0x00FFFFFF, 0x00000000, 0x00FFFFFF, 0x00000000, 0x00000000,
  0x00000000, 0x00000000, 0x07B6B6B6, 0x00000000, 0xABDBDBDB, 0xFF353535, 0xFB000000, 0xFF010101,
  0xFF020202, 0xFD000000, 0xFD000000, 0xFF020202, 0xFC010101, 0xF6121212, 0xA59F9F9F, 0x00FFFFFF,
  0x06D4D4D4, 0x00000000, 0x00000000, 0x00000000, 0x00000000, 0x00000000, 0x00000000, 0x00000000,
  0x02000000, 0x00000000, 0x2A676767, 0xFF373737, 0xFB000000, 0xFF030303, 0xFF000000, 0xFF787878,
  0xFF3E3E3E, 0xFF000000, 0xFF040404, 0xFB000000, 0xFF393939, 0x225A5A5A, 0x00000000, 0x00000000,
  0x00000000, 0x00000000, 0x00000000, 0x00000000, 0x00000000, 0x00FFFFFF, 0x44B0B0B0, 0xED535353,
  0xF9020202, 0xFE040404, 0xFC010101, 0xFE050505, 0xC7262626, 0x00FFFFFF, 0x05333333, 0x00FFFFFF,
  0x00000000, 0x00000000, 0x00000000, 0x00000000, 0x00000000, 0x00000000, 0x00000000, 0x00000000,
  0x00000000, 0x00000000, 0x00000000, 0x00000000, 0x00000000, 0x00000000, 0x00000000, 0x00000000,
  0x00000000, 0x00000000, 0x00000000, 0x00000000, 0x04BFBFBF, 0x00000000, 0x00FFFFFF, 0xFF7B7B7B,
  0xF8000000, 0xFF060606, 0xFC000000, 0xFF282828, 0xBAD8D8D8, 0x00000000, 0x00000000, 0x00000000,
  0x00000000, 0x00000000, 0x00000000, 0x00000000, 0x00000000, 0x00000000, 0x00000000, 0x00000000,
  0x00000000, 0x00000000, 0x00000000, 0x00000000, 0x00000000, 0x00000000, 0x00000000, 0x00000000,
  0x00000000, 0x00000000, 0x00000000, 0x00000000, 0x00000000, 0x00000000, 0x00000000, 0x00FFFFFF,
  0x05CCCCCC, 0x05333333, 0x05000000, 0x05000000, 0x05333333, 0x05CCCCCC, 0x00FFFFFF, 0x00000000,
  0x00000000, 0x00000000, 0x00000000, 0x00000000, 0x00000000, 0x00000000, 0x00000000, 0x00000000,
  0x00FFFFFF, 0x00FFFFFF, 0x05666666, 0x05333333, 0x05000000, 0x05000000, 0x05000000, 0x05333333,
  0x05666666, 0x05CCCCCC, 0x00FFFFFF, 0x00000000, 0x00000000, 0x00000000, 0x00000000, 0x00000000,
  0x00000000, 0x00000000, 0x00000000, 0x00000000, 0x00000000, 0x00000000, 0x00000000, 0x00000000,
  0x00000000, 0x00000000, 0x00000000, 0x00000000, 0x00FFFFFF, 0x05CCCCCC, 0x05333333, 0x05333333,
  0x05000000, 0x05000000, 0x05000000, 0x05333333, 0x05999999, 0x05CCCCCC, 0x00000000, 0x00000000,
  0x00000000, 0x00000000, 0x00000000, 0x00000000, 0x00000000, 0x00000000, 0x00000000, 0x00000000,
  0x00000000, 0x00000000, 0x00000000, 0x00000000, 0x00000000, 0x00000000, 0x00000000, 0x00000000,
  0x00000000, 0x00000000, 0x00FFFFFF, 0x00000000, 0x00000000, 0x00000000, 0x00000000, 0x00000000,
  0x00000000, 0x00000000, 0x00000000, 0x00000000, 0x00000000, 0x09555555, 0xFF3E3E3E, 0xFE000000,
  0xFF060606, 0xFD000000, 0xFF717171, 0x12E2E2E2, 0x00000000, 0x00000000, 0x00000000, 0x00000000,
  0x00000000, 0x00000000, 0x00000000, 0x00000000, 0x00000000, 0x00000000, 0x00000000, 0x027F7F7F,
  0x00000000, 0x00FFFFFF, 0xFF949494, 0xFA000000, 0xFF070707, 0xFE000000, 0xFF0E0E0E, 0xDCC2C2C2,
  0x00000000, 0x00000000, 0x00000000, 0x00000000, 0x00000000, 0x00000000, 0x00050505, 0x00FFFFFF,
  0x00FFFFFF, 0xFF999999, 0xFD080808, 0xFE000000, 0xFF030303, 0xF8000000, 0xFF2B2B2B, 0x7D808080,
  0x00FFFFFF, 0x05666666, 0x00000000, 0x00000000, 0x00000000, 0x00000000, 0x01000000, 0x00000000,
  0x00FFFFFF, 0xFA878787, 0xFC000000, 0xFF060606, 0xFF010101, 0xFD000000, 0xFF272727, 0xBDA8A8A8,
  0x00FFFFFF, 0x00FFFFFF, 0x00000000, 0x00000000, 0x03555555, 0x03AAAAAA, 0x03AAAAAA, 0x03AAAAAA,
  0x03555555, 0x03000000, 0x00000000, 0x00000000, 0x00FFFFFF, 0xEFA5A5A5, 0xFF131313, 0xFE040404,
  0xFF030303, 0xFC010101, 0xFD0C0C0C, 0xC9656565, 0x00FFFFFF, 0x089F9F9F, 0x00FFFFFF, 0x00000000,
  0x00000000, 0x00000000, 0x07B6B6B6, 0x00000000, 0xABDBDBDB, 0xFF343434, 0xFB000000, 0xFF010101,
  0xFF131313, 0xFF5E5E5E, 0xFF262626, 0xFF000000, 0xFF050505, 0xFB020202, 0xFF616161, 0x00FFFFFF,
  0x00000000, 0x07DADADA, 0x00000000, 0x00000000, 0x00000000, 0x00000000, 0x00000000, 0x00000000,
  0x02000000, 0x00000000, 0x2A676767, 0xFF373737, 0xFB000000, 0xFF030303, 0xFF000000, 0xFF787878,
  0xFF3E3E3E, 0xFF000000, 0xFF030303, 0xFB000000, 0xFF373737, 0x2B646464, 0x00FFFFFF, 0x03555555,
  0x00FFFFFF, 0x00FFFFFF, 0x00FFFFFF, 0x00FFFFFF, 0x01000000, 0x04000000, 0x00000000, 0x656F6F6F,
  0xFD2F2F2F, 0xF8000000, 0xFF050505, 0xFA000000, 0xFF454545, 0xA6ECECEC, 0x00000000, 0x07DADADA,
  0x00000000, 0x00000000, 0x00000000, 0x00000000, 0x00000000, 0x00000000, 0x00000000, 0x00000000,
  0x00000000, 0x00000000, 0x00000000, 0x00000000, 0x00000000, 0x00000000, 0x00000000, 0x00000000,
  0x00000000, 0x00000000, 0x00000000, 0x00000000, 0x04BFBFBF, 0x00000000, 0x00FFFFFF, 0xFF7B7B7B,
  0xF8000000, 0xFF060606, 0xFC000000, 0xFF292929, 0xBCD0D0D0, 0x00FFFFFF, 0x07DADADA, 0x00FFFFFF,
  0x00FFFFFF, 0x00FFFFFF, 0x00FFFFFF, 0x00FFFFFF, 0x00FFFFFF, 0x00FFFFFF, 0x00FFFFFF, 0x00FFFFFF,
  0x00FFFFFF, 0x00FFFFFF, 0x00000000, 0x00000000, 0x00000000, 0x00000000, 0x00000000, 0x00FFFFFF,
  0x07919191, 0x07000000, 0x07000000, 0x07242424, 0x00FFFFFF, 0x00000000, 0x00FFFFFF, 0x00000000,
  0x00000000, 0x00000000, 0x00000000, 0x00000000, 0x00000000, 0x00000000, 0x00000000, 0x00000000,
  0x00000000, 0x00000000, 0x00000000, 0x00000000, 0x00000000, 0x00000000, 0x00000000, 0x00FFFFFF,
  0x01000000, 0x00000000, 0x00000000, 0x00000000, 0x00000000, 0x00000000, 0x00000000, 0x00000000,
  0x00000000, 0x00000000, 0x00000000, 0x07B6B6B6, 0x00000000, 0x00000000, 0x00000000, 0x00000000,
  0x00000000, 0x00000000, 0x00000000, 0x00000000, 0x00000000, 0x00000000, 0x00000000, 0x00000000,
  0x00000000, 0x00000000, 0x00FFFFFF, 0x07B6B6B6, 0x00000000, 0x00000000, 0x00000000, 0x00000000,
  0x00000000, 0x00000000, 0x00000000, 0x00000000, 0x00000000, 0x00000000, 0x07919191, 0x05CCCCCC,
  0x00000000, 0x00000000, 0x00000000, 0x00000000, 0x00000000, 0x00000000, 0x00000000, 0x00000000,
  0x00000000, 0x00000000, 0x00000000, 0x00000000, 0x00000000, 0x00000000, 0x00000000, 0x00000000,
  0x00000000, 0x00000000, 0x00000000, 0x01000000, 0x00FFFFFF, 0x00FFFFFF, 0x00FFFFFF, 0x00FFFFFF,
  0x00FFFFFF, 0x00FFFFFF, 0x00FFFFFF, 0x027F7F7F, 0x00FFFFFF, 0x13868686, 0xFF3C3C3C, 0xFE000000,
  0xFF060606, 0xFD000000, 0xFF6E6E6E, 0x1BCFCFCF, 0x00FFFFFF, 0x027F7F7F, 0x00FFFFFF, 0x00FFFFFF,
  0x00FFFFFF, 0x00FFFFFF, 0x00FFFFFF, 0x00FFFFFF, 0x00FFFFFF, 0x01000000, 0x00000000, 0x027F7F7F,
  0x00000000, 0x00FFFFFF, 0xFF949494, 0xFA000000, 0xFF050505, 0xFE000000, 0xFF0F0F0F, 0xDDBEBEBE,
  0x00FFFFFF, 0x04BFBFBF, 0x00FFFFFF, 0x00FFFFFF, 0x00FFFFFF, 0x00FFFFFF, 0x00000000, 0x03555555,
  0x00000000, 0x77F6F6F6, 0xF2404040, 0xFC040404, 0xFE010101, 0xFF070707, 0xF8000000, 0xFFA5A5A5,
  0x00FFFFFF, 0x00000000, 0x00FFFFFF, 0x00000000, 0x00000000, 0x00000000, 0x01000000, 0x06D4D4D4,
  0x4FA4A4A4, 0xFF101010, 0xFE020202, 0xFF000000, 0xFF030303, 0xFA000000, 0xB8909090, 0x00000000,
  0x00000000, 0x00000000, 0x00FFFFFF, 0x00000000, 0x00000000, 0x00000000, 0x00000000, 0x00000000,
  0x00000000, 0x00000000, 0x00FFFFFF, 0x04BFBFBF, 0x00000000, 0x00FFFFFF, 0xD96D6D6D, 0xF7060606,
  0xFE040404, 0xFF040404, 0xF9000000, 0xFF424242, 0x91D1D1D1, 0x00000000, 0x089F9F9F, 0x00000000,
  0x00000000, 0x00000000, 0x07B6B6B6, 0x00000000, 0xABDCDCDC, 0xFF353535, 0xFB000000, 0xFD060606,
  0xFF000000, 0xD9616161, 0xDB575757, 0xFE030303, 0xFE060606, 0xFB010101, 0xFD202020, 0xB38F8F8F,
  0x00FFFFFF, 0x07B6B6B6, 0x00FFFFFF, 0x00000000, 0x00000000, 0x00000000, 0x00000000, 0x00000000,
  0x02000000, 0x00000000, 0x2A676767, 0xFF373737, 0xFB000000, 0xFF030303, 0xFF000000, 0xFF787878,
  0xFF3E3E3E, 0xFF000000, 0xFF030303, 0xFB000000, 0xFF363636, 0x2A616161, 0x00000000, 0x02000000,
  0x00000000, 0x00000000, 0x00000000, 0x00000000, 0x00000000, 0x07B6B6B6, 0x00010101, 0x7DF0F0F0,
  0xFF6E6E6E, 0xF7000000, 0xFF070707, 0xFA000000, 0xFE343434, 0x9BBBBBBB, 0x00000000, 0x07919191,
  0x00000000, 0x00000000, 0x00000000, 0x00000000, 0x00000000, 0x00000000, 0x00000000, 0x00000000,
  0x00000000, 0x00000000, 0x00000000, 0x00000000, 0x00000000, 0x00000000, 0x00000000, 0x00000000,
  0x00000000, 0x00000000, 0x00000000, 0x00000000, 0x04BFBFBF, 0x00000000, 0x00FFFFFF, 0xFF7B7B7B,
  0xF8000000, 0xFF060606, 0xFC000000, 0xFF262626, 0xBCD0D0D0, 0x00000000, 0x06D4D4D4, 0x00000000,
  0x00000000, 0x00000000, 0x00000000, 0x00000000, 0x00000000, 0x00000000, 0x00000000, 0x00000000,
  0x00000000, 0x00000000, 0x00000000, 0x00000000, 0x00000000, 0x00000000, 0x00000000, 0x00000000,
  0x00000000, 0x00000000, 0x00000000, 0x00000000, 0x00000000, 0x00FFFFFF, 0x00000000, 0x00FFFFFF,
  0x6CF7F7F7, 0x68353535, 0x6B020202, 0x6B020202, 0x68333333, 0x6BD4D4D4, 0x00FFFFFF, 0x00000000,
  0x00FFFFFF, 0x00000000, 0x00000000, 0x00000000, 0x00000000, 0x00000000, 0x06D4D4D4, 0x00000000,
  0x000F0F0F, 0x00FFFFFF, 0x698F8F8F, 0x6B4C4C4C, 0x6B0B0B0B, 0x6B000000, 0x6B020202, 0x6B282828,
  0x68696969, 0x6BF0F0F0, 0x00FFFFFF, 0x00000000, 0x067F7F7F, 0x00000000, 0x00000000, 0x00000000,
  0x00000000, 0x00000000, 0x00000000, 0x00000000, 0x00000000, 0x00000000, 0x00000000, 0x00000000,
  0x00000000, 0x00FFFFFF, 0x01000000, 0x00000000, 0x00FFFFFF, 0x6BE4E4E4, 0x68555555, 0x6B282828,
  0x6B020202, 0x6B000000, 0x6B0E0E0E, 0x6B494949, 0x6BB0B0B0, 0x00FFFFFF, 0x00000000, 0x00000000,
  0x00FFFFFF, 0x00000000, 0x00000000, 0x00000000, 0x00000000, 0x00000000, 0x00000000, 0x00000000,
  0x00000000, 0x00000000, 0x00000000, 0x00000000, 0x00000000, 0x00000000, 0x00000000, 0x00000000,
  0x00000000, 0x00000000, 0x00000000, 0x00000000, 0x00000000, 0x00000000, 0x00000000, 0x00000000,
  0x00000000, 0x00000000, 0x00000000, 0x01000000, 0x00000000, 0x12717171, 0xFF3B3B3B, 0xFE000000,
  0xFF040404, 0xFD000000, 0xFF737373, 0x1AD7D7D7, 0x00000000, 0x01000000, 0x00000000, 0x00000000,
  0x00000000, 0x00000000, 0x00000000, 0x00000000, 0x00000000, 0x00000000, 0x00000000, 0x027F7F7F,
  0x00000000, 0x00FFFFFF, 0xFF949494, 0xFA000000, 0xFF060606, 0xFE000000, 0xFF0C0C0C, 0xDDC1C1C1,
  0x00000000, 0x03AAAAAA, 0x00000000, 0x00000000, 0x00000000, 0x00000000, 0x00000000, 0x00000000,
  0x07919191, 0x00000000, 0xC7747474, 0xFF141414, 0xFD000000, 0xFF050505, 0xF9010101, 0xFD777777,
  0x3FEAEAEA, 0x00000000, 0x03AAAAAA, 0x00000000, 0x00000000, 0x00000000, 0x00000000, 0x00000000,
  0xFF707070, 0xFF000000, 0xFF010101, 0xFF040404, 0xFD000000, 0xFF848484, 0x00FFFFFF, 0x027F7F7F,
  0x00FFFFFF, 0x00000000, 0x00000000, 0x00000000, 0x00000000, 0x00000000, 0x00000000, 0x00000000,
  0x00000000, 0x00000000, 0x00000000, 0x00000000, 0x089F9F9F, 0x00000000, 0x7AD1D1D1, 0xFF545454,
  0xF8000000, 0xFF070707, 0xFC020202, 0xFB131313, 0xBF727272, 0x00FFFFFF, 0x043F3F3F, 0x00FFFFFF,
  0x00000000, 0x00000000, 0x07B6B6B6, 0x00000000, 0xABDCDCDC, 0xFF363636, 0xFB000000, 0xF8030303,
  0xFF060606, 0x5D000000, 0x86B8B8B8, 0xFF2E2E2E, 0xF9000000, 0xFF080808, 0xF7000000, 0xFF5B5B5B,
  0x6CD2D2D2, 0x00000000, 0x07919191, 0x00000000, 0x00000000, 0x00000000, 0x00000000, 0x00000000,
  0x02000000, 0x00000000, 0x2A676767, 0xFF373737, 0xFB000000, 0xFF030303, 0xFF000000, 0xFF787878,
  0xFF3E3E3E, 0xFF000000, 0xFF020202, 0xFB000000, 0xFF363636, 0x2A676767, 0x00000000, 0x02000000,
  0x00000000, 0x00000000, 0x00000000, 0x00000000, 0x00000000, 0x03AAAAAA, 0x04000000, 0x00FFFFFF,
  0xC33E3E3E, 0xFC020202, 0xFC040404, 0xFA000000, 0xFF2C2C2C, 0x9D979797, 0x00000000, 0x07919191,
  0x00000000, 0x00000000, 0x00000000, 0x00000000, 0x00000000, 0x00000000, 0x00000000, 0x00000000,
  0x00000000, 0x00000000, 0x00000000, 0x00000000, 0x00000000, 0x00000000, 0x00000000, 0x00000000,
  0x00000000, 0x00000000, 0x00000000, 0x00000000, 0x04BFBFBF, 0x00000000, 0x00FFFFFF, 0xFF7B7B7B,
  0xF8000000, 0xFF060606, 0xFC000000, 0xFF282828, 0xBCD3D3D3, 0x00000000, 0x06D4D4D4, 0x00000000,
  0x00000000, 0x00000000, 0x00000000, 0x00000000, 0x00000000, 0x00000000, 0x00000000, 0x00000000,
  0x00000000, 0x00000000, 0x00000000, 0x00000000, 0x00000000, 0x027F7F7F, 0x00000000, 0x25F1F1F1,
  0x948B8B8B, 0x90000000, 0x93000000, 0x94292929, 0x8DEBEBEB, 0x02000000, 0x00FFFFFF, 0xD6B9B9B9,
  0xFF696969, 0xFF1A1A1A, 0xFF010101, 0xFF020202, 0xFF151515, 0xFF5F5F5F, 0x74707070, 0x00000000,
  0x06555555, 0x00000000, 0x00000000, 0x00000000, 0x00000000, 0x027F7F7F, 0x00000000, 0x00FFFFFF,
  0xAD7A7A7A, 0xFF787878, 0xFF3C3C3C, 0xFF212121, 0xFF060606, 0xFF010101, 0xFF020202, 0xFF121212,
  0xFF2E2E2E, 0xFF656565, 0xB9565656, 0x93D1D1D1, 0x00000000, 0x027F7F7F, 0x00000000, 0x00000000,
  0x00000000, 0x00000000, 0x00000000, 0x00000000, 0x00000000, 0x00000000, 0x00000000, 0x00000000,
  0x00FFFFFF, 0x00000000, 0x00FFFFFF, 0x94CECECE, 0xDA585858, 0xFF606060, 0xFF252525, 0xFF121212,
  0xFF000000, 0xFF000000, 0xFF090909, 0xFF212121, 0xFF4A4A4A, 0xFF6D6D6D, 0x94A8A8A8, 0x00FFFFFF,
  0x00000000, 0x06D4D4D4, 0x00000000, 0x00000000, 0x00000000, 0x00000000, 0x00000000, 0x00000000,
  0x00000000, 0x00000000, 0x00000000, 0x00000000, 0x00000000, 0x00000000, 0x00000000, 0x00000000,
  0x00000000, 0x00000000, 0x00000000, 0x00000000, 0x00000000, 0x00000000, 0x00000000, 0x00000000,
  0x00000000, 0x00000000, 0x00000000, 0x01000000, 0x00000000, 0x12717171, 0xFF3A3A3A, 0xFE000000,
  0xFF050505, 0xFD000000, 0xFF717171, 0x1AD7D7D7, 0x00000000, 0x01000000, 0x00000000, 0x00000000,
  0x00000000, 0x00000000, 0x00000000, 0x00000000, 0x00000000, 0x00000000, 0x00000000, 0x027F7F7F,
  0x00000000, 0x00FFFFFF, 0xFF949494, 0xFA000000, 0xFF050505, 0xFE000000, 0xFF0F0F0F, 0xDDBFBFBF,
  0x00000000, 0x03AAAAAA, 0x00000000, 0x00000000, 0x00000000, 0x00000000, 0x00000000, 0x00000000,
  0x05CCCCCC, 0x00FFFFFF, 0xCDBDBDBD, 0xFF191919, 0xFD000000, 0xFF060606, 0xF9000000, 0xFF616161,
  0x40B7B7B7, 0x00000000, 0x03AAAAAA, 0x00000000, 0x00000000, 0x00FFFFFF, 0x00000000, 0x7CDCDCDC,
  0xF4090909, 0xFE010101, 0xFF030303, 0xFC040404, 0xFC272727, 0x8AC2C2C2, 0x00FFFFFF, 0x00FFFFFF,
  0x00010101, 0x00000000, 0x00000000, 0x00000000, 0x00000000, 0x00000000, 0x00000000, 0x00000000,
  0x00000000, 0x00000000, 0x00000000, 0x00000000, 0x00FFFFFF, 0x067F7F7F, 0x00FFFFFF, 0xC6717171,
  0xFC101010, 0xFC020202, 0xFF050505, 0xF7000000, 0xFF717171, 0x00FFFFFF, 0x00000000, 0x06AAAAAA,
  0x00000000, 0x00000000, 0x07B6B6B6, 0x00000000, 0xABD9D9D9, 0xFF343434, 0xFB000000, 0xF9020202,
  0xFF040404, 0x84050505, 0x00FFFFFF, 0xDD3E3E3E, 0xFD060606, 0xFD040404, 0xFC050505, 0xF80C0C0C,
  0xC07C7C7C, 0x00FFFFFF, 0x03555555, 0x00FFFFFF, 0x00000000, 0x00000000, 0x00000000, 0x00000000,
  0x02000000, 0x00000000, 0x2A676767, 0xFF373737, 0xFB000000, 0xFF030303, 0xFF000000, 0xFF787878,
  0xFF3E3E3E, 0xFF000000, 0xFF040404, 0xFB000000, 0xFF363636, 0x2A616161, 0x00000000, 0x02000000,
  0x00000000, 0x00000000, 0x00000000, 0x00000000, 0x00000000, 0x00000000, 0x08000000, 0x00000000,
  0x87000000, 0xFF020202, 0xF9000000, 0xFA000000, 0xFF2F2F2F, 0x9CA6A6A6, 0x00000000, 0x07919191,
  0x00000000, 0x00000000, 0x00000000, 0x00000000, 0x00000000, 0x00000000, 0x00000000, 0x00000000,
  0x00000000, 0x00000000, 0x00000000, 0x00000000, 0x00000000, 0x00000000, 0x00000000, 0x00000000,
  0x00000000, 0x00000000, 0x00000000, 0x00000000, 0x04BFBFBF, 0x00000000, 0x00FFFFFF, 0xFF7B7B7B,
  0xF8000000, 0xFF060606, 0xFC000000, 0xFF282828, 0xBCD3D3D3, 0x00000000, 0x06D4D4D4, 0x00000000,
  0x00000000, 0x00000000, 0x00000000, 0x00000000, 0x00000000, 0x00000000, 0x00000000, 0x00000000,
  0x00000000, 0x00000000, 0x00000000, 0x00000000, 0x00000000, 0x03AAAAAA, 0x00000000, 0x46C8C8C8,
  0xFF767676, 0xFF000000, 0xFF040404, 0xFF111111, 0xF5C0C0C0, 0x00FFFFFF, 0xDBB9B9B9, 0xFF222222,
  0xF6000000, 0xF8000000, 0xF7000000, 0xF7000000, 0xF1000000, 0xF8000000, 0x66000000, 0x00000000,
  0x05000000, 0x00000000, 0x00000000, 0x00000000, 0x03AAAAAA, 0x00000000, 0x98CACACA, 0xFF696969,
  0xFF181818, 0xF8000000, 0xF8000000, 0xF7000000, 0xFA000000, 0xFB010101, 0xFA000000, 0xF7000000,
  0xF8000000, 0xF8000000, 0xFF080808, 0xFF444444, 0xAA828282, 0x00000000, 0x01000000, 0x00000000,
  0x00000000, 0x00000000, 0x00000000, 0x00000000, 0x00000000, 0x00000000, 0x00000000, 0x027F7F7F,
  0x00000000, 0x00FFFFFF, 0xD2838383, 0xFF3F3F3F, 0xFF000000, 0xF8000000, 0xF8000000, 0xF7000000,
  0xFB010101, 0xF9000000, 0xF7000000, 0xF7000000, 0xF8000000, 0xF8000000, 0xFF333333, 0xFB797979,
  0x61D7D7D7, 0x00000000, 0x05666666, 0x00000000, 0x00000000, 0x00000000, 0x00000000, 0x00000000,
  0x00000000, 0x00000000, 0x00000000, 0x00000000, 0x00000000, 0x00000000, 0x00000000, 0x00000000,
  0x00000000, 0x00000000, 0x00000000, 0x00000000, 0x00000000, 0x00000000, 0x00000000, 0x00000000,
  0x00000000, 0x00000000, 0x00000000, 0x01000000, 0x00000000, 0x127F7F7F, 0xFF3B3B3B, 0xFE000000,
  0xFF050505, 0xFD000000, 0xFF707070, 0x1AD7D7D7, 0x00000000, 0x01000000, 0x00000000, 0x00000000,
  0x00000000, 0x00000000, 0x00000000, 0x00000000, 0x00000000, 0x00000000, 0x00000000, 0x027F7F7F,
  0x00000000, 0x00FFFFFF, 0xFF949494, 0xFA000000, 0xFF050505, 0xFE000000, 0xFF0F0F0F, 0xDDC4C4C4,
  0x00000000, 0x03AAAAAA, 0x00000000, 0x00000000, 0x00000000, 0x00000000, 0x00000000, 0x00000000,
  0x05CCCCCC, 0x00FFFFFF, 0xCCCECECE, 0xFF1A1A1A, 0xFD000000, 0xFF050505, 0xF9000000, 0xFE5D5D5D,
  0x40B3B3B3, 0x00000000, 0x03AAAAAA, 0x00000000, 0x00000000, 0x04BFBFBF, 0x00FFFFFF, 0xE8A8A8A8,
  0xFF131313, 0xFD000000, 0xFF060606, 0xF9000000, 0xFF848484, 0x27DEDEDE, 0x00000000, 0x00FFFFFF,
  0x00000000, 0x00000000, 0x00000000, 0x00000000, 0x00000000, 0x00000000, 0x00000000, 0x00000000,
  0x00000000, 0x00000000, 0x00000000, 0x00000000, 0x00000000, 0x089F9F9F, 0x00000000, 0xA1B9B9B9,
  0xFF373737, 0xF9000000, 0xFF050505, 0xF8010101, 0xFC3D3D3D, 0x6A909090, 0x01000000, 0x05666666,
  0x00000000, 0x00000000, 0x07B6B6B6, 0x00000000, 0xABD8D8D8, 0xFF333333, 0xFB000000, 0xF9020202,
  0xFF000000, 0x91080808, 0x00000000, 0xCFB7B7B7, 0xFF1A1A1A, 0xFC000000, 0xFF040404, 0xF7000000,
  0xFF515151, 0x47969696, 0x00000000, 0x03AAAAAA, 0x00000000, 0x00000000, 0x00000000, 0x00000000,
  0x02000000, 0x00000000, 0x2A676767, 0xFF373737, 0xFB000000, 0xFF030303, 0xFF000000, 0xFF787878,
  0xFF3E3E3E, 0xFF000000, 0xFF050505, 0xFB000000, 0xFF383838, 0x2A676767, 0x00000000, 0x02000000,
  0x00000000, 0x00000000, 0x00000000, 0x00000000, 0x00000000, 0x05CCCCCC, 0x027F7F7F, 0x66F5F5F5,
  0xF4606060, 0xF9000000, 0xFF080808, 0xFA000000, 0xFF3F3F3F, 0xA3E1E1E1, 0x00000000, 0x07B6B6B6,
  0x00000000, 0x00000000, 0x00000000, 0x00000000, 0x00000000, 0x00000000, 0x00000000, 0x00000000,
  0x00000000, 0x00000000, 0x00000000, 0x00000000, 0x00000000, 0x00000000, 0x00000000, 0x00000000,
  0x00000000, 0x00000000, 0x00000000, 0x00000000, 0x04BFBFBF, 0x00000000, 0x00FFFFFF, 0xFF7B7B7B,
  0xF8000000, 0xFF060606, 0xFC000000, 0xFF272727, 0xBCD2D2D2, 0x00000000, 0x06D4D4D4, 0x00000000,
  0x00000000, 0x00000000, 0x00000000, 0x00000000, 0x00000000, 0x00000000, 0x00000000, 0x00000000,
  0x00000000, 0x00000000, 0x00000000, 0x00000000, 0x00000000, 0x03AAAAAA, 0x00000000, 0x3FB6B6B6,
  0xFA5C5C5C, 0xF4000000, 0xFA050505, 0xFA000000, 0xF4C2C2C2, 0xE7BCBCBC, 0xFF171717, 0xFC000000,
  0xFE000000, 0xFF030303, 0xFF080808, 0xFF060606, 0xFE000000, 0xFC000000, 0x68000000, 0x00000000,
  0x05000000, 0x00000000, 0x00000000, 0x02000000, 0x00000000, 0x9AB7B7B7, 0xFF414141, 0xF8000000,
  0xFB000000, 0xFE040404, 0xFF000000, 0xFF0D0D0D, 0xFD030303, 0xFA010101, 0xFC030303, 0xFF0C0C0C,
  0xFF000000, 0xFE000000, 0xFB030303, 0xF7000000, 0xFF222222, 0xAE707070, 0x00010101, 0x01000000,
  0x00000000, 0x00000000, 0x00000000, 0x00000000, 0x00000000, 0x00000000, 0x00FFFFFF, 0x00000000,
  0x00FFFFFF, 0xE25E5E5E, 0xFF101010, 0xF9000000, 0xFC020202, 0xFC000000, 0xFF070707, 0xFF0D0D0D,
  0xFA000000, 0xFF060606, 0xFF0F0F0F, 0xFF090909, 0xFE000000, 0xFF060606, 0xF9000000, 0xFA020202,
  0xF9686868, 0x5ADDDDDD, 0x00FFFFFF, 0x05999999, 0x00000000, 0x00000000, 0x00000000, 0x00000000,
  0x00000000, 0x00000000, 0x00000000, 0x00000000, 0x00000000, 0x00000000, 0x00000000, 0x00000000,
  0x00000000, 0x00000000, 0x00000000, 0x00000000, 0x00000000, 0x00000000, 0x00000000, 0x00000000,
  0x00000000, 0x00000000, 0x00000000, 0x01000000, 0x00000000, 0x127F7F7F, 0xFF3B3B3B, 0xFE000000,
  0xFF040404, 0xFD000000, 0xFF707070, 0x1AD7D7D7, 0x00000000, 0x01000000, 0x00000000, 0x00000000,
  0x00000000, 0x00000000, 0x00000000, 0x00000000, 0x00000000, 0x00000000, 0x00000000, 0x027F7F7F,
  0x00000000, 0x00FFFFFF, 0xFF949494, 0xFA000000, 0xFF060606, 0xFE000000, 0xFF0D0D0D, 0xDDBEBEBE,
  0x00000000, 0x03AAAAAA, 0x00000000, 0x00000000, 0x00000000, 0x00000000, 0x00000000, 0x00000000,
  0x05CCCCCC, 0x00000000, 0xCABCBCBC, 0xFF191919, 0xFD000000, 0xFF060606, 0xF9000000, 0xFF888888,
  0x00FFFFFF, 0x00000000, 0x03AAAAAA, 0x00000000, 0x00000000, 0x043F3F3F, 0x00000000, 0xCF434343,
  0xFF080808, 0xFD010101, 0xF9020202, 0xFE080808, 0x70363636, 0x00FFFFFF, 0x043F3F3F, 0x00000000,
  0x00000000, 0x00000000, 0x00000000, 0x00000000, 0x00000000, 0x00000000, 0x00000000, 0x00000000,
  0x00000000, 0x00000000, 0x00000000, 0x00000000, 0x00000000, 0x00FFFFFF, 0x085F5F5F, 0x17E8E8E8,
  0xCD090909, 0xFE000000, 0xFC030303, 0xF8000000, 0xFF1B1B1B, 0x67363636, 0x00000000, 0x05333333,
  0x00000000, 0x00000000, 0x07B6B6B6, 0x00000000, 0xABD9D9D9, 0xFF343434, 0xFB000000, 0xF9020202,
  0xFF000000, 0x88010101, 0x00FFFFFF, 0x00FFFFFF, 0xEF656565, 0xFF030303, 0xFE000000, 0xFE060606,
  0xF9000000, 0xE6797979, 0x26F8F8F8, 0x00FFFFFF, 0x027F7F7F, 0x00000000, 0x00000000, 0x00000000,
  0x02000000, 0x00000000, 0x2A676767, 0xFF373737, 0xFB000000, 0xFF030303, 0xFF000000, 0xFF787878,
  0xFF3E3E3E, 0xFF000000, 0xFF020202, 0xFB000000, 0xFF373737, 0x2A676767, 0x00000000, 0x02000000,
  0x00000000, 0x00000000, 0x00000000, 0x00000000, 0x00000000, 0x0CAAAAAA, 0x00000000, 0x6BA4A4A4,
  0xFF4B4B4B, 0xF7000000, 0xFF060606, 0xFA030303, 0xF3484848, 0x00FFFFFF, 0x01000000, 0x06D4D4D4,
  0x00000000, 0x00000000, 0x00000000, 0x00000000, 0x00000000, 0x00000000, 0x00000000, 0x00000000,
  0x00000000, 0x00000000, 0x00000000, 0x00000000, 0x00000000, 0x00000000, 0x00000000, 0x00000000,
  0x00000000, 0x00000000, 0x00000000, 0x00000000, 0x04BFBFBF, 0x00000000, 0x00FFFFFF, 0xFF7B7B7B,
  0xF8000000, 0xFF060606, 0xFC000000, 0xFF272727, 0xBCD0D0D0, 0x00000000, 0x06D4D4D4, 0x00000000,
  0x00000000, 0x00000000, 0x00000000, 0x00000000, 0x00000000, 0x00000000, 0x00000000, 0x00000000,
  0x00000000, 0x00000000, 0x00000000, 0x00000000, 0x00000000, 0x03AAAAAA, 0x00000000, 0x40B7B7B7,
  0xFF5F5F5F, 0xF9000000, 0xFF050505, 0xFF030303, 0xFFA9A9A9, 0xFF2A2A2A, 0xFE000000, 0xFC000000,
  0xFF191919, 0xE9595959, 0xDE8C8C8C, 0xDE727272, 0xE5252525, 0xFF3E3E3E, 0x6F4B4B4B, 0x00000000,
  0x05666666, 0x00FFFFFF, 0x07B6B6B6, 0x00FFFFFF, 0x94BFBFBF, 0xFF454545, 0xF9000000, 0xFF040404,
  0xFD000000, 0xFF0B0B0B, 0xF34B4B4B, 0xDEBDBDBD, 0x38BFBFBF, 0x05000000, 0x27BDBDBD, 0xDEC4C4C4,
  0xF0595959, 0xFF111111, 0xFC000000, 0xFF060606, 0xF9000000, 0xFF292929, 0xAA949494, 0x00FFFFFF,
  0x08BFBFBF, 0x00FFFFFF, 0x00000000, 0x00000000, 0x00000000, 0x00FFFFFF, 0x00000000, 0x00FFFFFF,
  0xE35F5F5F, 0xFF080808, 0xFC000000, 0xFF010101, 0xFF060606, 0xFF393939, 0xE5909090, 0xCECDCDCD,
  0x05000000, 0x53E6E6E6, 0xDFE9E9E9, 0xD8838383, 0xFF2F2F2F, 0xFC000000, 0xFF030303, 0xFE040404,
  0xFB000000, 0xFF7C7C7C, 0x32EFEFEF, 0x00000000, 0x03AAAAAA, 0x00000000, 0x00000000, 0x00000000,
  0x00000000, 0x00000000, 0x00000000, 0x00000000, 0x00000000, 0x00000000, 0x00000000, 0x00000000,
  0x00000000, 0x00000000, 0x00000000, 0x00000000, 0x00000000, 0x00000000, 0x00000000, 0x00000000,
  0x00000000, 0x00000000, 0x00000000, 0x01000000, 0x00000000, 0x127F7F7F, 0xFF3B3B3B, 0xFE000000,
  0xFF040404, 0xFD000000, 0xFF707070, 0x1AD7D7D7, 0x00000000, 0x01000000, 0x00000000, 0x00000000,
  0x00000000, 0x00000000, 0x00000000, 0x00000000, 0x00000000, 0x00000000, 0x00000000, 0x027F7F7F,
  0x00000000, 0x00FFFFFF, 0xFF949494, 0xFA000000, 0xFF050505, 0xFE000000, 0xFF0F0F0F, 0xDDBFBFBF,
  0x00000000, 0x03AAAAAA, 0x00000000, 0x00000000, 0x00000000, 0x00000000, 0x00000000, 0x00FFFFFF,
  0x0A999999, 0x00FFFFFF, 0xD36B6B6B, 0xFF0C0C0C, 0xFD000000, 0xFE070707, 0xF7000000, 0xE98F8F8F,
  0x00FFFFFF, 0x01000000, 0x03AAAAAA, 0x00000000, 0x00FFFFFF, 0x03000000, 0x17D2D2D2, 0xDA080808,
  0xFE010101, 0xFD020202, 0xF8000000, 0xFF373737, 0x556C6C6C, 0x00000000, 0x047F7F7F, 0x00000000,
  0x00000000, 0x00000000, 0x00000000, 0x00000000, 0x00000000, 0x00000000, 0x00000000, 0x00000000,
  0x00000000, 0x00000000, 0x00000000, 0x00000000, 0x00000000, 0x00000000, 0x06555555, 0x00000000,
  0xC44F4F4F, 0xFF0C0C0C, 0xFC000000, 0xF9020202, 0xFE010101, 0x7F222222, 0x00FFFFFF, 0x04000000,
  0x00000000, 0x00000000, 0x07B6B6B6, 0x00000000, 0xABD9D9D9, 0xFF343434, 0xFB000000, 0xF9020202,
  0xFF000000, 0x88000000, 0x00020202, 0x00000000, 0xC6DADADA, 0xFA181818, 0xFE030303, 0xFF020202,
  0xFF000000, 0xFF151515, 0xFCC8C8C8, 0x00020202, 0x00000000, 0x00000000, 0x00000000, 0x00000000,
  0x02000000, 0x00000000, 0x2A676767, 0xFF373737, 0xFB000000, 0xFF030303, 0xFF000000, 0xFF787878,
  0xFF3E3E3E, 0xFF000000, 0xFF040404, 0xFB000000, 0xFF363636, 0x306F6F6F, 0x07B6B6B6, 0x098D8D8D,
  0x07B6B6B6, 0x07B6B6B6, 0x07B6B6B6, 0x07B6B6B6, 0x07484848, 0x00000000, 0x00FFFFFF, 0x954D4D4D,
  0xFC0B0B0B, 0xFA020202, 0xFB020202, 0xFC0F0F0F, 0xD0969696, 0x00000000, 0x076D6D6D, 0x00000000,
  0x00000000, 0x00000000, 0x00000000, 0x00000000, 0x00000000, 0x00000000, 0x00000000, 0x00000000,
  0x00000000, 0x00000000, 0x00000000, 0x00000000, 0x00000000, 0x00000000, 0x00000000, 0x00000000,
  0x00000000, 0x00000000, 0x00000000, 0x00000000, 0x04BFBFBF, 0x00000000, 0x00FFFFFF, 0xFF7B7B7B,
  0xF8000000, 0xFF060606, 0xFC000000, 0xFF292929, 0xBED1D1D1, 0x07919191, 0x0DB0B0B0, 0x07919191,
  0x07919191, 0x07919191, 0x07919191, 0x07919191, 0x07919191, 0x07919191, 0x07919191, 0x07919191,
  0x067F7F7F, 0x00000000, 0x00000000, 0x00000000, 0x00000000, 0x03AAAAAA, 0x00000000, 0x40B7B7B7,
  0xFF616161, 0xF9000000, 0xFF030303, 0xFF010101, 0xFF272727, 0xFF000000, 0xFA000000, 0xFF2C2C2C,
  0xDCCACACA, 0x00FFFFFF, 0x00000000, 0x00000000, 0x00FFFFFF, 0x00FFFFFF, 0x48E9E9E9, 0x00000000,
  0x00FFFFFF, 0x06AAAAAA, 0x00000000, 0x59E8E8E8, 0xFF7A7A7A, 0xF7000000, 0xFF050505, 0xFD010101,
  0xF9111111, 0xF8ABABAB, 0x00FFFFFF, 0x00000000, 0x00030303, 0x00000000, 0x00020202, 0x00000000,
  0x00FFFFFF, 0xF0BFBFBF, 0xFB1C1C1C, 0xFC000000, 0xFF050505, 0xF8000000, 0xFF616161, 0x75EBEBEB,
  0x00000000, 0x07B6B6B6, 0x00000000, 0x00000000, 0x00FFFFFF, 0x05999999, 0x00FFFFFF, 0xDDAEAEAE,
  0xFF151515, 0xFC000000, 0xFD040404, 0xFC060606, 0xD3303030, 0xBCEDEDED, 0x00FFFFFF, 0x00000000,
  0x00010101, 0x00000000, 0x00000000, 0x00000000, 0x93EDEDED, 0xFF626262, 0xFD000000, 0xFF010101,
  0xFA000000, 0xFF0B0B0B, 0x736A6A6A, 0x00FFFFFF, 0x02000000, 0x00000000, 0x00000000, 0x00000000,
  0x00000000, 0x00000000, 0x00000000, 0x00000000, 0x00000000, 0x00000000, 0x00000000, 0x00000000,
  0x00000000, 0x00000000, 0x00000000, 0x00000000, 0x00000000, 0x00000000, 0x00000000, 0x00000000,
  0x00000000, 0x00000000, 0x00000000, 0x01000000, 0x00000000, 0x127F7F7F, 0xFF3B3B3B, 0xFE000000,
  0xFF040404, 0xFD000000, 0xFF707070, 0x1AD7D7D7, 0x00000000, 0x01000000, 0x00000000, 0x00000000,
  0x00000000, 0x00000000, 0x00000000, 0x00000000, 0x00000000, 0x00000000, 0x00000000, 0x027F7F7F,
  0x00000000, 0x00FFFFFF, 0xFF949494, 0xFA000000, 0xFF050505, 0xFE000000, 0xFF0E0E0E, 0xDDC0C0C0,
  0x00000000, 0x03AAAAAA, 0x00000000, 0x00000000, 0x00000000, 0x06D4D4D4, 0x07B6B6B6, 0x04000000,
  0x00000000, 0xAAEBEBEB, 0xFF424242, 0xFA000000, 0xFF040404, 0xF7000000, 0xFF383838, 0x66646464,
  0x00000000, 0x06555555, 0x00000000, 0x00000000, 0x07B6B6B6, 0x00000000, 0xBCD4D4D4, 0xFF313131,
  0xFB000000, 0xFF060606, 0xF8000000, 0xFF5A5A5A, 0x5CBFBFBF, 0x00000000, 0x047F7F7F, 0x00000000,
  0x00000000, 0x00000000, 0x00000000, 0x00000000, 0x00000000, 0x00000000, 0x00000000, 0x00000000,
  0x00000000, 0x00000000, 0x00000000, 0x00000000, 0x00000000, 0x00000000, 0x067F7F7F, 0x00FFFFFF,
  0xC6888888, 0xFF151515, 0xFC000000, 0xFF060606, 0xF9000000, 0xFF8E8E8E, 0x00FFFFFF, 0x00000000,
  0x03AAAAAA, 0x00000000, 0x07B6B6B6, 0x00000000, 0xABD9D9D9, 0xFF343434, 0xFB000000, 0xF9020202,
  0xFF000000, 0x88000000, 0x00000000, 0x05333333, 0x00020202, 0xFFA1A1A1, 0xFA000000, 0xFF040404,
  0xFF010101, 0xFE000000, 0xFF5C5C5C, 0x00FFFFFF, 0x00FFFFFF, 0x00000000, 0x00000000, 0x00000000,
  0x02000000, 0x00000000, 0x2A676767, 0xFF373737, 0xFB000000, 0xFF030303, 0xFF000000, 0xFF787878,
  0xFF3E3E3E, 0xFF000000, 0xFF030303, 0xFB000000, 0xFF3C3C3C, 0x14000000, 0x00000000, 0x00000000,
  0x00000000, 0x00000000, 0x00000000, 0x00000000, 0x00000000, 0x00FFFFFF, 0x9D7D7D7D, 0xFF3F3F3F,
  0xFA000000, 0xFF080808, 0xF8000000, 0xFF535353, 0x71EAEAEA, 0x03AAAAAA, 0x00FFFFFF, 0x00000000,
  0x00000000, 0x00000000, 0x00000000, 0x00000000, 0x00000000, 0x00000000, 0x00000000, 0x00000000,
  0x00000000, 0x00000000, 0x00000000, 0x00000000, 0x00000000, 0x00000000, 0x00000000, 0x00000000,
  0x00000000, 0x00000000, 0x00000000, 0x00000000, 0x04BFBFBF, 0x00000000, 0x00FFFFFF, 0xFF7B7B7B,
  0xF8000000, 0xFF060606, 0xFC000000, 0xFF292929, 0xB5DDDDDD, 0x00000000, 0x00000000, 0x00000000,
  0x00000000, 0x00000000, 0x00000000, 0x00000000, 0x00000000, 0x00000000, 0x00000000, 0x00000000,
  0x00000000, 0x00FFFFFF, 0x00000000, 0x00000000, 0x00000000, 0x03AAAAAA, 0x00000000, 0x40B7B7B7,
  0xFF5E5E5E, 0xF9000000, 0xFF050505, 0xFF010101, 0xFF000000, 0xFB000000, 0xFF222222, 0xD8C2C2C2,
  0x00FFFFFF, 0x00000000, 0x06AAAAAA, 0x03555555, 0x00000000, 0x00000000, 0x00000000, 0x00000000,
  0x00FFFFFF, 0x03555555, 0x00FFFFFF, 0xA3848484, 0xFB141414, 0xFB030303, 0xFE020202, 0xFE080808,
  0xFFA1A1A1, 0x00FFFFFF, 0x00000000, 0x08BFBFBF, 0x00000000, 0x00000000, 0x00000000, 0x08BFBFBF,
  0x00000000, 0x00FFFFFF, 0xF5ACACAC, 0xFF131313, 0xFD010101, 0xFC040404, 0xFB181818, 0xB0888888,
  0x00FFFFFF, 0x03555555, 0x00FFFFFF, 0x00000000, 0x07DADADA, 0x00FFFFFF, 0xAEF4F4F4, 0xFF4D4D4D,
  0xF9000000, 0xFF050505, 0xF5000000, 0xFF616161, 0x6FDCDCDC, 0x00000000, 0x062A2A2A, 0x03AAAAAA,
  0x00000000, 0x00FFFFFF, 0x00FFFFFF, 0x047F7F7F, 0x00000000, 0x8CDEDEDE, 0xFA303030, 0xFE010101,
  0xFF050505, 0xFB000000, 0xFF6D6D6D, 0x0C555555, 0x00000000, 0x00FFFFFF, 0x00000000, 0x00000000,
  0x00000000, 0x00000000, 0x00000000, 0x00000000, 0x00000000, 0x00000000, 0x00000000, 0x00000000,
  0x00000000, 0x00000000, 0x00000000, 0x00000000, 0x00000000, 0x00000000, 0x00000000, 0x00000000,
  0x00000000, 0x00000000, 0x00000000, 0x01000000, 0x00000000, 0x127F7F7F, 0xFF3B3B3B, 0xFE000000,
  0xFF040404, 0xFD000000, 0xFF707070, 0x1AD7D7D7, 0x00000000, 0x01000000, 0x00000000, 0x00000000,
  0x00000000, 0x00000000, 0x00000000, 0x00000000, 0x00000000, 0x00000000, 0x00000000, 0x027F7F7F,
  0x00000000, 0x00FFFFFF, 0xFF949494, 0xFA000000, 0xFF050505, 0xFE000000, 0xFF0D0D0D, 0xDEBBBBBB,
  0x06000000, 0x09383838, 0x06000000, 0x06000000, 0x06000000, 0x00000000, 0x00000000, 0x00FFFFFF,
  0x6BE7E7E7, 0xC7252525, 0xFE090909, 0xFD030303, 0xFD060606, 0xF9020202, 0xCB474747, 0x3DE5E5E5,
  0x043F3F3F, 0x03AAAAAA, 0x00000000, 0x00000000, 0x07919191, 0x00000000, 0xB0AFAFAF, 0xFF272727,
  0xFB000000, 0xFF070707, 0xF8000000, 0xFC6E6E6E, 0x59EDEDED, 0x00000000, 0x04BFBFBF, 0x00000000,
  0x00000000, 0x00000000, 0x00000000, 0x00000000, 0x00000000, 0x00000000, 0x00000000, 0x00000000,
  0x00000000, 0x00000000, 0x00000000, 0x00000000, 0x00000000, 0x00000000, 0x067F7F7F, 0x00000000,
  0xC6A7A7A7, 0xFF1C1C1C, 0xFC000000, 0xFF050505, 0xF9000000, 0xFD767676, 0x45F0F0F0, 0x00000000,
  0x00FFFFFF, 0x00000000, 0x07B6B6B6, 0x00000000, 0xABD9D9D9, 0xFF343434, 0xFB000000, 0xF9020202,
  0xFF000000, 0x88000000, 0x00000000, 0x062A2A2A, 0x00FFFFFF, 0xA4E3E3E3, 0xFF474747, 0xFD000000,
  0xFF040404, 0xFE000000, 0xFF050505, 0xFAB8B8B8, 0x00000000, 0x027F7F7F, 0x00000000, 0x00000000,
  0x02000000, 0x00000000, 0x2A676767, 0xFF373737, 0xFB000000, 0xFF030303, 0xFF000000, 0xFF787878,
  0xFF3E3E3E, 0xFF000000, 0xFF030303, 0xFD000000, 0xFF282828, 0xA6BEBEBE, 0x94EAEAEA, 0x95DEDEDE,
  0x94DEDEDE, 0x94E5E5E5, 0x94E5E5E5, 0x94CBCBCB, 0x998F8F8F, 0xFF7F7F7F, 0xFF242424, 0xFC000000,
  0xFF040404, 0xFE000000, 0xFF4B4B4B, 0x61A8A8A8, 0x00000000, 0x00FFFFFF, 0x00000000, 0x00000000,
  0x00000000, 0x00000000, 0x00000000, 0x00000000, 0x00000000, 0x00000000, 0x00000000, 0x00000000,
  0x00000000, 0x00000000, 0x00000000, 0x00000000, 0x00000000, 0x00000000, 0x00000000, 0x00000000,
  0x00000000, 0x00000000, 0x00000000, 0x00000000, 0x04BFBFBF, 0x00000000, 0x00FFFFFF, 0xFF7B7B7B,
  0xF8000000, 0xFF060606, 0xFE000000, 0xFF181818, 0xE3A1A1A1, 0x94A1A1A1, 0x96A1A1A1, 0x949E9E9E,
  0x949B9B9B, 0x949E9E9E, 0x949E9E9E, 0x949E9E9E, 0x949E9E9E, 0x949E9E9E, 0x939F9F9F, 0x94A8A8A8,
  0x78B2B2B2, 0x00000000, 0x03AAAAAA, 0x00000000, 0x00000000, 0x03AAAAAA, 0x00000000, 0x40BBBBBB,
  0xFF5F5F5F, 0xF9000000, 0xFF050505, 0xFF020202, 0xFC030303, 0xFF181818, 0xDD848484, 0x00FFFFFF,
  0x00000000, 0x00FFFFFF, 0x00000000, 0x00000000, 0x027F7F7F, 0x00FFFFFF, 0x00FFFFFF, 0x00000000,
  0x03AAAAAA, 0x00000000, 0x45DADADA, 0xFF7B7B7B, 0xF8000000, 0xFF070707, 0xFE000000, 0xF23B3B3B,
  0x52EFEFEF, 0x00000000, 0x06D4D4D4, 0x00000000, 0x00000000, 0x00000000, 0x00000000, 0x00000000,
  0x06D4D4D4, 0x00000000, 0x46E9E9E9, 0xEB2B2B2B, 0xFD020202, 0xFF060606, 0xF7000000, 0xFF878787,
  0x00FFFFFF, 0x00000000, 0x00FFFFFF, 0x00000000, 0x07484848, 0x00000000, 0x904C4C4C, 0xFE191919,
  0xFA000000, 0xFC020202, 0xFF282828, 0xD0B1B1B1, 0x00FFFFFF, 0x0BD0D0D0, 0x00FFFFFF, 0x00000000,
  0x00000000, 0x00000000, 0x00000000, 0x00000000, 0x05CCCCCC, 0x00010101, 0xFFC2C2C2, 0xFF000000,
  0xFF050505, 0xFE030303, 0xFA050505, 0x9DBCBCBC, 0x00FFFFFF, 0x00000000, 0x00000000, 0x00000000,
  0x00000000, 0x00000000, 0x00000000, 0x00000000, 0x00000000, 0x00000000, 0x00000000, 0x00000000,
  0x00000000, 0x00000000, 0x00000000, 0x00000000, 0x00000000, 0x00000000, 0x00000000, 0x00000000,
  0x00000000, 0x00000000, 0x00000000, 0x01000000, 0x00000000, 0x127F7F7F, 0xFF3B3B3B, 0xFE000000,
  0xFF040404, 0xFD000000, 0xFF707070, 0x1AD7D7D7, 0x00000000, 0x01000000, 0x00000000, 0x00000000,
  0x00000000, 0x00000000, 0x00000000, 0x00000000, 0x00000000, 0x00000000, 0x00000000, 0x027F7F7F,
  0x00000000, 0x00FFFFFF, 0xFF949494, 0xFA000000, 0xFF050505, 0xFE000000, 0xFF0F0F0F, 0xDAD7D7D7,
  0x00000000, 0x00020202, 0x00000000, 0x00000000, 0x00000000, 0x00FFFFFF, 0x94CECECE, 0xC3737373,
  0xFF616161, 0xFF040404, 0xFF000000, 0xFF060606, 0xF7000000, 0xFF3C3C3C, 0x8DB6B6B6, 0x00000000,
  0x089F9F9F, 0x00000000, 0x00000000, 0x00000000, 0x07919191, 0x00000000, 0xB2979797, 0xFF212121,
  0xFB000000, 0xFF080808, 0xF7000000, 0xFF8B8B8B, 0x00FFFFFF, 0x00000000, 0x00FFFFFF, 0x00000000,
  0x00000000, 0x00000000, 0x00000000, 0x00000000, 0x00000000, 0x00000000, 0x00000000, 0x00000000,
  0x00000000, 0x00000000, 0x00000000, 0x00000000, 0x00000000, 0x00000000, 0x06AAAAAA, 0x00000000,
  0xC6D0D0D0, 0xFF232323, 0xFC000000, 0xFF060606, 0xF9000000, 0xFF5D5D5D, 0x46B9B9B9, 0x00000000,
  0x03AAAAAA, 0x00000000, 0x07B6B6B6, 0x00000000, 0xABD9D9D9, 0xFF343434, 0xFB000000, 0xF9020202,
  0xFF000000, 0x88000000, 0x00000000, 0x081F1F1F, 0x01000000, 0x00000000, 0x91838383, 0xFC080808,
  0xFC040404, 0xFF010101, 0xFE020202, 0xF02C2C2C, 0x75F4F4F4, 0x03AAAAAA, 0x00FFFFFF, 0x00000000,
  0x02000000, 0x00000000, 0x2A676767, 0xFF373737, 0xFB000000, 0xFF030303, 0xFF000000, 0xFF787878,
  0xFF3E3E3E, 0xFF000000, 0xFF010101, 0xFF000000, 0xFF040404, 0xFF3C3C3C, 0xFF494949, 0xFF454545,
  0xFF444444, 0xFF464646, 0xFF474747, 0xFF3E3E3E, 0xFF2B2B2B, 0xF8000000, 0xFA000000, 0xFF020202,
  0xFC040404, 0xFF777777, 0x50ACACAC, 0x00000000, 0x04BFBFBF, 0x00FFFFFF, 0x00000000, 0x00000000,
  0x00000000, 0x00000000, 0x00000000, 0x00000000, 0x00FFFFFF, 0x00FFFFFF, 0x00FFFFFF, 0x00FFFFFF,
  0x00FFFFFF, 0x00FFFFFF, 0x00FFFFFF, 0x00FFFFFF, 0x00FFFFFF, 0x00FFFFFF, 0x00FFFFFF, 0x00FFFFFF,
  0x00FFFFFF, 0x00000000, 0x00000000, 0x00000000, 0x04BFBFBF, 0x00000000, 0x00FFFFFF, 0xFF7B7B7B,
  0xF8000000, 0xFF050505, 0xFF000000, 0xFF030303, 0xFF1D1D1D, 0xFF323232, 0xFF313131, 0xFF303030,
  0xFF313131, 0xFF313131, 0xFF313131, 0xFF313131, 0xFF313131, 0xFF313131, 0xFF313131, 0xFF343434,
  0xFF545454, 0x83E9E9E9, 0x00FFFFFF, 0x05CCCCCC, 0x00000000, 0x03AAAAAA, 0x00000000, 0x40B7B7B7,
  0xFF5F5F5F, 0xF9000000, 0xFF030303, 0xFE010101, 0xFE020202, 0xDC232323, 0x25ACACAC, 0x00000000,
  0x05CCCCCC, 0x00000000, 0x00000000, 0x00000000, 0x00000000, 0x00000000, 0x00000000, 0x00000000,
  0x03000000, 0x00000000, 0x31000000, 0xFB131313, 0xF9010101, 0xFE010101, 0xFF000000, 0xF7B0B0B0,
  0x00000000, 0x06D4D4D4, 0x00000000, 0x00000000, 0x00000000, 0x00000000, 0x00000000, 0x00000000,
  0x00000000, 0x08BFBFBF, 0x00000000, 0xD86E6E6E, 0xFF090909, 0xFE010101, 0xF8010101, 0xFB494949,
  0x52959595, 0x00000000, 0x047F7F7F, 0x00FFFFFF, 0x02000000, 0x00FFFFFF, 0xE5565656, 0xFA010101,
  0xFB020202, 0xFD030303, 0xCE212121, 0x1EDDDDDD, 0x00000000, 0x00FFFFFF, 0x00000000, 0x00000000,
  0x00000000, 0x00000000, 0x00000000, 0x00000000, 0x01000000, 0x00FFFFFF, 0x63AFAFAF, 0xFF262626,
  0xFC010101, 0xFF030303, 0xFF000000, 0xFFB0B0B0, 0x00FFFFFF, 0x00000000, 0x00000000, 0x00000000,
  0x00000000, 0x00000000, 0x00000000, 0x00000000, 0x00000000, 0x00000000, 0x00000000, 0x00000000,
  0x00000000, 0x00000000, 0x00000000, 0x00000000, 0x00000000, 0x00000000, 0x00000000, 0x00000000,
  0x00000000, 0x00000000, 0x00000000, 0x01000000, 0x00000000, 0x127F7F7F, 0xFF3B3B3B, 0xFE000000,
  0xFF040404, 0xFD000000, 0xFF707070, 0x1AD7D7D7, 0x00000000, 0x01000000, 0x00000000, 0x00000000,
  0x00000000, 0x00000000, 0x00000000, 0x00000000, 0x00000000, 0x00000000, 0x00000000, 0x027F7F7F,
  0x00000000, 0x00FFFFFF, 0xFF949494, 0xFA000000, 0xFF070707, 0xFF010101, 0xFF040404, 0xF62E2E2E,
  0xBB010101, 0xBC020202, 0xBB000000, 0xBB000000, 0xBB020202, 0xFF494949, 0xFF404040, 0xFF0B0B0B,
  0xF8000000, 0xFE010101, 0xFF000000, 0xFE000000, 0xFF444444, 0xD0C7C7C7, 0x00FFFFFF, 0x08DFDFDF,
  0x00FFFFFF, 0x00000000, 0x00000000, 0x00000000, 0x076D6D6D, 0x00000000, 0xB28C8C8C, 0xFF202020,
  0xFB000000, 0xFB020202, 0xFD010101, 0xA23A3A3A, 0x00FFFFFF, 0x04000000, 0x00FFFFFF, 0x00000000,
  0x00000000, 0x00000000, 0x00000000, 0x00000000, 0x00000000, 0x00000000, 0x00000000, 0x00000000,
  0x00000000, 0x00000000, 0x00000000, 0x00000000, 0x00000000, 0x00000000, 0x06AAAAAA, 0x00000000,
  0xC6CBCBCB, 0xFF1F1F1F, 0xFC000000, 0xFF050505, 0xF9000000, 0xFF5C5C5C, 0x46B6B6B6, 0x00000000,
  0x03AAAAAA, 0x00000000, 0x07B6B6B6, 0x00000000, 0xABD9D9D9, 0xFF343434, 0xFB000000, 0xF9020202,
  0xFF000000, 0x88000000, 0x00000000, 0x07000000, 0x047F7F7F, 0x027F7F7F, 0x36D4D4D4, 0xFF737373,
  0xF8000000, 0xFF050505, 0xFD000000, 0xFF0E0E0E, 0xD87B7B7B, 0x00000000, 0x06AAAAAA, 0x00000000,
  0x02000000, 0x00000000, 0x2A676767, 0xFF373737, 0xFB000000, 0xFF030303, 0xFF000000, 0xFF787878,
  0xFF3E3E3E, 0xFF000000, 0xFF010101, 0xFF010101, 0xFF010101, 0xF8000000, 0xF7000000, 0xF7000000,
  0xF7000000, 0xF7000000, 0xF7000000, 0xF7000000, 0xFA000000, 0xFF070707, 0xFF040404, 0xFF000000,
  0xFE151515, 0xFF767676, 0xD2D5D5D5, 0x00FFFFFF, 0x00FFFFFF, 0x00000000, 0x00FFFFFF, 0x00000000,
  0x00000000, 0x00000000, 0x00000000, 0x00000000, 0x00000000, 0x00000000, 0x00000000, 0x00000000,
  0x00000000, 0x00000000, 0x00000000, 0x00000000, 0x00000000, 0x00000000, 0x00000000, 0x00000000,
  0x00000000, 0x00000000, 0x00000000, 0x00000000, 0x04BFBFBF, 0x00000000, 0x00FFFFFF, 0xFF7B7B7B,
  0xF8000000, 0xFF050505, 0xFF000000, 0xFF010101, 0xFD000000, 0xF7000000, 0xF7000000, 0xF7000000,
  0xF7000000, 0xF7000000, 0xF7000000, 0xF7000000, 0xF7000000, 0xF7000000, 0xF7000000, 0xF2000000,
  0xFA262626, 0xBBD8D8D8, 0x00000000, 0x07B6B6B6, 0x00000000, 0x03AAAAAA, 0x00000000, 0x40B7B7B7,
  0xFF5F5F5F, 0xF9000000, 0xFF060606, 0xFD000000, 0xFF191919, 0xC5B6B6B6, 0x00000000, 0x08BFBFBF,
  0x00000000, 0x00000000, 0x00000000, 0x00000000, 0x00000000, 0x00000000, 0x00000000, 0x00FFFFFF,
  0x00000000, 0x00FFFFFF, 0xE69F9F9F, 0xFD000000, 0xFE060606, 0xFF000000, 0xFF0E0E0E, 0x309F9F9F,
  0x07919191, 0x03000000, 0x03000000, 0x03000000, 0x03000000, 0x03000000, 0x03000000, 0x03000000,
  0x03000000, 0x076D6D6D, 0x076D6D6D, 0xDCBEBEBE, 0xFF0F0F0F, 0xFE000000, 0xF8000000, 0xFF2E2E2E,
  0x545E5E5E, 0x00000000, 0x043F3F3F, 0x06AAAAAA, 0x00000000, 0x7FBCBCBC, 0xFF525252, 0xF8000000,
  0xFC010101, 0xFF111111, 0xB8505050, 0x00000000, 0x0C555555, 0x03000000, 0x03000000, 0x03000000,
  0x03000000, 0x03000000, 0x03000000, 0x03000000, 0x05333333, 0x02000000, 0x1F8B8B8B, 0xFF676767,
  0xFB000000, 0xFF050505, 0xFF010101, 0xF5767676, 0x00FFFFFF, 0x00000000, 0x00000000, 0x00000000,
  0x00000000, 0x00000000, 0x00000000, 0x00000000, 0x00000000, 0x00000000, 0x00000000, 0x00000000,
  0x00000000, 0x00000000, 0x00000000, 0x00000000, 0x00000000, 0x00000000, 0x00000000, 0x00000000,
  0x00000000, 0x00000000, 0x00000000, 0x01000000, 0x00000000, 0x127F7F7F, 0xFF3B3B3B, 0xFE000000,
  0xFF040404, 0xFD000000, 0xFF707070, 0x1AD7D7D7, 0x00000000, 0x01000000, 0x00000000, 0x00000000,
  0x00000000, 0x00000000, 0x00000000, 0x00000000, 0x00000000, 0x00000000, 0x00000000, 0x027F7F7F,
  0x00000000, 0x00FFFFFF, 0xFF949494, 0xFA000000, 0xFF050505, 0xFF020202, 0xFF000000, 0xFF000000,
  0xFF020202, 0xFF030303, 0xFF020202, 0xFF010101, 0xFF020202, 0xFB000000, 0xFA000000, 0xFC000000,
  0xFF050505, 0xFF040404, 0xFD090909, 0xFC7E7E7E, 0xD7E1E1E1, 0x00FFFFFF, 0x00000000, 0x00FFFFFF,
  0x00000000, 0x00000000, 0x00000000, 0x00000000, 0x07484848, 0x00000000, 0xB2535353, 0xFF131313,
  0xFB000000, 0xF9000000, 0xFF030303, 0x7A000000, 0x00000000, 0x06000000, 0x00000000, 0x00000000,
  0x00000000, 0x00000000, 0x00000000, 0x00000000, 0x00000000, 0x00000000, 0x00000000, 0x00000000,
  0x00000000, 0x00000000, 0x00000000, 0x00000000, 0x00000000, 0x00000000, 0x06AAAAAA, 0x00000000,
  0xC6CACACA, 0xFF202020, 0xFC000000, 0xFF040404, 0xF9000000, 0xFF5C5C5C, 0x46AEAEAE, 0x00000000,
  0x03AAAAAA, 0x00000000, 0x07B6B6B6, 0x00000000, 0xABD9D9D9, 0xFF343434, 0xFB000000, 0xF9020202,
  0xFF000000, 0x88000000, 0x00000000, 0x07000000, 0x00000000, 0x05999999, 0x00FFFFFF, 0x80878787,
  0xFF2E2E2E, 0xF9000000, 0xFF050505, 0xFB010101, 0xF4303030, 0x8CDADADA, 0x00000000, 0x07DADADA,
  0x02000000, 0x00000000, 0x2A616161, 0xFF373737, 0xFB000000, 0xFF030303, 0xFF000000, 0xFF787878,
  0xFF3E3E3E, 0xFF000000, 0xFF020202, 0xFF020202, 0xFF000000, 0xFF040404, 0xFF030303, 0xFF030303,
  0xFF020202, 0xFF030303, 0xFF030303, 0xFF020202, 0xFC000000, 0xFA000000, 0xFA000000, 0xFC020202,
  0xFF040404, 0xFF000000, 0xFF0B0B0B, 0xFA727272, 0xC7E6E6E6, 0x00FFFFFF, 0x00000000, 0x00FFFFFF,
  0x00000000, 0x00FFFFFF, 0x00000000, 0x00FFFFFF, 0x00FFFFFF, 0x00FFFFFF, 0x00FFFFFF, 0x00FFFFFF,
  0x00FFFFFF, 0x00FFFFFF, 0x00FFFFFF, 0x00FFFFFF, 0x00FFFFFF, 0x00FFFFFF, 0x00FFFFFF, 0x00FFFFFF,
  0x00FFFFFF, 0x03AAAAAA, 0x00FFFFFF, 0x00000000, 0x04BFBFBF, 0x00000000, 0x00FFFFFF, 0xFF7B7B7B,
  0xF8000000, 0xFF050505, 0xFF040404, 0xFF000000, 0xFF000000, 0xFF020202, 0xFF050505, 0xFF050505,
  0xFF020202, 0xFF020202, 0xFF020202, 0xFF020202, 0xFF020202, 0xFF020202, 0xFF030303, 0xFF020202,
  0xFF373737, 0xBBDEDEDE, 0x00000000, 0x07B6B6B6, 0x00000000, 0x03AAAAAA, 0x00000000, 0x40B7B7B7,
  0xFF5F5F5F, 0xF9000000, 0xFE030303, 0xFF020202, 0xEB343434, 0x00FFFFFF, 0x03555555, 0x00000000,
  0x00000000, 0x00000000, 0x00000000, 0x00000000, 0x00000000, 0x00000000, 0x00000000, 0x00FFFFFF,
  0x00000000, 0x00FFFFFF, 0xFF878787, 0xFD000000, 0xFF060606, 0xFF000000, 0xFF424242, 0x00000000,
  0x00000000, 0x00000000, 0x00000000, 0x00000000, 0x00000000, 0x00000000, 0x00000000, 0x00000000,
  0x00000000, 0x00030303, 0x00000000, 0xD9CFCFCF, 0xFF131313, 0xFE000000, 0xF8010101, 0xFF010101,
  0x54000000, 0x00000000, 0x04000000, 0x06555555, 0x00000000, 0x76696969, 0xFE2A2A2A, 0xF8000000,
  0xFC000000, 0xFF212121, 0xB8A4A4A4, 0x00010101, 0x00030303, 0x00000000, 0x00000000, 0x00000000,
  0x00000000, 0x00000000, 0x00000000, 0x00000000, 0x00010101, 0x00000000, 0x00FFFFFF, 0xFF717171,
  0xFB000000, 0xFF070707, 0xFF000000, 0xFA3E3E3E, 0x05CCCCCC, 0x00000000, 0x00000000, 0x00000000,
  0x00000000, 0x00000000, 0x00000000, 0x00000000, 0x00000000, 0x00000000, 0x00000000, 0x00000000,
  0x00000000, 0x00000000, 0x00000000, 0x00000000, 0x00000000, 0x00000000, 0x00000000, 0x00000000,
  0x00000000, 0x00000000, 0x00000000, 0x01000000, 0x00000000, 0x127F7F7F, 0xFF3B3B3B, 0xFE000000,
  0xFF040404, 0xFD000000, 0xFF707070, 0x1AD7D7D7, 0x00000000, 0x01000000, 0x00000000, 0x00000000,
  0x00000000, 0x00000000, 0x00000000, 0x00000000, 0x00000000, 0x00000000, 0x00000000, 0x027F7F7F,
  0x00000000, 0x00FFFFFF, 0xFF949494, 0xFA000000, 0xFF070707, 0xFF010101, 0xFF010101, 0xFE000000,
  0xF7000000, 0xF7000000, 0xF7000000, 0xF7000000, 0xF7000000, 0xFF060606, 0xFF040404, 0xFF040404,
  0xFF000000, 0xFE505050, 0xFFEDEDED, 0x00FFFFFF, 0x00FFFFFF, 0x00000000, 0x00FFFFFF, 0x00000000,
  0x00000000, 0x00000000, 0x00000000, 0x00000000, 0x07484848, 0x00000000, 0xB2474747, 0xFF101010,
  0xFB000000, 0xF9010101, 0xFF000000, 0x7A000000, 0x00000000, 0x06000000, 0x00000000, 0x00000000,
  0x00000000, 0x00000000, 0x00000000, 0x00000000, 0x00000000, 0x00000000, 0x00000000, 0x00000000,
  0x00000000, 0x00000000, 0x00000000, 0x00000000, 0x00000000, 0x00000000, 0x06AAAAAA, 0x00000000,
  0xC6CCCCCC, 0xFF202020, 0xFC000000, 0xFF040404, 0xF9000000, 0xFF606060, 0x46C1C1C1, 0x00000000,
  0x03AAAAAA, 0x00000000, 0x07B6B6B6, 0x00000000, 0xABD9D9D9, 0xFF343434, 0xFB000000, 0xF9020202,
  0xFF000000, 0x88000000, 0x00000000, 0x07000000, 0x00000000, 0x05CCCCCC, 0x00000000, 0x00FFFFFF,
  0xEE727272, 0xF7030303, 0xFE070707, 0xFB010101, 0xFF0A0A0A, 0xB6393939, 0x08DFDFDF, 0x01000000,
  0x03555555, 0x00000000, 0x2A676767, 0xFF373737, 0xFB000000, 0xFF030303, 0xFF000000, 0xFF787878,
  0xFF3E3E3E, 0xFF000000, 0xFF030303, 0xFE000000, 0xFF101010, 0xC6070707, 0xBB000000, 0xBC020202,
  0xBB000000, 0xBB010101, 0xBC040404, 0xBB010101, 0xFF484848, 0xFF454545, 0xFF232323, 0xFF000000,
  0xFC000000, 0xFF030303, 0xFE000000, 0xFD000000, 0xFF4E4E4E, 0xBFD1D1D1, 0x00FFFFFF, 0x08DFDFDF,
  0x00FFFFFF, 0x04BFBFBF, 0x00000000, 0x59B4B4B4, 0xFFBDBDBD, 0xFF929292, 0xFF9B9B9B, 0xFF9A9A9A,
  0xFF9A9A9A, 0xFF9A9A9A, 0xFF9A9A9A, 0xFF9A9A9A, 0xFF9A9A9A, 0xFF9B9B9B, 0xFF949494, 0xFFB0B0B0,
  0xA1ABABAB, 0x00000000, 0x089F9F9F, 0x00000000, 0x04BFBFBF, 0x00000000, 0x00FFFFFF, 0xFF7B7B7B,
  0xF8000000, 0xFF050505, 0xFE000000, 0xFF0D0D0D, 0xED2C2C2C, 0xBB020202, 0xBD020202, 0xBB000000,
  0xBB000000, 0xBB000000, 0xBB000000, 0xBB000000, 0xBB000000, 0xBB000000, 0xBB010101, 0xB8000000,
  0xBB484848, 0x00FFFFFF, 0x00000000, 0x05CCCCCC, 0x00000000, 0x03AAAAAA, 0x00000000, 0x40B7B7B7,
  0xFF5F5F5F, 0xF9000000, 0xFE040404, 0xFF010101, 0xEB444444, 0x00000000, 0x01000000, 0x00000000,
  0x00000000, 0x00000000, 0x00000000, 0x00000000, 0x00000000, 0x00000000, 0x00000000, 0x01000000,
  0x00000000, 0x1CA3A3A3, 0xFE535353, 0xFD000000, 0xFF050505, 0xFF000000, 0xFF424242, 0x501C1C1C,
  0x44000000, 0x44000000, 0x44030303, 0x44000000, 0x44000000, 0x44000000, 0x44000000, 0x44000000,
  0x44000000, 0x47070707, 0x44000000, 0xE5888888, 0xFF0B0B0B, 0xFE000000, 0xF8010101, 0xFF000000,
  0x54000000, 0x00000000, 0x04000000, 0x062A2A2A, 0x00000000, 0x77282828, 0xFF111111, 0xF8000000,
  0xFD010101, 0xFF181818, 0xCE787878, 0x44000000, 0x480E0E0E, 0x44000000, 0x44000000, 0x44000000,
  0x44000000, 0x44000000, 0x44000000, 0x44000000, 0x45030303, 0x44030303, 0x633D3D3D, 0xFF4D4D4D,
  0xFC000000, 0xFF050505, 0xFF000000, 0xFA3F3F3F, 0x05CCCCCC, 0x00000000, 0x00000000, 0x00000000,
  0x00000000, 0x00000000, 0x00000000, 0x00000000, 0x00000000, 0x00000000, 0x00000000, 0x00000000,
  0x00000000, 0x00000000, 0x00000000, 0x00000000, 0x00000000, 0x00000000, 0x00000000, 0x00000000,
  0x00000000, 0x00000000, 0x00000000, 0x01000000, 0x00000000, 0x127F7F7F, 0xFF3B3B3B, 0xFE000000,
  0xFF040404, 0xFD000000, 0xFF707070, 0x1AD7D7D7, 0x00000000, 0x01000000, 0x00000000, 0x00000000,
  0x00000000, 0x00000000, 0x00000000, 0x00000000, 0x00000000, 0x00000000, 0x00000000, 0x027F7F7F,
  0x00000000, 0x00FFFFFF, 0xFF949494, 0xFA000000, 0xFF050505, 0xFF020202, 0xFF010101, 0xFF191919,
  0xFF323232, 0xFF313131, 0xFF323232, 0xFF2A2A2A, 0xFF101010, 0xFA000000, 0xFF040404, 0xFF040404,
  0xFF000000, 0xFE181818, 0xFF9C9C9C, 0x00FFFFFF, 0x00000000, 0x00FFFFFF, 0x00000000, 0x00000000,
  0x00000000, 0x00000000, 0x00000000, 0x00000000, 0x076D6D6D, 0x00000000, 0xB2646464, 0xFF161616,
  0xFB000000, 0xFB040404, 0xFD000000, 0xA23D3D3D, 0x00FFFFFF, 0x04000000, 0x00FFFFFF, 0x00000000,
  0x00000000, 0x00000000, 0x00000000, 0x00000000, 0x00000000, 0x00000000, 0x00000000, 0x00000000,
  0x00000000, 0x00000000, 0x00000000, 0x00000000, 0x00000000, 0x00000000, 0x06AAAAAA, 0x00000000,
  0xC6CCCCCC, 0xFF1F1F1F, 0xFC000000, 0xFF050505, 0xF9000000, 0xFF5C5C5C, 0x46B9B9B9, 0x00000000,
  0x03AAAAAA, 0x00000000, 0x07B6B6B6, 0x00000000, 0xABD9D9D9, 0xFF343434, 0xFB000000, 0xF9020202,
  0xFF000000, 0x88000000, 0x00000000, 0x07000000, 0x00000000, 0x00000000, 0x089F9F9F, 0x00000000,
  0x96C0C0C0, 0xFF3B3B3B, 0xF7000000, 0xFF050505, 0xFA010101, 0xFF343434, 0xA7AFAFAF, 0x00FFFFFF,
  0x089F9F9F, 0x00000000, 0x2A676767, 0xFF363636, 0xFB000000, 0xFF040404, 0xFF000000, 0xFF787878,
  0xFF3E3E3E, 0xFF000000, 0xFF020202, 0xFB000000, 0xFF3C3C3C, 0x16D0D0D0, 0x00000000, 0x00000000,
  0x00000000, 0x00000000, 0x00000000, 0x00000000, 0x00FFFFFF, 0x97E2E2E2, 0x92717171, 0xCE3C3C3C,
  0xFF1D1D1D, 0xFA000000, 0xFF040404, 0xFF030303, 0xF6000000, 0xFF717171, 0x74DBDBDB, 0x00000000,
  0x07919191, 0x04000000, 0x00000000, 0x53000000, 0xFC000000, 0xF5000000, 0xFC000000, 0xFC000000,
  0xFC000000, 0xFC000000, 0xFC000000, 0xFC000000, 0xFC000000, 0xFC000000, 0xF9000000, 0xFA000000,
  0xC4242424, 0x30E9E9E9, 0x04000000, 0x00FFFFFF, 0x04BFBFBF, 0x00000000, 0x00FFFFFF, 0xFF7B7B7B,
  0xF8000000, 0xFF060606, 0xFC000000, 0xFF2E2E2E, 0xB6EBEBEB, 0x00000000, 0x00050505, 0x00000000,
  0x00000000, 0x00000000, 0x00000000, 0x00000000, 0x00000000, 0x00000000, 0x00000000, 0x00000000,
  0x00000000, 0x00000000, 0x00000000, 0x00000000, 0x00000000, 0x03AAAAAA, 0x00000000, 0x40B7B7B7,
  0xFF5F5F5F, 0xF9000000, 0xFE030303, 0xFF010101, 0xEB454545, 0x00000000, 0x01000000, 0x00000000,
  0x00000000, 0x00000000, 0x00000000, 0x00000000, 0x00000000, 0x00000000, 0x00000000, 0x01000000,
  0x00000000, 0x1C646464, 0xFF363636, 0xFD000000, 0xFF010101, 0xFF000000, 0xFF000000, 0xFF000000,
  0xFF010101, 0xFF000000, 0xFF010101, 0xFF000000, 0xFF000000, 0xFF000000, 0xFF000000, 0xFF000000,
  0xFF000000, 0xFF010101, 0xFF000000, 0xFF000000, 0xFF030303, 0xFF000000, 0xF8010101, 0xFF040404,
  0x54030303, 0x00000000, 0x04000000, 0x06000000, 0x00000000, 0x77000000, 0xFF000000, 0xF8010101,
  0xFF020202, 0xFF000000, 0xFF000000, 0xFF000000, 0xFF010101, 0xFF010101, 0xFF000000, 0xFF000000,
  0xFF000000, 0xFF000000, 0xFF000000, 0xFF000000, 0xFF000000, 0xFF010101, 0xFF000000, 0xFF000000,
  0xFF000000, 0xFF010101, 0xFF020202, 0xFA3F3F3F, 0x05999999, 0x00000000, 0x00000000, 0x00000000,
  0x00000000, 0x00000000, 0x00000000, 0x00000000, 0x00000000, 0x00000000, 0x00000000, 0x00000000,
  0x00000000, 0x00000000, 0x00000000, 0x00000000, 0x00000000, 0x00000000, 0x00000000, 0x00000000,
  0x00000000, 0x00000000, 0x00000000, 0x01000000, 0x00000000, 0x127F7F7F, 0xFF3B3B3B, 0xFE000000,
  0xFF040404, 0xFD000000, 0xFF707070, 0x1AD7D7D7, 0x00000000, 0x01000000, 0x00000000, 0x00000000,
  0x00000000, 0x00000000, 0x00000000, 0x00000000, 0x00000000, 0x00000000, 0x00000000, 0x027F7F7F,
  0x00000000, 0x00FFFFFF, 0xFF949494, 0xFA000000, 0xFF060606, 0xFF000000, 0xFF060606, 0xF1969696,
  0x94A1A1A1, 0x959B9B9B, 0x949E9E9E, 0x94898989, 0x94303030, 0xFF595959, 0xFA000000, 0xFF000000,
  0xFF030303, 0xFF000000, 0xFE000000, 0xFF888888, 0x00FFFFFF, 0x04BFBFBF, 0x00FFFFFF, 0x00000000,
  0x00000000, 0x00000000, 0x00000000, 0x00000000, 0x07919191, 0x00000000, 0xB29F9F9F, 0xFF242424,
  0xFB000000, 0xFF080808, 0xF7000000, 0xFF8E8E8E, 0x00FFFFFF, 0x00000000, 0x00FFFFFF, 0x00000000,
  0x00000000, 0x00000000, 0x00000000, 0x00000000, 0x00000000, 0x00000000, 0x00000000, 0x00000000,
  0x00000000, 0x00000000, 0x00000000, 0x00000000, 0x00000000, 0x00000000, 0x06AAAAAA, 0x00000000,
  0xC6CBCBCB, 0xFF1F1F1F, 0xFC000000, 0xFF040404, 0xF9000000, 0xFB717171, 0x44E1E1E1, 0x00000000,
  0x03AAAAAA, 0x00000000, 0x07B6B6B6, 0x00000000, 0xABD9D9D9, 0xFF343434, 0xFB000000, 0xF9020202,
  0xFF000000, 0x88000000, 0x00000000, 0x07000000, 0x00000000, 0x00000000, 0x00FFFFFF, 0x05999999,
  0x00FFFFFF, 0xF2818181, 0xFF121212, 0xFD010101, 0xFF060606, 0xF6000000, 0xFF888888, 0x00FFFFFF,
  0x00000000, 0x00000000, 0x2A676767, 0xFF363636, 0xFB000000, 0xFF040404, 0xFF000000, 0xFF787878,
  0xFF3E3E3E, 0xFF000000, 0xFF030303, 0xFB000000, 0xFF343434, 0x2F565656, 0x06000000, 0x08000000,
  0x06000000, 0x06000000, 0x06000000, 0x06000000, 0x00000000, 0x00000000, 0x00000000, 0x00FFFFFF,
  0xD0ABABAB, 0xFF2E2E2E, 0xFC000000, 0xFF030303, 0xFC060606, 0xF90C0C0C, 0xC3848484, 0x00FFFFFF,
  0x02000000, 0x06555555, 0x00000000, 0x53000000, 0xFC030303, 0xF5060606, 0xFC050505, 0xFC050505,
  0xFC050505, 0xFC050505, 0xFC050505, 0xFC050505, 0xFC040404, 0xFC060606, 0xFD0A0A0A, 0xF5030303,
  0xFF727272, 0x92F8F8F8, 0x00000000, 0x07DADADA, 0x04BFBFBF, 0x00000000, 0x00FFFFFF, 0xFF7B7B7B,
  0xF8000000, 0xFF060606, 0xFC000000, 0xFF252525, 0xBECACACA, 0x06000000, 0x0C6A6A6A, 0x06000000,
  0x06000000, 0x06000000, 0x06000000, 0x06000000, 0x06000000, 0x06000000, 0x06000000, 0x06000000,
  0x06555555, 0x00FFFFFF, 0x00000000, 0x00000000, 0x00000000, 0x03AAAAAA, 0x00000000, 0x40B7B7B7,
  0xFF616161, 0xF9000000, 0xFE040404, 0xFF030303, 0xEB414141, 0x00000000, 0x01000000, 0x00000000,
  0x00000000, 0x00000000, 0x00000000, 0x00000000, 0x00000000, 0x00000000, 0x00000000, 0x01000000,
  0x00000000, 0x1C6D6D6D, 0xFF393939, 0xFD000000, 0xFF040404, 0xFF020202, 0xFF040404, 0xF6020202,
  0xF6010101, 0xF6010101, 0xF6000000, 0xF6000000, 0xF6000000, 0xF6000000, 0xF6000000, 0xF6000000,
  0xF6000000, 0xF6000000, 0xF6010101, 0xFB050505, 0xFC030303, 0xFC000000, 0xF5000000, 0xFC000000,
  0x53000000, 0x00000000, 0x04000000, 0x06000000, 0x00000000, 0x77000000, 0xFF020202, 0xF8020202,
  0xFF010101, 0xFF010101, 0xFD060606, 0xF6000000, 0xF6020202, 0xF6010101, 0xF6000000, 0xF6000000,
  0xF6000000, 0xF6000000, 0xF6000000, 0xF6000000, 0xF6000000, 0xF6000000, 0xF7030303, 0xFC030303,
  0xFC000000, 0xFC010101, 0xFC000000, 0xF73A3A3A, 0x05CCCCCC, 0x00000000, 0x00000000, 0x00000000,
  0x00000000, 0x00000000, 0x00000000, 0x00000000, 0x00000000, 0x00000000, 0x00000000, 0x00000000,
  0x00000000, 0x00000000, 0x00000000, 0x00000000, 0x00000000, 0x00000000, 0x00000000, 0x00000000,
  0x00000000, 0x00000000, 0x00000000, 0x01000000, 0x00000000, 0x127F7F7F, 0xFF3B3B3B, 0xFE000000,
  0xFF040404, 0xFD000000, 0xFF707070, 0x1AD7D7D7, 0x00000000, 0x01000000, 0x00000000, 0x00000000,
  0x00000000, 0x00000000, 0x00000000, 0x00000000, 0x00000000, 0x00000000, 0x00000000, 0x027F7F7F,
  0x00000000, 0x00FFFFFF, 0xFF949494, 0xFA000000, 0xFF060606, 0xFE000000, 0xFF0F0F0F, 0xDAC5C5C5,
  0x00000000, 0x00000000, 0x00000000, 0x00000000, 0x00000000, 0x75EFEFEF, 0xFFA5A5A5, 0xFC131313,
  0xFF040404, 0xFF060606, 0xFD030303, 0xFB040404, 0xE7A2A2A2, 0x00000000, 0x05999999, 0x00000000,
  0x00000000, 0x00000000, 0x00000000, 0x00000000, 0x076D6D6D, 0x00000000, 0xB2888888, 0xFF202020,
  0xFB000000, 0xFF070707, 0xF8000000, 0xFC737373, 0x59F9F9F9, 0x00000000, 0x04BFBFBF, 0x00000000,
  0x00000000, 0x00000000, 0x00000000, 0x00000000, 0x00000000, 0x00000000, 0x00000000, 0x00000000,
  0x00000000, 0x00000000, 0x00000000, 0x00000000, 0x00000000, 0x00000000, 0x06AAAAAA, 0x00000000,
  0xC6A7A7A7, 0xFF191919, 0xFC000000, 0xFF070707, 0xF8000000, 0xFF989898, 0x00FFFFFF, 0x00000000,
  0x00FFFFFF, 0x00000000, 0x07B6B6B6, 0x00000000, 0xABD9D9D9, 0xFF343434, 0xFB000000, 0xF9020202,
  0xFF000000, 0x88000000, 0x00000000, 0x07000000, 0x00000000, 0x00000000, 0x00000000, 0x047F7F7F,
  0x00000000, 0x45B8B8B8, 0xE6161616, 0xFD010101, 0xFE030303, 0xFC050505, 0xF91D1D1D, 0xB6A3A3A3,
  0x00FFFFFF, 0x00000000, 0x2B6A6A6A, 0xFF383838, 0xFB000000, 0xFF050505, 0xFF000000, 0xFF787878,
  0xFF3E3E3E, 0xFF000000, 0xFF040404, 0xFB000000, 0xFF383838, 0x2A676767, 0x00000000, 0x02000000,
  0x00000000, 0x00000000, 0x00000000, 0x00000000, 0x06D4D4D4, 0x06D4D4D4, 0x09717171, 0x00000000,
  0x00FFFFFF, 0xD0848484, 0xFE121212, 0xFD000000, 0xFF080808, 0xF7000000, 0xFF6C6C6C, 0x57CDCDCD,
  0x00000000, 0x09555555, 0x00000000, 0x592D2D2D, 0xFF191919, 0xFF010101, 0xFF010101, 0xFF000000,
  0xFF000000, 0xFF000000, 0xFF000000, 0xFF000000, 0xFF000000, 0xFF020202, 0xFF020202, 0xFF0C0C0C,
  0xC0464646, 0x00FFFFFF, 0x062A2A2A, 0x00FFFFFF, 0x04BFBFBF, 0x00000000, 0x00FFFFFF, 0xFF7B7B7B,
  0xF8000000, 0xFF060606, 0xFC000000, 0xFF272727, 0xBCD3D3D3, 0x00000000, 0x06D4D4D4, 0x00000000,
  0x00000000, 0x00000000, 0x00000000, 0x00000000, 0x00000000, 0x00000000, 0x00000000, 0x00000000,
  0x00000000, 0x00000000, 0x00000000, 0x00000000, 0x00000000, 0x03AAAAAA, 0x00000000, 0x40B7B7B7,
  0xFF606060, 0xF9000000, 0xFE030303, 0xFF030303, 0xEB434343, 0x00000000, 0x01000000, 0x00000000,
  0x00000000, 0x00000000, 0x00000000, 0x00000000, 0x00000000, 0x00000000, 0x00000000, 0x01000000,
  0x00000000, 0x1C6D6D6D, 0xFF393939, 0xFD000000, 0xFF030303, 0xFF020202, 0xFF000000, 0xFF000000,
  0xFF000000, 0xFF020202, 0xFF000000, 0xFF000000, 0xFF000000, 0xFF000000, 0xFF000000, 0xFF000000,
  0xFF000000, 0xFF000000, 0xFF020202, 0xFF010101, 0xFF000000, 0xFF040404, 0xFF000000, 0xFF5D5D5D,
  0x59A6A6A6, 0x00000000, 0x047F7F7F, 0x06000000, 0x00000000, 0x77000000, 0xFF010101, 0xF8000000,
  0xFF010101, 0xFF000000, 0xFF000000, 0xFF000000, 0xFF020202, 0xFF000000, 0xFF000000, 0xFF000000,
  0xFF000000, 0xFF000000, 0xFF000000, 0xFF000000, 0xFF000000, 0xFF010101, 0xFF010101, 0xFF000000,
  0xFF030303, 0xFF010101, 0xFF101010, 0xFFA7A7A7, 0x00FFFFFF, 0x00000000, 0x00000000, 0x00000000,
  0x00000000, 0x00000000, 0x00000000, 0x00000000, 0x00000000, 0x00000000, 0x00000000, 0x00000000,
  0x00000000, 0x00000000, 0x00000000, 0x00000000, 0x00000000, 0x00000000, 0x00000000, 0x00000000,
  0x00000000, 0x00000000, 0x00000000, 0x01000000, 0x00000000, 0x127F7F7F, 0xFF3B3B3B, 0xFE000000,
  0xFF040404, 0xFD000000, 0xFF707070, 0x1AD7D7D7, 0x00000000, 0x01000000, 0x00000000, 0x00000000,
  0x00000000, 0x00000000, 0x00000000, 0x00000000, 0x00000000, 0x00000000, 0x00000000, 0x027F7F7F,
  0x00000000, 0x00FFFFFF, 0xFF949494, 0xFA000000, 0xFF050505, 0xFE000000, 0xFF0F0F0F, 0xDEBDBDBD,
  0x07919191, 0x0A7F7F7F, 0x07919191, 0x076D6D6D, 0x083F3F3F, 0x00000000, 0x00FFFFFF, 0xFFACACAC,
  0xFC000000, 0xFF010101, 0xFF020202, 0xFC040404, 0xEE282828, 0x82D9D9D9, 0x00000000, 0x05CCCCCC,
  0x00000000, 0x00000000, 0x00000000, 0x00000000, 0x07919191, 0x00000000, 0xB4C7C7C7, 0xFF2C2C2C,
  0xFB000000, 0xFF060606, 0xF8000000, 0xFF5B5B5B, 0x5CC4C4C4, 0x00000000, 0x047F7F7F, 0x00000000,
  0x00000000, 0x00000000, 0x00000000, 0x00000000, 0x00000000, 0x00000000, 0x00000000, 0x00000000,
  0x00000000, 0x00000000, 0x00000000, 0x00000000, 0x00000000, 0x00000000, 0x06555555, 0x00000000,
  0xC5707070, 0xFF131313, 0xFC000000, 0xFA030303, 0xFD000000, 0x933E3E3E, 0x00FFFFFF, 0x04000000,
  0x00FFFFFF, 0x00000000, 0x07B6B6B6, 0x00000000, 0xABD9D9D9, 0xFF343434, 0xFB000000, 0xF9020202,
  0xFF000000, 0x88000000, 0x00000000, 0x07000000, 0x00000000, 0x00000000, 0x00000000, 0x00000000,
  0x08DFDFDF, 0x00000000, 0xE0919191, 0xFF080808, 0xFD010101, 0xFF070707, 0xF9000000, 0xFF757575,
  0x2FC8C8C8, 0x01000000, 0x2D6B6B6B, 0xFF393939, 0xFB000000, 0xFF040404, 0xFF000000, 0xFF787878,
  0xFF3E3E3E, 0xFF000000, 0xFF050505, 0xFB000000, 0xFF363636, 0x2A616161, 0x00000000, 0x02000000,
  0x00000000, 0x00000000, 0x00000000, 0x00000000, 0x00000000, 0x00000000, 0x00000000, 0x09C6C6C6,
  0x00000000, 0xB4F7F7F7, 0xFF2E2E2E, 0xFC000000, 0xFF030303, 0xF8010101, 0xFC202020, 0x4E414141,
  0x00000000, 0x043F3F3F, 0x00000000, 0x0B5C5C5C, 0x212E2E2E, 0x20000000, 0x21000000, 0x21000000,
  0x21000000, 0x21000000, 0x21000000, 0x21000000, 0x21000000, 0x21000000, 0x20000000, 0x21171717,
  0x0E000000, 0x00000000, 0x01000000, 0x00000000, 0x04BFBFBF, 0x00000000, 0x00FFFFFF, 0xFF7B7B7B,
  0xF8000000, 0xFF060606, 0xFC000000, 0xFF282828, 0xBCD3D3D3, 0x00000000, 0x06D4D4D4, 0x00000000,
  0x00000000, 0x00000000, 0x00000000, 0x00000000, 0x00000000, 0x00000000, 0x00000000, 0x00000000,
  0x00000000, 0x00000000, 0x00000000, 0x00000000, 0x00000000, 0x03AAAAAA, 0x00000000, 0x40B7B7B7,
  0xFF5E5E5E, 0xF9000000, 0xFE050505, 0xFF010101, 0xEB464646, 0x00000000, 0x01000000, 0x00000000,
  0x00000000, 0x00000000, 0x00000000, 0x00000000, 0x00000000, 0x00000000, 0x00000000, 0x01000000,
  0x00000000, 0x1C6D6D6D, 0xFF383838, 0xFD000000, 0xFF040404, 0xFF000000, 0xFF656565, 0x2F464646,
  0x21000000, 0x21000000, 0x21000000, 0x21000000, 0x21000000, 0x21000000, 0x21000000, 0x21000000,
  0x21000000, 0x21000000, 0x21000000, 0x21000000, 0x21000000, 0x21070707, 0x20000000, 0x21A2A2A2,
  0x00FFFFFF, 0x00000000, 0x00FFFFFF, 0x06000000, 0x00000000, 0x77000000, 0xFF010101, 0xF8020202,
  0xFC000000, 0xFF222222, 0xC5AEAEAE, 0x21000000, 0x261A1A1A, 0x21000000, 0x21000000, 0x21000000,
  0x21000000, 0x21000000, 0x21000000, 0x21000000, 0x21000000, 0x21000000, 0x21000000, 0x21000000,
  0x21070707, 0x21000000, 0x211E1E1E, 0x20EFEFEF, 0x00FFFFFF, 0x00000000, 0x00000000, 0x00000000,
  0x00000000, 0x00000000, 0x00000000, 0x00000000, 0x00000000, 0x00000000, 0x00000000, 0x00000000,
  0x00000000, 0x00000000, 0x00000000, 0x00000000, 0x00000000, 0x00000000, 0x00000000, 0x00000000,
  0x00000000, 0x00000000, 0x00000000, 0x01000000, 0x00000000, 0x127F7F7F, 0xFF3B3B3B, 0xFE000000,
  0xFF040404, 0xFD000000, 0xFF707070, 0x1AD7D7D7, 0x00000000, 0x01000000, 0x00000000, 0x00000000,
  0x00000000, 0x00000000, 0x00000000, 0x00000000, 0x00000000, 0x00000000, 0x00000000, 0x027F7F7F,
  0x00000000, 0x00FFFFFF, 0xFF949494, 0xFA000000, 0xFF060606, 0xFE000000, 0xFF0D0D0D, 0xDDC3C3C3,
  0x00000000, 0x03AAAAAA, 0x00000000, 0x00000000, 0x00000000, 0x07B6B6B6, 0x00000000, 0x00FFFFFF,
  0xFA696969, 0xF8000000, 0xFF060606, 0xFB000000, 0xFF171717, 0xBF696969, 0x00FFFFFF, 0x09717171,
  0x00000000, 0x00000000, 0x00000000, 0x00000000, 0x07B6B6B6, 0x00000000, 0xAFE9E9E9, 0xFE313131,
  0xFB000000, 0xFF040404, 0xF8000000, 0xFF3F3F3F, 0x557B7B7B, 0x00000000, 0x047F7F7F, 0x00000000,
  0x00000000, 0x00000000, 0x00000000, 0x00000000, 0x00000000, 0x00000000, 0x00000000, 0x00000000,
  0x00000000, 0x00000000, 0x00000000, 0x00000000, 0x00000000, 0x00000000, 0x062A2A2A, 0x00FFFFFF,
  0xC73D3D3D, 0xFF0A0A0A, 0xFC000000, 0xF8000000, 0xFF171717, 0x62242424, 0x00000000, 0x05333333,
  0x00000000, 0x00000000, 0x07B6B6B6, 0x00000000, 0xABD9D9D9, 0xFF343434, 0xFB000000, 0xF9020202,
  0xFF000000, 0x88000000, 0x00000000, 0x07000000, 0x00000000, 0x00000000, 0x00000000, 0x00000000,
  0x00000000, 0x047F7F7F, 0x00FFFFFF, 0xFD414141, 0xFF000000, 0xFF020202, 0xFE050505, 0xFB030303,
  0xE4B5B5B5, 0x000E0E0E, 0x25444444, 0xFF373737, 0xFB000000, 0xFF040404, 0xFF000000, 0xFF787878,
  0xFF3E3E3E, 0xFF000000, 0xFF030303, 0xFB000000, 0xFF373737, 0x2A676767, 0x00000000, 0x02000000,
  0x00000000, 0x00000000, 0x00000000, 0x00000000, 0x00000000, 0x00000000, 0x00000000, 0x00000000,
  0x05999999, 0x00FFFFFF, 0xDE464646, 0xFF060606, 0xFE000000, 0xF8010101, 0xFF010101, 0x50000000,
  0x00000000, 0x04000000, 0x00000000, 0x00000000, 0x00000000, 0x00000000, 0x00000000, 0x00000000,
  0x00000000, 0x00000000, 0x00000000, 0x00000000, 0x00000000, 0x00000000, 0x00000000, 0x00000000,
  0x00000000, 0x00FFFFFF, 0x00000000, 0x00000000, 0x04BFBFBF, 0x00000000, 0x00FFFFFF, 0xFF7B7B7B,
  0xF8000000, 0xFF060606, 0xFC000000, 0xFF262626, 0xBCD2D2D2, 0x00000000, 0x06D4D4D4, 0x00000000,
  0x00000000, 0x00000000, 0x00000000, 0x00000000, 0x00000000, 0x00000000, 0x00000000, 0x00000000,
  0x00000000, 0x00000000, 0x00000000, 0x00000000, 0x00000000, 0x03AAAAAA, 0x00000000, 0x40B7B7B7,
  0xFF5F5F5F, 0xF9000000, 0xFE030303, 0xFF010101, 0xEB434343, 0x00000000, 0x01000000, 0x00000000,
  0x00000000, 0x00000000, 0x00000000, 0x00000000, 0x00000000, 0x00000000, 0x00000000, 0x01000000,
  0x00000000, 0x1C6D6D6D, 0xFF3A3A3A, 0xFD000000, 0xFF050505, 0xFF000000, 0xFF4D4D4D, 0x00FFFFFF,
  0x00000000, 0x00000000, 0x00000000, 0x00000000, 0x00000000, 0x00000000, 0x00000000, 0x00000000,
  0x00000000, 0x00000000, 0x00000000, 0x00000000, 0x00000000, 0x00000000, 0x00000000, 0x00000000,
  0x00000000, 0x00000000, 0x00000000, 0x06000000, 0x00000000, 0x77020202, 0xFF010101, 0xF8010101,
  0xFC000000, 0xFF202020, 0xBAABABAB, 0x00000000, 0x00040404, 0x00000000, 0x00000000, 0x00000000,
  0x00000000, 0x00000000, 0x00000000, 0x00000000, 0x00000000, 0x00000000, 0x00000000, 0x00000000,
  0x00000000, 0x00000000, 0x00000000, 0x00000000, 0x00000000, 0x00000000, 0x00000000, 0x00000000,
  0x00000000, 0x00000000, 0x00000000, 0x00000000, 0x00000000, 0x00000000, 0x00000000, 0x00000000,
  0x00000000, 0x00000000, 0x00000000, 0x00000000, 0x00000000, 0x00000000, 0x00000000, 0x00000000,
  0x00000000, 0x00000000, 0x00000000, 0x01000000, 0x00000000, 0x127F7F7F, 0xFF3B3B3B, 0xFE000000,
  0xFF040404, 0xFD000000, 0xFF707070, 0x1AD7D7D7, 0x00000000, 0x01000000, 0x00000000, 0x00000000,
  0x00000000, 0x00000000, 0x00000000, 0x00000000, 0x00000000, 0x00000000, 0x00000000, 0x027F7F7F,
  0x00000000, 0x00FFFFFF, 0xFF949494, 0xFA000000, 0xFF050505, 0xFE000000, 0xFF0D0D0D, 0xDDBFBFBF,
  0x00000000, 0x03AAAAAA, 0x00000000, 0x00000000, 0x00000000, 0x00FFFFFF, 0x076D6D6D, 0x00000000,
  0x8CA0A0A0, 0xFF393939, 0xF9000000, 0xFF060606, 0xF8000000, 0xFC464646, 0x82D9D9D9, 0x00000000,
  0x07B6B6B6, 0x00000000, 0x00000000, 0x00000000, 0x00000000, 0x04000000, 0x00FFFFFF, 0xD6080808,
  0xFF020202, 0xFD010101, 0xF9010101, 0xFE1B1B1B, 0x705F5F5F, 0x00FFFFFF, 0x03555555, 0x00000000,
  0x00000000, 0x00000000, 0x00000000, 0x00000000, 0x00000000, 0x00000000, 0x00000000, 0x00000000,
  0x00000000, 0x00000000, 0x00000000, 0x00000000, 0x00000000, 0x07DADADA, 0x03AAAAAA, 0x00FFFFFF,
  0xFE474747, 0xFA000000, 0xFF050505, 0xF8010101, 0xFD3A3A3A, 0x6C888888, 0x00FFFFFF, 0x05666666,
  0x00000000, 0x00000000, 0x07B6B6B6, 0x00000000, 0xABD9D9D9, 0xFF343434, 0xFB000000, 0xF9020202,
  0xFF000000, 0x88000000, 0x00000000, 0x07000000, 0x00000000, 0x00000000, 0x00000000, 0x00000000,
  0x00000000, 0x00000000, 0x00000000, 0xD7B9B9B9, 0xFB020202, 0xFF040404, 0xFF010101, 0xFE000000,
  0xFF3B3B3B, 0x26DDDDDD, 0x296F6F6F, 0xFF353535, 0xFB000000, 0xFF040404, 0xFF000000, 0xFF787878,
  0xFF3E3E3E, 0xFF000000, 0xFF030303, 0xFB000000, 0xFF373737, 0x2A676767, 0x00000000, 0x02000000,
  0x00000000, 0x00000000, 0x00000000, 0x00000000, 0x00000000, 0x00000000, 0x00000000, 0x00000000,
  0x03555555, 0x00FFFFFF, 0xDE484848, 0xFF050505, 0xFE000000, 0xF8000000, 0xFF000000, 0x50000000,
  0x00000000, 0x04000000, 0x00000000, 0x00000000, 0x01000000, 0x01000000, 0x01000000, 0x01000000,
  0x01000000, 0x01000000, 0x01000000, 0x01000000, 0x01000000, 0x01000000, 0x01000000, 0x01000000,
  0x01000000, 0x00000000, 0x00000000, 0x00000000, 0x04BFBFBF, 0x00000000, 0x00FFFFFF, 0xFF7B7B7B,
  0xF8000000, 0xFF060606, 0xFC000000, 0xFF262626, 0xBCD2D2D2, 0x00000000, 0x06D4D4D4, 0x00000000,
  0x00000000, 0x00000000, 0x00000000, 0x00000000, 0x00000000, 0x00000000, 0x00000000, 0x00000000,
  0x00000000, 0x00000000, 0x00000000, 0x00000000, 0x00000000, 0x03AAAAAA, 0x00000000, 0x40B7B7B7,
  0xFF5F5F5F, 0xF9000000, 0xFE030303, 0xFF010101, 0xEB434343, 0x00000000, 0x01000000, 0x00000000,
  0x00000000, 0x00000000, 0x00000000, 0x00000000, 0x00000000, 0x00000000, 0x00000000, 0x01000000,
  0x00000000, 0x1C919191, 0xFF4F4F4F, 0xFD000000, 0xFF050505, 0xFF000000, 0xFF343434, 0x00000000,
  0x01000000, 0x01000000, 0x01000000, 0x01000000, 0x01000000, 0x01000000, 0x01000000, 0x01000000,
  0x01000000, 0x01000000, 0x01000000, 0x01000000, 0x01000000, 0x01000000, 0x01000000, 0x00FFFFFF,
  0x00000000, 0x00000000, 0x00000000, 0x06000000, 0x00000000, 0x771E1E1E, 0xFF0E0E0E, 0xF8000000,
  0xFC020202, 0xFF1D1D1D, 0xBE8B8B8B, 0x05CCCCCC, 0x076D6D6D, 0x01000000, 0x01000000, 0x01000000,
  0x01000000, 0x01000000, 0x01000000, 0x01000000, 0x01000000, 0x01000000, 0x01000000, 0x01000000,
  0x01000000, 0x01000000, 0x01000000, 0x00FFFFFF, 0x00000000, 0x00000000, 0x00000000, 0x00000000,
  0x00000000, 0x00000000, 0x00000000, 0x00000000, 0x00000000, 0x00000000, 0x00000000, 0x00000000,
  0x00000000, 0x00000000, 0x00000000, 0x00000000, 0x00000000, 0x00000000, 0x00000000, 0x00000000,
  0x00000000, 0x00000000, 0x00000000, 0x01000000, 0x00000000, 0x127F7F7F, 0xFF3B3B3B, 0xFE000000,
  0xFF040404, 0xFD000000, 0xFF707070, 0x1AD7D7D7, 0x00000000, 0x01000000, 0x00000000, 0x00000000,
  0x00000000, 0x00000000, 0x00000000, 0x00000000, 0x00000000, 0x00000000, 0x00000000, 0x027F7F7F,
  0x00000000, 0x00FFFFFF, 0xFF949494, 0xFA000000, 0xFF050505, 0xFE000000, 0xFF0D0D0D, 0xDDBFBFBF,
  0x00000000, 0x03AAAAAA, 0x00000000, 0x00000000, 0x00000000, 0x00000000, 0x05CCCCCC, 0x02000000,
  0x00FFFFFF, 0xE4595959, 0xF9020202, 0xFE050505, 0xFA020202, 0xFE1E1E1E, 0xAC7C7C7C, 0x00FFFFFF,
  0x05666666, 0x00FFFFFF, 0x00000000, 0x00000000, 0x00000000, 0x043F3F3F, 0x00000000, 0xCF515151,
  0xFF0A0A0A, 0xFD000000, 0xFF060606, 0xFA000000, 0xFFA3A3A3, 0x00FFFFFF, 0x00010101, 0x00FFFFFF,
  0x00000000, 0x00000000, 0x00000000, 0x00000000, 0x00000000, 0x00000000, 0x00000000, 0x00000000,
  0x00000000, 0x00000000, 0x00000000, 0x00000000, 0x00000000, 0x087F7F7F, 0x00000000, 0x9A959595,
  0xFF2D2D2D, 0xFA000000, 0xFF090909, 0xF7000000, 0xFF717171, 0x00FFFFFF, 0x00000000, 0x00FFFFFF,
  0x00000000, 0x00000000, 0x07B6B6B6, 0x00000000, 0xABD9D9D9, 0xFF343434, 0xFB000000, 0xF9020202,
  0xFF000000, 0x88000000, 0x00000000, 0x07000000, 0x00000000, 0x00000000, 0x00000000, 0x00000000,
  0x00000000, 0x01000000, 0x01000000, 0x00FFFFFF, 0xFF828282, 0xFD000000, 0xFF040404, 0xFF010101,
  0xFE000000, 0xF09F9F9F, 0x14262626, 0xFF404040, 0xFB000000, 0xFF030303, 0xFF000000, 0xFF787878,
  0xFF3E3E3E, 0xFF000000, 0xFF030303, 0xFB000000, 0xFF373737, 0x2A676767, 0x00000000, 0x02000000,
  0x00000000, 0x00000000, 0x00000000, 0x00000000, 0x00000000, 0x00000000, 0x00000000, 0x00000000,
  0x03555555, 0x00000000, 0xDA4A4A4A, 0xFF060606, 0xFE000000, 0xF8010101, 0xFF040404, 0x50030303,
  0x00000000, 0x04000000, 0x00000000, 0x00000000, 0x00000000, 0x00000000, 0x00000000, 0x00000000,
  0x00000000, 0x00000000, 0x00000000, 0x00000000, 0x00000000, 0x00000000, 0x00000000, 0x00000000,
  0x00000000, 0x00000000, 0x00000000, 0x00000000, 0x04BFBFBF, 0x00000000, 0x00FFFFFF, 0xFF7B7B7B,
  0xF8000000, 0xFF060606, 0xFC000000, 0xFF262626, 0xBCD2D2D2, 0x00000000, 0x06D4D4D4, 0x00000000,
  0x00000000, 0x00000000, 0x00000000, 0x00000000, 0x00000000, 0x00000000, 0x00000000, 0x00000000,
  0x00000000, 0x00000000, 0x00000000, 0x00000000, 0x00000000, 0x03AAAAAA, 0x00000000, 0x40B7B7B7,
  0xFF5F5F5F, 0xF9000000, 0xFE030303, 0xFF010101, 0xEB434343, 0x00000000, 0x01000000, 0x00000000,
  0x00000000, 0x00000000, 0x00000000, 0x00000000, 0x00000000, 0x00000000, 0x00000000, 0x01000000,
  0x00000000, 0x1BECECEC, 0xFA797979, 0xFD010101, 0xFF070707, 0xFF010101, 0xFF0F0F0F, 0x6DD4D4D4,
  0x00000000, 0x00000000, 0x00000000, 0x00000000, 0x00000000, 0x00000000, 0x00000000, 0x00000000,
  0x00000000, 0x00000000, 0x00000000, 0x00000000, 0x00000000, 0x00000000, 0x00000000, 0x00000000,
  0x00000000, 0x00000000, 0x00000000, 0x067F7F7F, 0x00000000, 0x77717171, 0xFF2D2D2D, 0xF8000000,
  0xFC030303, 0xFF101010, 0xB5515151, 0x00000000, 0x07484848, 0x00000000, 0x00000000, 0x00000000,
  0x00000000, 0x00000000, 0x00000000, 0x00000000, 0x00000000, 0x00000000, 0x00000000, 0x00000000,
  0x00000000, 0x00000000, 0x00000000, 0x00000000, 0x00000000, 0x00000000, 0x00000000, 0x00000000,
  0x00000000, 0x00000000, 0x00000000, 0x00000000, 0x00000000, 0x00000000, 0x00000000, 0x00000000,
  0x00000000, 0x00000000, 0x00000000, 0x00000000, 0x00000000, 0x00000000, 0x00000000, 0x00000000,
  0x00000000, 0x00000000, 0x00000000, 0x01000000, 0x00000000, 0x127F7F7F, 0xFF3B3B3B, 0xFE000000,
  0xFF040404, 0xFD000000, 0xFF707070, 0x1AD7D7D7, 0x00000000, 0x01000000, 0x00000000, 0x00000000,
  0x00000000, 0x00000000, 0x00000000, 0x00000000, 0x00000000, 0x00000000, 0x00000000, 0x027F7F7F,
  0x00000000, 0x00FFFFFF, 0xFF949494, 0xFA000000, 0xFF050505, 0xFE000000, 0xFF0D0D0D, 0xDDBFBFBF,
  0x00000000, 0x03AAAAAA, 0x00000000, 0x00000000, 0x00000000, 0x00000000, 0x00000000, 0x087F7F7F,
  0x00000000, 0xB17E7E7E, 0xFF252525, 0xFA000000, 0xFF070707, 0xF7000000, 0xFF787878, 0x00FFFFFF,
  0x00FFFFFF, 0x00FFFFFF, 0x00000000, 0x00000000, 0x00000000, 0x04BFBFBF, 0x00000000, 0xEBB3B3B3,
  0xFF111111, 0xFD000000, 0xFF030303, 0xFA000000, 0xFD4A4A4A, 0x216C6C6C, 0x03AAAAAA, 0x027F7F7F,
  0x00000000, 0x00000000, 0x00000000, 0x00000000, 0x00000000, 0x00000000, 0x00000000, 0x00000000,
  0x00000000, 0x00000000, 0x00000000, 0x00000000, 0x00FFFFFF, 0x062A2A2A, 0x00FFFFFF, 0xC84B4B4B,
  0xFD060606, 0xFC020202, 0xFD040404, 0xF90D0D0D, 0xCE737373, 0x00FFFFFF, 0x03555555, 0x00FFFFFF,
  0x00000000, 0x00000000, 0x07B6B6B6, 0x00000000, 0xABD9D9D9, 0xFF343434, 0xFB000000, 0xF9020202,
  0xFF000000, 0x88000000, 0x00000000, 0x07000000, 0x00000000, 0x00000000, 0x00000000, 0x00000000,
  0x00000000, 0x00FFFFFF, 0x01000000, 0x00FFFFFF, 0xA9BFBFBF, 0xFA1E1E1E, 0xFD060606, 0xFF020202,
  0xFF010101, 0xEE1B1B1B, 0x82E3E3E3, 0xFF5A5A5A, 0xFD000000, 0xFF060606, 0xFF000000, 0xFF787878,
  0xFF3E3E3E, 0xFF000000, 0xFF030303, 0xFB000000, 0xFF373737, 0x2A676767, 0x00000000, 0x02000000,
  0x00000000, 0x00000000, 0x00000000, 0x00000000, 0x00000000, 0x00000000, 0x00000000, 0x00FFFFFF,
  0x03AAAAAA, 0x00FFFFFF, 0xF1393939, 0xFD020202, 0xFF020202, 0xF8000000, 0xFF1A1A1A, 0x50333333,
  0x00000000, 0x043F3F3F, 0x00000000, 0x00000000, 0x00000000, 0x00000000, 0x00000000, 0x00000000,
  0x00000000, 0x00000000, 0x00000000, 0x00000000, 0x00000000, 0x00000000, 0x00000000, 0x00000000,
  0x00000000, 0x00000000, 0x00000000, 0x00000000, 0x04BFBFBF, 0x00000000, 0x00FFFFFF, 0xFF7B7B7B,
  0xF8000000, 0xFF060606, 0xFC000000, 0xFF262626, 0xBCD2D2D2, 0x00000000, 0x06D4D4D4, 0x00000000,
  0x00000000, 0x00000000, 0x00000000, 0x00000000, 0x00000000, 0x00000000, 0x00000000, 0x00000000,
  0x00000000, 0x00000000, 0x00000000, 0x00000000, 0x00000000, 0x03AAAAAA, 0x00000000, 0x40B7B7B7,
  0xFF5F5F5F, 0xF9000000, 0xFE030303, 0xFF010101, 0xEB434343, 0x00000000, 0x01000000, 0x00000000,
  0x00000000, 0x00000000, 0x00000000, 0x00000000, 0x00000000, 0x00000000, 0x00000000, 0x00FFFFFF,
  0x00000000, 0x00FFFFFF, 0xFFBCBCBC, 0xFD000000, 0xFF060606, 0xFE000000, 0xFF000000, 0xFFC4C4C4,
  0x027F7F7F, 0x01000000, 0x00000000, 0x00000000, 0x00000000, 0x00000000, 0x00000000, 0x00000000,
  0x00000000, 0x00000000, 0x00000000, 0x00000000, 0x00000000, 0x00000000, 0x00000000, 0x00000000,
  0x00000000, 0x00000000, 0x00000000, 0x067F7F7F, 0x00000000, 0x76B5B5B5, 0xFE494949, 0xF8000000,
  0xFE030303, 0xFC030303, 0xE3454545, 0x00FFFFFF, 0x047F7F7F, 0x00FFFFFF, 0x00000000, 0x00000000,
  0x00000000, 0x00000000, 0x00000000, 0x00000000, 0x00000000, 0x00000000, 0x00000000, 0x00000000,
  0x00000000, 0x00000000, 0x00000000, 0x00000000, 0x00000000, 0x00000000, 0x00000000, 0x00000000,
  0x00000000, 0x00000000, 0x00000000, 0x00000000, 0x00000000, 0x00000000, 0x00000000, 0x00000000,
  0x00000000, 0x00000000, 0x00000000, 0x00000000, 0x00000000, 0x00000000, 0x00000000, 0x00000000,
  0x00000000, 0x00000000, 0x00000000, 0x01000000, 0x00000000, 0x127F7F7F, 0xFF3B3B3B, 0xFE000000,
  0xFF040404, 0xFD000000, 0xFF707070, 0x1AD7D7D7, 0x00000000, 0x01000000, 0x00000000, 0x00000000,
  0x00000000, 0x00000000, 0x00000000, 0x00000000, 0x00000000, 0x00000000, 0x00000000, 0x027F7F7F,
  0x00000000, 0x00FFFFFF, 0xFF949494, 0xFA000000, 0xFF050505, 0xFE000000, 0xFF0D0D0D, 0xDDBFBFBF,
  0x00000000, 0x03AAAAAA, 0x00000000, 0x00000000, 0x00000000, 0x00000000, 0x00000000, 0x03AAAAAA,
  0x06AAAAAA, 0x49DCDCDC, 0xE1242424, 0xFD020202, 0xFE020202, 0xF8010101, 0xFD282828, 0x543F3F3F,
  0x00000000, 0x05666666, 0x00000000, 0x00000000, 0x00000000, 0x00FFFFFF, 0x00000000, 0x59E2E2E2,
  0xF51A1A1A, 0xFE010101, 0xFF000000, 0xFD030303, 0xFE040404, 0xAB7E7E7E, 0x00000000, 0x03AAAAAA,
  0x01000000, 0x00000000, 0x00000000, 0x00000000, 0x00000000, 0x00000000, 0x00000000, 0x00000000,
  0x00000000, 0x00000000, 0x00000000, 0x00000000, 0x087F7F7F, 0x00000000, 0x7A989898, 0xFF3F3F3F,
  0xF8000000, 0xFF080808, 0xF9000000, 0xFF424242, 0x96BEBEBE, 0x00000000, 0x089F9F9F, 0x00000000,
  0x00000000, 0x00000000, 0x07B6B6B6, 0x00000000, 0xABD9D9D9, 0xFF343434, 0xFB000000, 0xF9020202,
  0xFF000000, 0x88000000, 0x00000000, 0x07000000, 0x00000000, 0x00000000, 0x00000000, 0x00000000,
  0x00000000, 0x00000000, 0x00FFFFFF, 0x00000000, 0x00FFFFFF, 0xFFAAAAAA, 0xF8000000, 0xFF040404,
  0xFF010101, 0xFF030303, 0xFF8C8C8C, 0xFF6A6A6A, 0xFF000000, 0xFF070707, 0xFF000000, 0xFF787878,
  0xFF3E3E3E, 0xFF000000, 0xFF030303, 0xFB000000, 0xFF373737, 0x2B646464, 0x00FFFFFF, 0x03555555,
  0x00FFFFFF, 0x00FFFFFF, 0x00FFFFFF, 0x00FFFFFF, 0x00FFFFFF, 0x01000000, 0x00000000, 0x047F7F7F,
  0x00000000, 0xC9B0B0B0, 0xFF1D1D1D, 0xFC000000, 0xFF050505, 0xF7000000, 0xFF555555, 0x51ADADAD,
  0x00000000, 0x047F7F7F, 0x00000000, 0x00000000, 0x00000000, 0x00000000, 0x00000000, 0x00000000,
  0x00000000, 0x00000000, 0x00000000, 0x00000000, 0x00000000, 0x00000000, 0x00000000, 0x00000000,
  0x00000000, 0x00000000, 0x00000000, 0x00000000, 0x04BFBFBF, 0x00000000, 0x00FFFFFF, 0xFF7B7B7B,
  0xF8000000, 0xFF060606, 0xFC000000, 0xFF262626, 0xBCD2D2D2, 0x00000000, 0x06D4D4D4, 0x00000000,
  0x00000000, 0x00000000, 0x00000000, 0x00000000, 0x00000000, 0x00000000, 0x00000000, 0x00000000,
  0x00000000, 0x00000000, 0x00000000, 0x00000000, 0x00000000, 0x03AAAAAA, 0x00000000, 0x40B7B7B7,
  0xFF5F5F5F, 0xF9000000, 0xFE030303, 0xFF010101, 0xEB434343, 0x00000000, 0x01000000, 0x00000000,
  0x00000000, 0x00000000, 0x00000000, 0x00000000, 0x00000000, 0x00000000, 0x00000000, 0x00000000,
  0x027F7F7F, 0x00FFFFFF, 0x708A8A8A, 0xFE161616, 0xFB020202, 0xFE000000, 0xFF040404, 0xE6545454,
  0x00000000, 0x00000000, 0x00FFFFFF, 0x00000000, 0x00000000, 0x00000000, 0x00000000, 0x00000000,
  0x00000000, 0x00000000, 0x00000000, 0x00FFFFFF, 0x00FFFFFF, 0x00000000, 0x00000000, 0x00000000,
  0x00000000, 0x00000000, 0x00000000, 0x06D4D4D4, 0x00000000, 0x00FFFFFF, 0xFF6C6C6C, 0xF7000000,
  0xFF070707, 0xF9000000, 0xFF3F3F3F, 0x9EC4C4C4, 0x00000000, 0x089F9F9F, 0x00000000, 0x00000000,
  0x00000000, 0x00000000, 0x00000000, 0x00000000, 0x00000000, 0x00000000, 0x00000000, 0x00FFFFFF,
  0x01000000, 0x00000000, 0x00000000, 0x00000000, 0x00000000, 0x00000000, 0x00000000, 0x00000000,
  0x00000000, 0x00000000, 0x00000000, 0x00000000, 0x00000000, 0x00000000, 0x00000000, 0x00000000,
  0x00000000, 0x00000000, 0x00000000, 0x00000000, 0x00000000, 0x00000000, 0x00000000, 0x00000000,
  0x00000000, 0x00000000, 0x00000000, 0x01000000, 0x00000000, 0x127F7F7F, 0xFF3B3B3B, 0xFE000000,
  0xFF040404, 0xFD000000, 0xFF707070, 0x1AD7D7D7, 0x00000000, 0x01000000, 0x00000000, 0x00000000,
  0x00000000, 0x00000000, 0x00000000, 0x00000000, 0x00000000, 0x00000000, 0x00000000, 0x027F7F7F,
  0x00000000, 0x00FFFFFF, 0xFF949494, 0xFA000000, 0xFF050505, 0xFE000000, 0xFF0D0D0D, 0xDDBFBFBF,
  0x00000000, 0x03AAAAAA, 0x00000000, 0x00000000, 0x00000000, 0x00000000, 0x00000000, 0x00000000,
  0x05666666, 0x00000000, 0xC96E6E6E, 0xFF101010, 0xFD000000, 0xFD040404, 0xFB020202, 0xD66D6D6D,
  0x2DEEEEEE, 0x01000000, 0x00FFFFFF, 0x00000000, 0x00000000, 0x00000000, 0x00000000, 0x00000000,
  0xFD818181, 0xFE000000, 0xFF040404, 0xFF010101, 0xFE000000, 0xFF333333, 0xBBCBCBCB, 0x00000000,
  0x00000000, 0x00FFFFFF, 0x00000000, 0x00000000, 0x00000000, 0x00000000, 0x00000000, 0x00000000,
  0x00000000, 0x00FFFFFF, 0x00FFFFFF, 0x01000000, 0x00000000, 0x34939393, 0xD93B3B3B, 0xF7000000,
  0xFE030303, 0xFD030303, 0xFD080808, 0xCD484848, 0x2AF8F8F8, 0x07B6B6B6, 0x027F7F7F, 0x00000000,
  0x00000000, 0x00000000, 0x07B6B6B6, 0x00000000, 0xABD9D9D9, 0xFF343434, 0xFB000000, 0xF9020202,
  0xFF000000, 0x88000000, 0x00000000, 0x07000000, 0x00000000, 0x00000000, 0x00000000, 0x00000000,
  0x00000000, 0x00000000, 0x00010101, 0x04BFBFBF, 0x00FFFFFF, 0x8CCFCFCF, 0xFF4B4B4B, 0xF9000000,
  0xFF040404, 0xFE000000, 0xF9090909, 0xFF313131, 0xFF000000, 0xFF050505, 0xFF000000, 0xFF787878,
  0xFF3E3E3E, 0xFF000000, 0xFF030303, 0xFB000000, 0xFF383838, 0x225A5A5A, 0x00000000, 0x00000000,
  0x00000000, 0x00000000, 0x00000000, 0x00000000, 0x00000000, 0x00000000, 0x00FFFFFF, 0x00FFFFFF,
  0x84AFAFAF, 0xF2343434, 0xFA020202, 0xFF050505, 0xFF050505, 0xFC040404, 0xFF999999, 0x00FFFFFF,
  0x00000000, 0x00FFFFFF, 0x00000000, 0x00000000, 0x00000000, 0x00000000, 0x00000000, 0x00000000,
  0x00000000, 0x00000000, 0x00000000, 0x00000000, 0x00000000, 0x00000000, 0x00000000, 0x00000000,
  0x00000000, 0x00000000, 0x00000000, 0x00000000, 0x04BFBFBF, 0x00000000, 0x00FFFFFF, 0xFF7B7B7B,
  0xF8000000, 0xFF060606, 0xFC000000, 0xFF262626, 0xBCD2D2D2, 0x00000000, 0x06D4D4D4, 0x00000000,
  0x00000000, 0x00000000, 0x00000000, 0x00000000, 0x00000000, 0x00000000, 0x00000000, 0x00000000,
  0x00000000, 0x00000000, 0x00000000, 0x00000000, 0x00000000, 0x03AAAAAA, 0x00000000, 0x40B7B7B7,
  0xFF5F5F5F, 0xF9000000, 0xFE030303, 0xFF010101, 0xEB434343, 0x00000000, 0x01000000, 0x00000000,
  0x00000000, 0x00000000, 0x00000000, 0x00000000, 0x00000000, 0x00000000, 0x00000000, 0x00000000,
  0x03AAAAAA, 0x00000000, 0x33B9B9B9, 0xFF696969, 0xF7000000, 0xFF060606, 0xFD010101, 0xFC181818,
  0xB5A0A0A0, 0x00FFFFFF, 0x00000000, 0x00000000, 0x03AAAAAA, 0x03AAAAAA, 0x03AAAAAA, 0x03AAAAAA,
  0x03AAAAAA, 0x03555555, 0x03555555, 0x00000000, 0x00000000, 0x00010101, 0x00FFFFFF, 0x00FFFFFF,
  0x00000000, 0x00000000, 0x00000000, 0x00FFFFFF, 0x06555555, 0x00FFFFFF, 0xAF6B6B6B, 0xFF1A1A1A,
  0xFA010101, 0xFF060606, 0xF8030303, 0xEE666666, 0x00FFFFFF, 0x00000000, 0x067F7F7F, 0x03AAAAAA,
  0x03AAAAAA, 0x03AAAAAA, 0x03AAAAAA, 0x03AAAAAA, 0x03AAAAAA, 0x03555555, 0x01000000, 0x00000000,
  0x00000000, 0x00070707, 0x00FFFFFF, 0x00000000, 0x00000000, 0x00000000, 0x00000000, 0x00000000,
  0x00000000, 0x00000000, 0x00000000, 0x00000000, 0x00000000, 0x00000000, 0x00000000, 0x00000000,
  0x00000000, 0x00000000, 0x00000000, 0x00000000, 0x00000000, 0x00000000, 0x00000000, 0x00000000,
  0x00000000, 0x00000000, 0x00000000, 0x01000000, 0x00000000, 0x127F7F7F, 0xFF3B3B3B, 0xFE000000,
  0xFF040404, 0xFD000000, 0xFF707070, 0x1AD7D7D7, 0x00000000, 0x01000000, 0x00000000, 0x00000000,
  0x00000000, 0x00000000, 0x00000000, 0x00000000, 0x00000000, 0x00000000, 0x00000000, 0x027F7F7F,
  0x00000000, 0x00FFFFFF, 0xFF949494, 0xFA000000, 0xFF050505, 0xFE000000, 0xFF0D0D0D, 0xDDBFBFBF,
  0x00000000, 0x03AAAAAA, 0x00000000, 0x00000000, 0x00000000, 0x00000000, 0x00000000, 0x00000000,
  0x00FFFFFF, 0x04BFBFBF, 0xC9E0E0E0, 0xFC191919, 0xFD000000, 0xFF050505, 0xF9000000, 0xFF414141,
  0x48838383, 0x00FFFFFF, 0x03555555, 0x00000000, 0x00000000, 0x00000000, 0x01000000, 0x00FFFFFF,
  0x32A8A8A8, 0xFF303030, 0xFC000000, 0xFF020202, 0xFF030303, 0xF9000000, 0xFF585858, 0xBDECECEC,
  0x00FFFFFF, 0x00000000, 0x00000000, 0x03555555, 0x03555555, 0x03AAAAAA, 0x03AAAAAA, 0x03555555,
  0x03555555, 0x00000000, 0x00000000, 0x00FFFFFF, 0x2DDDDDDD, 0xEF707070, 0xFF0D0D0D, 0xFE060606,
  0xFF030303, 0xF9000000, 0xFF333333, 0xB1DDDDDD, 0x00000000, 0x00FFFFFF, 0x00000000, 0x00000000,
  0x00000000, 0x00000000, 0x07B6B6B6, 0x00000000, 0xABD9D9D9, 0xFF343434, 0xFB000000, 0xF9020202,
  0xFF000000, 0x88000000, 0x00000000, 0x07000000, 0x00000000, 0x00000000, 0x00000000, 0x00000000,
  0x00000000, 0x00000000, 0x00000000, 0x00FFFFFF, 0x02000000, 0x01000000, 0x96585858, 0xFF171717,
  0xFA000000, 0xFF020202, 0xFF020202, 0xFF000000, 0xFF000000, 0xFF010101, 0xFF000000, 0xFF787878,
  0xFF3F3F3F, 0xFF000000, 0xFF030303, 0xFC000000, 0xFF333333, 0x458C8C8C, 0x21D8D8D8, 0x22C3C3C3,
  0x21D0D0D0, 0x21D0D0D0, 0x21D0D0D0, 0x21D0D0D0, 0x23D3D3D3, 0x218B8B8B, 0x60AAAAAA, 0xFA9F9F9F,
  0xFC161616, 0xFF000000, 0xFF020202, 0xFE050505, 0xF4000000, 0xEF363636, 0x6AA8A8A8, 0x00FFFFFF,
  0x05999999, 0x00000000, 0x00000000, 0x00000000, 0x00000000, 0x00000000, 0x00000000, 0x00000000,
  0x00000000, 0x00000000, 0x00000000, 0x00000000, 0x00000000, 0x00000000, 0x00000000, 0x00000000,
  0x00000000, 0x00000000, 0x00000000, 0x00000000, 0x04BFBFBF, 0x00000000, 0x00FFFFFF, 0xFF7B7B7B,
  0xF8000000, 0xFF060606, 0xFC000000, 0xFF262626, 0xBCD2D2D2, 0x00000000, 0x06D4D4D4, 0x00000000,
  0x00000000, 0x00000000, 0x00000000, 0x00000000, 0x00000000, 0x00000000, 0x00000000, 0x00000000,
  0x00000000, 0x00000000, 0x00000000, 0x00000000, 0x00000000, 0x03AAAAAA, 0x00000000, 0x40B7B7B7,
  0xFF5F5F5F, 0xF9000000, 0xFE030303, 0xFF010101, 0xEB434343, 0x00000000, 0x01000000, 0x00000000,
  0x00000000, 0x00000000, 0x00000000, 0x00000000, 0x00000000, 0x00000000, 0x00000000, 0x00000000,
  0x00FFFFFF, 0x00FFFFFF, 0x00FFFFFF, 0xF1B1B1B1, 0xFF0F0F0F, 0xFE030303, 0xFF040404, 0xFC000000,
  0xFF3F3F3F, 0xB1BBBBBB, 0x00FFFFFF, 0x00FFFFFF, 0x00000000, 0x00000000, 0x00000000, 0x00000000,
  0x00000000, 0x00000000, 0x00000000, 0x00FFFFFF, 0x00FFFFFF, 0x4B929292, 0xFAE2E2E2, 0x73CCCCCC,
  0x00000000, 0x06D4D4D4, 0x00000000, 0x00000000, 0x06AAAAAA, 0x00000000, 0x85E0E0E0, 0xF3383838,
  0xFA000000, 0xFF040404, 0xFF000000, 0xFD040404, 0xFF9C9C9C, 0x60F9F9F9, 0x00050505, 0x00000000,
  0x00000000, 0x00000000, 0x00000000, 0x00000000, 0x00000000, 0x00000000, 0x00050505, 0x00FFFFFF,
  0x207F7F7F, 0xA1A1A1A1, 0xFAEEEEEE, 0x00FFFFFF, 0x00000000, 0x00FFFFFF, 0x00000000, 0x00000000,
  0x00000000, 0x00000000, 0x00000000, 0x00000000, 0x00000000, 0x00000000, 0x00000000, 0x00000000,
  0x00000000, 0x00000000, 0x00000000, 0x00000000, 0x00000000, 0x00000000, 0x00000000, 0x00000000,
  0x00000000, 0x00000000, 0x00000000, 0x01000000, 0x00000000, 0x127F7F7F, 0xFF3B3B3B, 0xFE000000,
  0xFF040404, 0xFD000000, 0xFF707070, 0x1AD7D7D7, 0x00000000, 0x01000000, 0x00000000, 0x00000000,
  0x00000000, 0x00000000, 0x00000000, 0x00000000, 0x00000000, 0x00000000, 0x00000000, 0x027F7F7F,
  0x00000000, 0x00FFFFFF, 0xFF959595, 0xFA000000, 0xFF050505, 0xFE000000, 0xFF0D0D0D, 0xDDC0C0C0,
  0x00000000, 0x03AAAAAA, 0x00000000, 0x00000000, 0x00000000, 0x00000000, 0x00000000, 0x00000000,
  0x00000000, 0x01000000, 0x00FFFFFF, 0xFA5F5F5F, 0xFF030303, 0xFE000000, 0xFF060606, 0xFA000000,
  0xFBA7A7A7, 0x00FFFFFF, 0x00000000, 0x00FFFFFF, 0x00000000, 0x00000000, 0x01000000, 0x00000000,
  0x00FFFFFF, 0xE8ABABAB, 0xFF121212, 0xFB020202, 0xFF030303, 0xFF020202, 0xFA000000, 0xFF3C3C3C,
  0xBAB0B0B0, 0x00FFFFFF, 0x00FFFFFF, 0x00000000, 0x00000000, 0x00000000, 0x00000000, 0x00000000,
  0x00000000, 0x00FFFFFF, 0x00FFFFFF, 0xEBC8C8C8, 0xFD4C4C4C, 0xFF040404, 0xFD000000, 0xFF030303,
  0xFA000000, 0xFF1A1A1A, 0xC0949494, 0x00FFFFFF, 0x05999999, 0x00000000, 0x00000000, 0x00000000,
  0x00000000, 0x00000000, 0x07B6B6B6, 0x00000000, 0xABD9D9D9, 0xFF343434, 0xFB000000, 0xF9020202,
  0xFF000000, 0x88000000, 0x00000000, 0x07000000, 0x00000000, 0x00000000, 0x00000000, 0x00000000,
  0x00000000, 0x00000000, 0x00000000, 0x00000000, 0x06D4D4D4, 0x00000000, 0x6CE7E7E7, 0xF14D4D4D,
  0xF8020202, 0xFF030303, 0xFF020202, 0xFF000000, 0xFF010101, 0xFF020202, 0xFF000000, 0xFF787878,
  0xFF3F3F3F, 0xFF000000, 0xFF010101, 0xFF000000, 0xFF090909, 0xFF5F5F5F, 0xFF727272, 0xFF6A6A6A,
  0xFF6E6E6E, 0xFF6C6C6C, 0xFF6C6C6C, 0xFF6E6E6E, 0xFF6D6D6D, 0xFF4B4B4B, 0xFF0F0F0F, 0xFF000000,
  0xFF000000, 0xFF030303, 0xFF060606, 0xF6000000, 0xFF383838, 0xA6818181, 0x00000000, 0x07484848,
  0x00000000, 0x00000000, 0x00000000, 0x00000000, 0x00000000, 0x00000000, 0x00000000, 0x00000000,
  0x00000000, 0x00000000, 0x00000000, 0x00000000, 0x00000000, 0x00000000, 0x00000000, 0x00000000,
  0x00000000, 0x00000000, 0x00000000, 0x00000000, 0x04BFBFBF, 0x00000000, 0x00FFFFFF, 0xFF7C7C7C,
  0xF8000000, 0xFF070707, 0xFC000000, 0xFF272727, 0xBCD0D0D0, 0x00000000, 0x06D4D4D4, 0x00000000,
  0x00000000, 0x00000000, 0x00000000, 0x00000000, 0x00000000, 0x00000000, 0x00000000, 0x00000000,
  0x00000000, 0x00000000, 0x00000000, 0x00000000, 0x00000000, 0x03AAAAAA, 0x00000000, 0x40B7B7B7,
  0xFF5F5F5F, 0xF9000000, 0xFE040404, 0xFF020202, 0xEB424242, 0x00000000, 0x01000000, 0x00000000,
  0x00000000, 0x00000000, 0x00000000, 0x00000000, 0x00000000, 0x00000000, 0x00000000, 0x00000000,
  0x00000000, 0x047F7F7F, 0x00000000, 0x3FC2C2C2, 0xDC525252, 0xF3000000, 0xFC060606, 0xFF020202,
  0xFE000000, 0xFF121212, 0xFFAFAFAF, 0x8EB1B1B1, 0x44C3C3C3, 0x00FFFFFF, 0x00FFFFFF, 0x00FFFFFF,
  0x44E8E8E8, 0x479A9A9A, 0x44565656, 0xF0A0A0A0, 0xFF898989, 0xFF101010, 0xFF1B1B1B, 0x7B636363,
  0x00000000, 0x06555555, 0x00000000, 0x00000000, 0x00000000, 0x07919191, 0x00000000, 0xD0919191,
  0xFC111111, 0xFB030303, 0xFF030303, 0xFF010101, 0xFD000000, 0xFF686868, 0x62626262, 0x449D9D9D,
  0x45E8E8E8, 0x00FFFFFF, 0x00FFFFFF, 0x00FFFFFF, 0x45C3C3C3, 0x44707070, 0x65676767, 0xFFA6A6A6,
  0xFF454545, 0xFF000000, 0xFF747474, 0x20E7E7E7, 0x00000000, 0x00FFFFFF, 0x00000000, 0x00000000,
  0x00000000, 0x00000000, 0x00000000, 0x00000000, 0x00000000, 0x00000000, 0x00000000, 0x00000000,
  0x00000000, 0x00000000, 0x00000000, 0x00000000, 0x00000000, 0x00000000, 0x00000000, 0x00000000,
  0x00000000, 0x00000000, 0x00000000, 0x01000000, 0x00000000, 0x12717171, 0xFF3A3A3A, 0xFE000000,
  0xFF060606, 0xFD000000, 0xFF6F6F6F, 0x1ACDCDCD, 0x00000000, 0x01000000, 0x00000000, 0x00000000,
  0x00000000, 0x00000000, 0x00000000, 0x00000000, 0x00000000, 0x00000000, 0x00000000, 0x027F7F7F,
  0x00000000, 0x00FFFFFF, 0xFF959595, 0xFA000000, 0xFF070707, 0xFE000000, 0xFF0D0D0D, 0xDDC3C3C3,
  0x00000000, 0x03AAAAAA, 0x00000000, 0x00000000, 0x00000000, 0x00000000, 0x00000000, 0x00000000,
  0x00000000, 0x00FFFFFF, 0x00000000, 0xB0ADADAD, 0xFF040404, 0xFE000000, 0xFF040404, 0xFD000000,
  0xFF3C3C3C, 0x59CECECE, 0x00FFFFFF, 0x01000000, 0x00000000, 0x00000000, 0x00000000, 0x027F7F7F,
  0x01000000, 0x1AF5F5F5, 0xDA7A7A7A, 0xFF0C0C0C, 0xFA000000, 0xFF040404, 0xFF010101, 0xFE000000,
  0xFF060606, 0xFF8A8A8A, 0x96787878, 0x44474747, 0x48A2A2A2, 0x44B4B4B4, 0x44BBBBBB, 0x49A4A4A4,
  0x445D5D5D, 0xCEA0A0A0, 0xFF858585, 0xFF030303, 0xFF000000, 0xFE000000, 0xFF060606, 0xFA000000,
  0xFF191919, 0xBE676767, 0x00000000, 0x00000000, 0x00000000, 0x00000000, 0x00000000, 0x00000000,
  0x00000000, 0x00000000, 0x07B6B6B6, 0x00000000, 0xABD5D5D5, 0xFF353535, 0xFB000000, 0xF9020202,
  0xFF020202, 0x88010101, 0x00000000, 0x07000000, 0x00000000, 0x00000000, 0x00000000, 0x00000000,
  0x00000000, 0x00000000, 0x00000000, 0x00000000, 0x00000000, 0x087F7F7F, 0x00000000, 0xB2969696,
  0xFF1C1C1C, 0xFA000000, 0xFF010101, 0xFF010101, 0xFF010101, 0xFF020202, 0xFF000000, 0xFF7A7A7A,
  0xFF404040, 0xFF010101, 0xFF000000, 0xFF000000, 0xFF000000, 0xFD000000, 0xFC000000, 0xFC000000,
  0xFC000000, 0xFC000000, 0xFC000000, 0xFC000000, 0xFC000000, 0xFC000000, 0xFD010101, 0xFF060606,
  0xFF090909, 0xFA000000, 0xF9000000, 0xFF373737, 0x94868686, 0x00FFFFFF, 0x00FFFFFF, 0x00FFFFFF,
  0x00000000, 0x00000000, 0x00000000, 0x00000000, 0x00000000, 0x00000000, 0x00000000, 0x00000000,
  0x00000000, 0x00000000, 0x00000000, 0x00000000, 0x00000000, 0x00000000, 0x00000000, 0x00000000,
  0x00000000, 0x00000000, 0x00000000, 0x00000000, 0x04BFBFBF, 0x00000000, 0x4EF8F8F8, 0xFC797979,
  0xF8010101, 0xFF050505, 0xFC000000, 0xFF2A2A2A, 0xBCD0D0D0, 0x00000000, 0x06D4D4D4, 0x00000000,
  0x00000000, 0x00000000, 0x00000000, 0x00000000, 0x00000000, 0x00000000, 0x00000000, 0x00000000,
  0x00000000, 0x00000000, 0x00000000, 0x00000000, 0x00000000, 0x03AAAAAA, 0x00000000, 0x40BBBBBB,
  0xFF606060, 0xF9000000, 0xFE060606, 0xFF030303, 0xEB424242, 0x00000000, 0x01000000, 0x00000000,
  0x00000000, 0x00000000, 0x00000000, 0x00000000, 0x00000000, 0x00000000, 0x00000000, 0x00000000,
  0x00000000, 0x00000000, 0x098D8D8D, 0x00000000, 0x8ABCBCBC, 0xFF5E5E5E, 0xF7000000, 0xFF040404,
  0xFF050505, 0xFF000000, 0xFC000000, 0xFF272727, 0xFF626262, 0xFF818181, 0xFF858585, 0xFF868686,
  0xFF767676, 0xFF4D4D4D, 0xFF2E2E2E, 0xFF000000, 0xFC000000, 0xF7020202, 0xFD232323, 0x774B4B4B,
  0x00000000, 0x06555555, 0x00000000, 0x00000000, 0x00000000, 0x00FFFFFF, 0x00FFFFFF, 0x00FFFFFF,
  0xFF8D8D8D, 0xF7000000, 0xFA000000, 0xFF050505, 0xFF040404, 0xFD000000, 0xFF0F0F0F, 0xFF515151,
  0xFF757575, 0xFF868686, 0xFF838383, 0xFF808080, 0xFF636363, 0xFF3B3B3B, 0xFF101010, 0xFC000000,
  0xFC000000, 0xFB070707, 0xFA696969, 0x1EC3C3C3, 0x00000000, 0x00FFFFFF, 0x00000000, 0x00000000,
  0x00000000, 0x00000000, 0x00000000, 0x00000000, 0x00000000, 0x00000000, 0x00000000, 0x00000000,
  0x00000000, 0x00000000, 0x00000000, 0x00000000, 0x00000000, 0x00000000, 0x00000000, 0x00000000,
  0x00000000, 0x00000000, 0x00000000, 0x01000000, 0x00000000, 0x127F7F7F, 0xFF3D3D3D, 0xFE000000,
  0xFF050505, 0xFD000000, 0xFF737373, 0x1AD7D7D7, 0x00000000, 0x01000000, 0x00000000, 0x00000000,
  0x00000000, 0x00000000, 0x00000000, 0x00000000, 0x00000000, 0x00000000, 0x00000000, 0x027F7F7F,
  0x00000000, 0x00FFFFFF, 0xFB929292, 0xFA010101, 0xFF060606, 0xFE000000, 0xFF0F0F0F, 0xDDC0C0C0,
  0x00000000, 0x03AAAAAA, 0x00000000, 0x00000000, 0x00000000, 0x00000000, 0x00000000, 0x00000000,
  0x00000000, 0x00000000, 0x00000000, 0x00000000, 0xFA393939, 0xFF030303, 0xFF020202, 0xFF020202,
  0xFF000000, 0xFFCCCCCC, 0x00FFFFFF, 0x00000000, 0x00000000, 0x00000000, 0x00000000, 0x00000000,
  0x03AAAAAA, 0x01000000, 0x228E8E8E, 0xD66C6C6C, 0xFF131313, 0xF6000000, 0xFF060606, 0xFF040404,
  0xFF020202, 0xFC000000, 0xFF000000, 0xFF242424, 0xFF505050, 0xFF5B5B5B, 0xFF606060, 0xFF505050,
  0xFF2F2F2F, 0xFF000000, 0xFC000000, 0xFF010101, 0xFF050505, 0xFE060606, 0xF6000000, 0xFF292929,
  0xB2717171, 0x00010101, 0x047F7F7F, 0x01000000, 0x00000000, 0x00000000, 0x00000000, 0x00000000,
  0x00000000, 0x00000000, 0x07B6B6B6, 0x00000000, 0xA7DDDDDD, 0xFE353535, 0xFB000000, 0xF9020202,
  0xFF020202, 0x88050505, 0x00000000, 0x07000000, 0x00000000, 0x00000000, 0x00000000, 0x00000000,
  0x00000000, 0x00000000, 0x00000000, 0x00000000, 0x00000000, 0x00FFFFFF, 0x04BFBFBF, 0x00FFFFFF,
  0xFE636363, 0xFF090909, 0xFE040404, 0xFF030303, 0xFF000000, 0xFF020202, 0xFF020202, 0xFA717171,
  0xFC5E5E5E, 0xFC000000, 0xFC030303, 0xFC010101, 0xFC010101, 0xFC050505, 0xFC060606, 0xFC040404,
  0xFC030303, 0xFC040404, 0xFC040404, 0xFC030303, 0xFC050505, 0xFC000000, 0xFC000000, 0xFD000000,
  0xFC000000, 0xFF2A2A2A, 0xFF909090, 0x61A2A2A2, 0x00000000, 0x00000000, 0x00000000, 0x00000000,
  0x00000000, 0x00000000, 0x00000000, 0x00000000, 0x00000000, 0x00000000, 0x00000000, 0x00000000,
  0x00000000, 0x00000000, 0x00000000, 0x00000000, 0x00000000, 0x00000000, 0x00000000, 0x00000000,
  0x00000000, 0x00000000, 0x00000000, 0x00000000, 0x04BFBFBF, 0x00000000, 0x00FFFFFF, 0xFF848484,
  0xF4000000, 0xFD070707, 0xF9000000, 0xFC222222, 0xBAD1D1D1, 0x00000000, 0x06D4D4D4, 0x00000000,
  0x00000000, 0x00000000, 0x00000000, 0x00000000, 0x00000000, 0x00000000, 0x00000000, 0x00000000,
  0x00000000, 0x00000000, 0x00000000, 0x00000000, 0x00000000, 0x03AAAAAA, 0x00000000, 0x3FB2B2B2,
  0xFC5D5D5D, 0xF6000000, 0xFB030303, 0xFC000000, 0xE83E3E3E, 0x00000000, 0x01000000, 0x00000000,
  0x00000000, 0x00000000, 0x00000000, 0x00000000, 0x00000000, 0x00000000, 0x00000000, 0x00000000,
  0x00000000, 0x00000000, 0x00FFFFFF, 0x00FFFFFF, 0x00FFFFFF, 0x6B9D9D9D, 0xF6484848, 0xFE000000,
  0xFB000000, 0xFF040404, 0xFF080808, 0xFB000000, 0xF9000000, 0xF9000000, 0xF9000000, 0xF9000000,
  0xF9000000, 0xF9000000, 0xF9000000, 0xFE080808, 0xFD060606, 0xF6000000, 0xFF2C2C2C, 0x86898989,
  0x00000000, 0x076D6D6D, 0x00000000, 0x00000000, 0x00000000, 0x00000000, 0x00FFFFFF, 0x00000000,
  0x61F4F4F4, 0xFF9F9F9F, 0xFF181818, 0xFC000000, 0xFE050505, 0xFF060606, 0xFA000000, 0xF9000000,
  0xF9000000, 0xF9000000, 0xF9000000, 0xF9000000, 0xF9000000, 0xF9000000, 0xFA030303, 0xFE080808,
  0xFD030303, 0xF9000000, 0xFF919191, 0x00FFFFFF, 0x00000000, 0x00FFFFFF, 0x00000000, 0x00000000,
  0x00000000, 0x00000000, 0x00000000, 0x00000000, 0x00000000, 0x00000000, 0x00000000, 0x00000000,
  0x00000000, 0x00000000, 0x00000000, 0x00000000, 0x00000000, 0x00000000, 0x00000000, 0x00000000,
  0x00000000, 0x00000000, 0x00000000, 0x01000000, 0x00000000, 0x12636363, 0xFC343434, 0xFB000000,
  0xFC070707, 0xFA000000, 0xFC6A6A6A, 0x1ACDCDCD, 0x00000000, 0x01000000, 0x00000000, 0x00000000,
  0x00000000, 0x00000000, 0x00000000, 0x00000000, 0x00000000, 0x00000000, 0x00000000, 0x027F7F7F,
  0x00000000, 0x00FFFFFF, 0xFF9E9E9E, 0xF7000000, 0xFD070707, 0xFB000000, 0xFC070707, 0xDBBCBCBC,
  0x00000000, 0x03AAAAAA, 0x00000000, 0x00000000, 0x00000000, 0x00000000, 0x00000000, 0x00000000,
  0x00000000, 0x00000000, 0x00000000, 0x00FFFFFF, 0xFFB2B2B2, 0xFC000000, 0xFD050505, 0xFC020202,
  0xFC020202, 0xF2525252, 0x00FFFFFF, 0x00000000, 0x00000000, 0x00000000, 0x00000000, 0x00000000,
  0x00000000, 0x04BFBFBF, 0x00000000, 0x00FFFFFF, 0xDA989898, 0xFF434343, 0xFC000000, 0xFD000000,
  0xFF070707, 0xFF070707, 0xFB020202, 0xF9000000, 0xF9000000, 0xF9000000, 0xF9000000, 0xF9000000,
  0xF9000000, 0xFD050505, 0xFF070707, 0xFF050505, 0xFC000000, 0xFF000000, 0xFF646464, 0xAAA0A0A0,
  0x00FFFFFF, 0x067F7F7F, 0x027F7F7F, 0x00000000, 0x00000000, 0x00000000, 0x00000000, 0x00000000,
  0x00000000, 0x00000000, 0x089F9F9F, 0x00000000, 0xBBDCDCDC, 0xFF333333, 0xF8000000, 0xF6020202,
  0xFC000000, 0x86000000, 0x00000000, 0x07000000, 0x00000000, 0x00000000, 0x00000000, 0x00000000,
  0x00000000, 0x00000000, 0x00000000, 0x00000000, 0x00000000, 0x00000000, 0x03AAAAAA, 0x00000000,
  0x51A6A6A6, 0xF1141414, 0xFB000000, 0xFC020202, 0xFC000000, 0xFC020202, 0xFC000000, 0xFF9D9D9D,
  0xFFC6C6C6, 0xFF232323, 0xFF010101, 0xFF020202, 0xFF000000, 0xFF010101, 0xFF000000, 0xFF010101,
  0xFF010101, 0xFF000000, 0xFF010101, 0xFF000000, 0xFF020202, 0xFF1D1D1D, 0xFF444444, 0xFF6E6E6E,
  0xFFBBBBBB, 0x78A1A1A1, 0x00FFFFFF, 0x00000000, 0x076D6D6D, 0x00FFFFFF, 0x00000000, 0x00000000,
  0x00000000, 0x00000000, 0x00000000, 0x00000000, 0x00000000, 0x00000000, 0x00000000, 0x00000000,
  0x00000000, 0x00000000, 0x00000000, 0x00000000, 0x00000000, 0x00000000, 0x00000000, 0x00000000,
  0x00000000, 0x00000000, 0x00000000, 0x00000000, 0x00FFFFFF, 0x05666666, 0x00FFFFFF, 0xA0727272,
  0xFF212121, 0xFF010101, 0xFF000000, 0xFF505050, 0xC4E4E4E4, 0x00000000, 0x06D4D4D4, 0x00000000,
  0x00000000, 0x00000000, 0x00000000, 0x00000000, 0x00000000, 0x00000000, 0x00000000, 0x00000000,
  0x00000000, 0x00000000, 0x00000000, 0x00000000, 0x00000000, 0x03AAAAAA, 0x00000000, 0x43D5D5D5,
  0xFF868686, 0xFF000000, 0xFF010101, 0xFF0F0F0F, 0xF67B7B7B, 0x00000000, 0x00FFFFFF, 0x00000000,
  0x00000000, 0x00000000, 0x00000000, 0x00000000, 0x00000000, 0x00000000, 0x00000000, 0x00000000,
  0x00000000, 0x00000000, 0x00000000, 0x00000000, 0x00000000, 0x00000000, 0x34B0B0B0, 0xFE909090,
  0xFF2F2F2F, 0xFF000000, 0xFF000000, 0xFF000000, 0xFF040404, 0xFF060606, 0xFF050505, 0xFF070707,
  0xFF050505, 0xFF010101, 0xFF000000, 0xFF000000, 0xFF0C0C0C, 0xFF757575, 0xC1A2A2A2, 0x20C7C7C7,
  0x05CCCCCC, 0x027F7F7F, 0x00000000, 0x00000000, 0x00000000, 0x00000000, 0x00000000, 0x00FFFFFF,
  0x00000000, 0x00FFFFFF, 0x777A7A7A, 0xFF676767, 0xFF000000, 0xFF000000, 0xFF000000, 0xFF010101,
  0xFF060606, 0xFF060606, 0xFF070707, 0xFF050505, 0xFF020202, 0xFF000000, 0xFF000000, 0xFF000000,
  0xFF333333, 0xFFA6A6A6, 0x75CCCCCC, 0x00FFFFFF, 0x00FFFFFF, 0x00000000, 0x00000000, 0x00000000,
  0x00000000, 0x00000000, 0x00000000, 0x00000000, 0x00000000, 0x00000000, 0x00000000, 0x00000000,
  0x00000000, 0x00000000, 0x00000000, 0x00000000, 0x00000000, 0x00000000, 0x00000000, 0x00000000,
  0x00000000, 0x00000000, 0x00000000, 0x01000000, 0x00000000, 0x13C9C9C9, 0xFF6D6D6D, 0xFF020202,
  0xFF030303, 0xFF080808, 0xFF9A9A9A, 0x1BF5F5F5, 0x00000000, 0x00FFFFFF, 0x00000000, 0x00000000,
  0x00000000, 0x00000000, 0x00000000, 0x00000000, 0x00000000, 0x00000000, 0x00000000, 0x01000000,
  0x03555555, 0x00FFFFFF, 0x82858585, 0xFF2E2E2E, 0xFF020202, 0xFF000000, 0xFF313131, 0xE7D7D7D7,
  0x00000000, 0x00FFFFFF, 0x00000000, 0x00000000, 0x00000000, 0x00000000, 0x00000000, 0x00000000,
  0x00000000, 0x00000000, 0x027F7F7F, 0x00FFFFFF, 0x64C6C6C6, 0xFF5A5A5A, 0xFF020202, 0xFF030303,
  0xFF000000, 0xFF686868, 0x00FFFFFF, 0x00000000, 0x00000000, 0x00000000, 0x00000000, 0x00000000,
  0x00000000, 0x00000000, 0x05999999, 0x00000000, 0x00FFFFFF, 0x44838383, 0xF7787878, 0xFF303030,
  0xFE000000, 0xFF000000, 0xFF000000, 0xFF000000, 0xFF050505, 0xFF040404, 0xFF040404, 0xFF040404,
  0xFF010101, 0xFF000000, 0xFF000000, 0xFD000000, 0xFF515151, 0xC67A7A7A, 0x44C3C3C3, 0x00FFFFFF,
  0x00000000, 0x00FFFFFF, 0x00000000, 0x00000000, 0x00000000, 0x00000000, 0x00000000, 0x00000000,
  0x00000000, 0x00000000, 0x027F7F7F, 0x047F7F7F, 0x2DD1D1D1, 0xE54F4F4F, 0xFF0A0A0A, 0xFF010101,
  0xFF1C1C1C, 0x8E4D4D4D, 0x00000000, 0x07484848, 0x00000000, 0x00000000, 0x00000000, 0x00000000,
  0x00000000, 0x00000000, 0x00000000, 0x00000000, 0x00000000, 0x00000000, 0x00000000, 0x06D4D4D4,
  0x00000000, 0xF4BDBDBD, 0xFF4D4D4D, 0xFF010101, 0xFF040404, 0xFF010101, 0xFF4C4C4C, 0x5BB8B8B8,
  0x21F7F7F7, 0x21454545, 0x21000000, 0x21000000, 0x21000000, 0x21000000, 0x21000000, 0x21000000,
  0x21000000, 0x21000000, 0x21000000, 0x21000000, 0x21000000, 0x21363636, 0x21838383, 0x20CFCFCF,
  0x00FFFFFF, 0x00070707, 0x00000000, 0x05666666, 0x00000000, 0x00000000, 0x00000000, 0x00000000,
  0x00000000, 0x00000000, 0x00000000, 0x00000000, 0x00000000, 0x00000000, 0x00000000, 0x00000000,
  0x00000000, 0x00000000, 0x00000000, 0x00000000, 0x00000000, 0x00000000, 0x00000000, 0x00000000,
  0x00000000, 0x00000000, 0x00000000, 0x00000000, 0x00000000, 0x01000000, 0x00000000, 0x062A2A2A,
  0x223C3C3C, 0x20000000, 0x21000000, 0x21737373, 0x19F4F4F4, 0x00000000, 0x00FFFFFF, 0x00000000,
  0x00000000, 0x00000000, 0x00000000, 0x00000000, 0x00000000, 0x00000000, 0x00000000, 0x00000000,
  0x00000000, 0x00000000, 0x00000000, 0x00000000, 0x00000000, 0x00000000, 0x00000000, 0x00FFFFFF,
  0x21A2A2A2, 0x21000000, 0x21000000, 0x211E1E1E, 0x1FACACAC, 0x00000000, 0x00000000, 0x00000000,
  0x00000000, 0x00000000, 0x00000000, 0x00000000, 0x00000000, 0x00000000, 0x00000000, 0x00000000,
  0x00000000, 0x00000000, 0x00000000, 0x00000000, 0x00FFFFFF, 0x05999999, 0x00000000, 0x00FFFFFF,
  0x4BB0B0B0, 0xFFC0C0C0, 0xFB646464, 0xFF393939, 0xFF090909, 0xFF000000, 0xFF050505, 0xFF010101,
  0xFF222222, 0xFF515151, 0xFF777777, 0xFEA5A5A5, 0x283F3F3F, 0x22E1E1E1, 0x00FFFFFF, 0x00000000,
  0x00FFFFFF, 0x00000000, 0x00000000, 0x00000000, 0x00000000, 0x00000000, 0x00000000, 0x00000000,
  0x05999999, 0x00000000, 0x00FFFFFF, 0x21C8C8C8, 0x9CAEAEAE, 0xFF9A9A9A, 0xFA3F3F3F, 0xFF1E1E1E,
  0xFF000000, 0xFF020202, 0xFF000000, 0xFF141414, 0xFF373737, 0xFC676767, 0xFFA6A6A6, 0xBCB0B0B0,
  0x205F5F5F, 0x00FFFFFF, 0x00010101, 0x00000000, 0x00FFFFFF, 0x00000000, 0x00000000, 0x00000000,
  0x00000000, 0x00000000, 0x00000000, 0x00000000, 0x00000000, 0x00000000, 0x00000000, 0x00000000,
  0x00000000, 0x00000000, 0x00000000, 0x00000000, 0x00000000, 0x00000000, 0x00000000, 0x00000000,
  0x00000000, 0x00000000, 0x00000000, 0x00000000, 0x00000000, 0x00FFFFFF, 0x219A9A9A, 0x21070707,
  0x21000000, 0x210F0F0F, 0x21C1C1C1, 0x00FFFFFF, 0x00000000, 0x00000000, 0x00000000, 0x00000000,
  0x00000000, 0x00000000, 0x00000000, 0x00000000, 0x00000000, 0x00000000, 0x00000000, 0x00000000,
  0x01000000, 0x00000000, 0x00000000, 0x225A5A5A, 0x20000000, 0x21000000, 0x21555555, 0x1DEDEDED,
  0x00000000, 0x00000000, 0x00000000, 0x00000000, 0x00000000, 0x00000000, 0x00000000, 0x00000000,
  0x00000000, 0x00000000, 0x00000000, 0x00000000, 0x00000000, 0x21B1B1B1, 0x21000000, 0x21000000,
  0x21000000, 0x21A2A2A2, 0x00FFFFFF, 0x00000000, 0x00000000, 0x00000000, 0x00000000, 0x00000000,
  0x00000000, 0x00000000, 0x00000000, 0x03AAAAAA, 0x00000000, 0x00000000, 0x00FFFFFF, 0x43A7A7A7,
  0xFFC2C2C2, 0xFC747474, 0xFF494949, 0xFF242424, 0xFF030303, 0xFF020202, 0xFF000000, 0xFF0A0A0A,
  0xFF2D2D2D, 0xFE5F5F5F, 0xFF909090, 0xEFBEBEBE, 0x21A2A2A2, 0x00FFFFFF, 0x00000000, 0x00000000,
  0x00FFFFFF, 0x00000000, 0x00000000, 0x00000000, 0x00000000, 0x00000000, 0x00000000, 0x00000000,
  0x00000000, 0x00000000, 0x00000000, 0x01000000, 0x00000000, 0x18747474, 0x22161616, 0x20000000,
  0x21363636, 0x129B9B9B, 0x00000000, 0x01000000, 0x00000000, 0x00000000, 0x00000000, 0x00000000,
  0x00000000, 0x00000000, 0x00000000, 0x00000000, 0x00000000, 0x00000000, 0x00000000, 0x00000000,
  0x047F7F7F, 0x00FFFFFF, 0x21929292, 0x21000000, 0x21070707, 0x21000000, 0x21929292, 0x00000000,
};

static const unsigned g_splash_nframes = 12u;
static const unsigned g_splash_sp00_w = 56u;
static const unsigned g_splash_sp00_h = 56u;
static const uint32_t g_splash_sp00_px[3136] = {
  0x00FFFFFF, 0x00FFFFFF, 0x00FFFFFF, 0x00FFFFFF, 0x00FFFFFF, 0x00FFFFFF, 0x00FFFFFF, 0x00FFFFFF,
  0x00FFFFFF, 0x00FFFFFF, 0x00FFFFFF, 0x00FFFFFF, 0x00FFFFFF, 0x00FFFFFF, 0x00FFFFFF, 0x00FFFFFF,
  0x00FFFFFF, 0x00FFFFFF, 0x00FFFFFF, 0x00FFFFFF, 0x00FFFFFF, 0x00FFFFFF, 0x00FFFFFF, 0x00FFFFFF,
  0x00FFFFFF, 0x00FFFFFF, 0x00FFFFFF, 0x00FFFFFF, 0x00FFFFFF, 0x4CF4FDFF, 0xB9DAEAF1, 0xBCE3F0FB,
  0x00FFFFFF, 0x00FFFFFF, 0x00FFFFFF, 0x00FFFFFF, 0x00FFFFFF, 0x00FFFFFF, 0x00FFFFFF, 0x00FFFFFF,
  0x00FFFFFF, 0x00FFFFFF, 0x00FFFFFF, 0x00FFFFFF, 0x00FFFFFF, 0x00FFFFFF, 0x00FFFFFF, 0x00FFFFFF,
  0x00FFFFFF, 0x00FFFFFF, 0x00FFFFFF, 0x00FFFFFF, 0x00FFFFFF, 0x00FFFFFF, 0x00FFFFFF, 0x00FFFFFF,
  0x00FFFFFF, 0x00FFFFFF, 0x00FFFFFF, 0x00FFFFFF, 0x00FFFFFF, 0x00FFFFFF, 0x00FFFFFF, 0x00FFFFFF,
  0x00FFFFFF, 0x00FFFFFF, 0x00FFFFFF, 0x00FFFFFF, 0x00FFFFFF, 0x00FFFFFF, 0x00FFFFFF, 0x00FFFFFF,
  0x00FFFFFF, 0x00FFFFFF, 0x00FFFFFF, 0x00FFFFFF, 0x00FFFFFF, 0x00FFFFFF, 0x00FFFFFF, 0x00FFFFFF,
  0x00FFFFFF, 0x00FFFFFF, 0x00FFFFFF, 0x00FFFFFF, 0x9EE6F4FA, 0xFFBCE1FF, 0xFF9DCAF0, 0xFFA4CEF2,
  0xEDC6E2FC, 0x00FFFFFF, 0x00FFFFFF, 0x00FFFFFF, 0x00FFFFFF, 0x00FFFFFF, 0x00FFFFFF, 0x00FFFFFF,
  0x00FFFFFF, 0x00FFFFFF, 0x00FFFFFF, 0x00FFFFFF, 0x00FFFFFF, 0x00FFFFFF, 0x00FFFFFF, 0x00FFFFFF,
  0x00FFFFFF, 0x00FFFFFF, 0x00FFFFFF, 0x00FFFFFF, 0x00FFFFFF, 0x00FFFFFF, 0x00FFFFFF, 0x00FFFFFF,
  0x00FFFFFF, 0x00FFFFFF, 0x00FFFFFF, 0x00FFFFFF, 0x00FFFFFF, 0x00FFFFFF, 0x00FFFFFF, 0x00FFFFFF,
  0x00FFFFFF, 0x00FFFFFF, 0x00FFFFFF, 0x00FFFFFF, 0x00FFFFFF, 0x00FFFFFF, 0x00FFFFFF, 0x00FFFFFF,
  0x34EFF8FC, 0x9EDCEBF9, 0x70E8F6FE, 0x00FFFFFF, 0x00FFFFFF, 0x00FFFFFF, 0x00FFFFFF, 0x00FFFFFF,
  0x00FFFFFF, 0x00FFFFFF, 0x00FFFFFF, 0x00FFFFFF, 0xF5C9E1EF, 0xF79BC7F5, 0xFB9BCCF6, 0xF79ACAF1,
  0xFFB1D7FE, 0x24F0F7FB, 0x00FFFFFF, 0x00FFFFFF, 0x00FFFFFF, 0x00FFFFFF, 0x00FFFFFF, 0x00FFFFFF,
  0x00FFFFFF, 0x00FFFFFF, 0x00FFFFFF, 0x00FFFFFF, 0x00FFFFFF, 0x00FFFFFF, 0x00FFFFFF, 0x00FFFFFF,
  0x00FFFFFF, 0x00FFFFFF, 0x00FFFFFF, 0x00FFFFFF, 0x00FFFFFF, 0x00FFFFFF, 0x00FFFFFF, 0x00FFFFFF,
  0x00FFFFFF, 0x00FFFFFF, 0x00FFFFFF, 0x00FFFFFF, 0x00FFFFFF, 0x00FFFFFF, 0x00FFFFFF, 0x00FFFFFF,
  0x00FFFFFF, 0x00FFFFFF, 0x00FFFFFF, 0x00FFFFFF, 0x00FFFFFF, 0x00FFFFFF, 0x00FFFFFF, 0x4AEDF6FC,
  0xFFD4F6FF, 0xFFB8DCFE, 0xFFC7E9FF, 0xE9CCE3F3, 0x00FFFFFF, 0x00FFFFFF, 0x00FFFFFF, 0x00FFFFFF,
  0x00FFFFFF, 0x00FFFFFF, 0x00FFFFFF, 0x00FFFFFF, 0xF7C8E3FB, 0xF997C9F5, 0xFF9ACCF6, 0xFB9BC9F3,
  0xFDAAD5FB, 0x1FEDF4F9, 0x00FFFFFF, 0x00FFFFFF, 0x00FFFFFF, 0x00FFFFFF, 0x00FFFFFF, 0x00FFFFFF,
  0x00FFFFFF, 0x00FFFFFF, 0x00FFFFFF, 0x00FFFFFF, 0x00FFFFFF, 0x00FFFFFF, 0x00FFFFFF, 0x00FFFFFF,
  0x00FFFFFF, 0x00FFFFFF, 0x00FFFFFF, 0x00FFFFFF, 0x00FFFFFF, 0x00FFFFFF, 0x00FFFFFF, 0x00FFFFFF,
  0x00FFFFFF, 0x00FFFFFF, 0x00FFFFFF, 0x00FFFFFF, 0x00FFFFFF, 0x00FFFFFF, 0x00FFFFFF, 0x00FFFFFF,
  0x00FFFFFF, 0x00FFFFFF, 0x00FFFFFF, 0x00FFFFFF, 0x00FFFFFF, 0x00FFFFFF, 0x00FFFFFF, 0xF9D3E5F5,
  0xF7B1D9FB, 0xF9B3DAF4, 0xF3B2D8F9, 0xFDC2E0FB, 0x36EEF5FB, 0x00FFFFFF, 0x00FFFFFF, 0x00FFFFFF,
  0x00FFFFFF, 0x00FFFFFF, 0x00FFFFFF, 0x00FFFFFF, 0xF7BCDEFB, 0xF996CAF7, 0xFF9ACBF3, 0xFB9AC8F4,
  0xFFAAD7FC, 0x11F4FAFF, 0x00FFFFFF, 0x00FFFFFF, 0x00FFFFFF, 0x00FFFFFF, 0x00FFFFFF, 0x00FFFFFF,
  0x00FFFFFF, 0x00FFFFFF, 0x00FFFFFF, 0x00FFFFFF, 0x00FFFFFF, 0x00FFFFFF, 0x00FFFFFF, 0x00FFFFFF,
  0x00FFFFFF, 0x00FFFFFF, 0x00FFFFFF, 0x00FFFFFF, 0x00FFFFFF, 0x00FFFFFF, 0x00FFFFFF, 0x00FFFFFF,
  0x00FFFFFF, 0x00FFFFFF, 0x00FFFFFF, 0x00FFFFFF, 0x00FFFFFF, 0x00FFFFFF, 0x00FFFFFF, 0x00FFFFFF,
  0x00FFFFFF, 0x00FFFFFF, 0x00FFFFFF, 0x00FFFFFF, 0x00FFFFFF, 0x00FFFFFF, 0x00FFFFFF, 0xCAD1E5F5,
  0xFFB4DCFC, 0xFDB5D8F2, 0xFBB4D8FB, 0xFFB6DCFC, 0xE9CEE1F2, 0x00FFFFFF, 0x00FFFFFF, 0x00FFFFFF,
  0x00FFFFFF, 0x00FFFFFF, 0x00FFFFFF, 0x22F6FAFD, 0xFFBBDFFF, 0xF795CBF5, 0xFF9DCBF1, 0xFD99C7F3,
  0xFFAED7F9, 0x00FFFFFF, 0x00FFFFFF, 0x00FFFFFF, 0x00FFFFFF, 0x00FFFFFF, 0x00FFFFFF, 0x00FFFFFF,
  0x00FFFFFF, 0x3FF0FAFD, 0xDCC7E6F7, 0xFFC4E3F9, 0x82ECF9FE, 0x00FFFFFF, 0x00FFFFFF, 0x00FFFFFF,
  0x00FFFFFF, 0x00FFFFFF, 0x00FFFFFF, 0x00FFFFFF, 0x00FFFFFF, 0x00FFFFFF, 0x00FFFFFF, 0x00FFFFFF,
  0x00FFFFFF, 0x00FFFFFF, 0x00FFFFFF, 0x00FFFFFF, 0x00FFFFFF, 0x00FFFFFF, 0x00FFFFFF, 0x00FFFFFF,
  0x00FFFFFF, 0x00FFFFFF, 0x00FFFFFF, 0x00FFFFFF, 0x00FFFFFF, 0x00FFFFFF, 0x00FFFFFF, 0xADE5F4FD,
  0xFDB7E0F9, 0xFBB6D6F9, 0xFFB6D8F8, 0xF9AED8F6, 0xFFC6E6FB, 0x1CF4F9FE, 0x00FFFFFF, 0x00FFFFFF,
  0x00FFFFFF, 0x00FFFFFF, 0x00FFFFFF, 0x1AF1F8FD, 0xFFB5DBFF, 0xF797CCF5, 0xFF9DCBF2, 0xFD97C6F2,
  0xFFB5DBF7, 0x00FFFFFF, 0x00FFFFFF, 0x00FFFFFF, 0x00FFFFFF, 0x00FFFFFF, 0x00FFFFFF, 0x00FFFFFF,
  0x44EDF8FB, 0xFFB4DBFC, 0xFF7FBAEF, 0xF977B8F3, 0xFFB2DDFF, 0x47F1FCFD, 0x00FFFFFF, 0x00FFFFFF,
  0x00FFFFFF, 0x00FFFFFF, 0x00FFFFFF, 0x00FFFFFF, 0x00FFFFFF, 0x00FFFFFF, 0x00FFFFFF, 0x00FFFFFF,
  0x00FFFFFF, 0x00FFFFFF, 0x00FFFFFF, 0x00FFFFFF, 0x00FFFFFF, 0x00FFFFFF, 0x00FFFFFF, 0x00FFFFFF,
  0x00FFFFFF, 0x00FFFFFF, 0x00FFFFFF, 0x00FFFFFF, 0x00FFFFFF, 0x00FFFFFF, 0x00FFFFFF, 0x00FFFFFF,
  0xFFCDEBFC, 0xFBB1D5FA, 0xFFB8D7F3, 0xF9B1DBF8, 0xFFBAE1FE, 0xABD9E5F4, 0x00FFFFFF, 0x00FFFFFF,
  0x00FFFFFF, 0x00FFFFFF, 0x00FFFFFF, 0x2FE9F5FF, 0xFFAFDBFF, 0xF79BCBF4, 0xFF9ACBF6, 0xFD96C7F3,
  0xFFBEDDF9, 0x00FFFFFF, 0x00FFFFFF, 0x00FFFFFF, 0x00FFFFFF, 0x00FFFFFF, 0x00FFFFFF, 0x00FFFFFF,
  0xFDAFD6F5, 0xF782BCF2, 0xFB86BFF1, 0xF981C0FB, 0xFB87C1F6, 0xAFCDE5F2, 0x00FFFFFF, 0x00FFFFFF,
  0x00FFFFFF, 0x00FFFFFF, 0x00FFFFFF, 0x00FFFFFF, 0x00FFFFFF, 0x00FFFFFF, 0x00FFFFFF, 0x00FFFFFF,
  0x00FFFFFF, 0x00FFFFFF, 0x00FFFFFF, 0x00FFFFFF, 0x00FFFFFF, 0x00FFFFFF, 0x00FFFFFF, 0x00FFFFFF,
  0x00FFFFFF, 0x00FFFFFF, 0x00FFFFFF, 0x00FFFFFF, 0x00FFFFFF, 0x00FFFFFF, 0x00FFFFFF, 0x00FFFFFF,
  0x61E0EDF6, 0xFFBFE6FF, 0xF7B2D9FA, 0xFFB4D9F5, 0xFBB1D5F7, 0xFFD0E9FD, 0x1BF9FDFE, 0x00FFFFFF,
  0x00FFFFFF, 0x00FFFFFF, 0x00FFFFFF, 0x7FE0F1FB, 0xFFABD8FF, 0xF79BCCF5, 0xFB9CCAF4, 0xFFA0D0FD,
  0xB7C0DBF4, 0x00FFFFFF, 0x00FFFFFF, 0x00FFFFFF, 0x00FFFFFF, 0x00FFFFFF, 0x00FFFFFF, 0xC1CDE6F5,
  0xFD82C1FA, 0xFB7CC0F4, 0xFF84BDF2, 0xF981C1F1, 0xFB8CC6FB, 0x7CD1E4F5, 0x00FFFFFF, 0x00FFFFFF,
  0x00FFFFFF, 0x00FFFFFF, 0x00FFFFFF, 0x00FFFFFF, 0x00FFFFFF, 0x00FFFFFF, 0x00FFFFFF, 0x00FFFFFF,
  0x00FFFFFF, 0x00FFFFFF, 0x00FFFFFF, 0x00FFFFFF, 0x00FFFFFF, 0x00FFFFFF, 0x00FFFFFF, 0x00FFFFFF,
  0x00FFFFFF, 0x00FFFFFF, 0x00FFFFFF, 0x00FFFFFF, 0x00FFFFFF, 0x00FFFFFF, 0x00FFFFFF, 0x00FFFFFF,
  0x00FFFFFF, 0xFFC7E7FB, 0xFBAED8FC, 0xFFB7D8F4, 0xF7B5D9F9, 0xFDBCE5FF, 0x94DEEEF9, 0x00FFFFFF,
  0x00FFFFFF, 0x00FFFFFF, 0x00FFFFFF, 0x78DAECFA, 0xFFA8D7FF, 0xF79BCCF6, 0xFB9CCAF3, 0xFFA2D1FD,
  0xAAC7DEF4, 0x00FFFFFF, 0x00FFFFFF, 0x00FFFFFF, 0x00FFFFFF, 0x00FFFFFF, 0xA0E2F2FA, 0xFF98CAFA,
  0xF97BBEF4, 0xFF7FBFF5, 0xFF81BFF8, 0xFB7ABAF0, 0xFFA7D6FC, 0xB9EFFCFF, 0x00FFFFFF, 0x00FFFFFF,
  0x00FFFFFF, 0x00FFFFFF, 0x00FFFFFF, 0x00FFFFFF, 0x00FFFFFF, 0x00FFFFFF, 0x00FFFFFF, 0x00FFFFFF,
  0x00FFFFFF, 0x00FFFFFF, 0x00FFFFFF, 0x00FFFFFF, 0x00FFFFFF, 0x00FFFFFF, 0x00FFFFFF, 0x00FFFFFF,
  0x00FFFFFF, 0x00FFFFFF, 0x00FFFFFF, 0x00FFFFFF, 0x00FFFFFF, 0x00FFFFFF, 0x00FFFFFF, 0x00FFFFFF,
  0x00FFFFFF, 0x89D6E8F4, 0xFFBAE4FE, 0xF9B7D7F8, 0xFDB5D8F8, 0xFDADD9FC, 0xEDCCE5F8, 0x00FFFFFF,
  0x00FFFFFF, 0x00FFFFFF, 0x00FFFFFF, 0x7BD2E7F9, 0xFFA5D7FF, 0xF79CCCF5, 0xFB9DCAF3, 0xFFA2D0FC,
  0xB0CCE4F7, 0x00FFFFFF, 0x00FFFFFF, 0x00FFFFFF, 0x00FFFFFF, 0x32F5FCFE, 0xFFA7D5FC, 0xF77DBAF0,
  0xFF85BEEF, 0xFF84BEF3, 0xFB7DC0EE, 0xFF8FC2F8, 0xA2E2F5FF, 0x00FFFFFF, 0x00FFFFFF, 0x00FFFFFF,
  0x00FFFFFF, 0x00FFFFFF, 0x00FFFFFF, 0x00FFFFFF, 0x00FFFFFF, 0x00FFFFFF, 0x00FFFFFF, 0x00FFFFFF,
  0x00FFFFFF, 0x00FFFFFF, 0x00FFFFFF, 0x00FFFFFF, 0x00FFFFFF, 0x44F3F8FB, 0xFFE5F7FF, 0xFFDFF5FF,
  0xF9DBEEFB, 0x61F3F9FD, 0x00FFFFFF, 0x00FFFFFF, 0x00FFFFFF, 0x00FFFFFF, 0x00FFFFFF, 0x00FFFFFF,
  0x00FFFFFF, 0x1EF4F9FB, 0xFFC9ECFF, 0xF7B2D6FC, 0xFFB5D8F7, 0xF9B0D8F9, 0xFFC6E6FF, 0x69EAF3FA,
  0x00FFFFFF, 0x00FFFFFF, 0x00FFFFFF, 0x74C8E0F4, 0xFFA4D8FF, 0xF79CCCF5, 0xFB9DC9F1, 0xFFA5D3FC,
  0x9ED4EBFC, 0x00FFFFFF, 0x00FFFFFF, 0x00FFFFFF, 0x00FFFFFF, 0xFFC0E0F8, 0xFB7EBDF1, 0xFD7FC0F4,
  0xFF84BDF0, 0xFB7FC0F5, 0xF983C1F4, 0xD3C5DFF7, 0x00FFFFFF, 0x00FFFFFF, 0x00FFFFFF, 0x00FFFFFF,
  0x00FFFFFF, 0x00FFFFFF, 0x00FFFFFF, 0x00FFFFFF, 0x00FFFFFF, 0x00FFFFFF, 0x00FFFFFF, 0x00FFFFFF,
  0x00FFFFFF, 0x00FFFFFF, 0x00FFFFFF, 0x00FFFFFF, 0x00FFFFFF, 0xFFE1F5FF, 0xFBCBE4F9, 0xF5CBE5FC,
  0xFDCBE3FA, 0xFFE1F6FF, 0x9AE9F6FD, 0x00FFFFFF, 0x00FFFFFF, 0x00FFFFFF, 0x00FFFFFF, 0x00FFFFFF,
  0x00FFFFFF, 0x00FFFFFF, 0xC7CFE5F5, 0xFFB5DDFE, 0xFBB3D9F9, 0xFFB5D9F6, 0xFBAFD5F7, 0xFFD1EFFF,
  0x00FFFFFF, 0x00FFFFFF, 0x00FFFFFF, 0xBEBED8EE, 0xFF9BD0FC, 0xFB9FCAF3, 0xF99BCAF5, 0xFDA9D3F9,
  0x62E7F1F8, 0x00FFFFFF, 0x00FFFFFF, 0x00FFFFFF, 0xA0D3EAF5, 0xFD8CC8FA, 0xF981BEF2, 0xFF7FBFF8,
  0xFF80C0F6, 0xF77BBBEF, 0xFFB7DFFF, 0x00FFFFFF, 0x00FFFFFF, 0x00FFFFFF, 0x00FFFFFF, 0x00FFFFFF,
  0x00FFFFFF, 0x00FFFFFF, 0x00FFFFFF, 0x00FFFFFF, 0x00FFFFFF, 0x00FFFFFF, 0x00FFFFFF, 0x00FFFFFF,
  0x00FFFFFF, 0x00FFFFFF, 0x00FFFFFF, 0x00FFFFFF, 0x00FFFFFF, 0xFFD6EBFC, 0xF9CCE2F8, 0xFFCCE5FD,
  0xFFCBE5FC, 0xF7CBE3F9, 0xFFD6EFFF, 0xF3E2F4FC, 0x2AF9FDFF, 0x00FFFFFF, 0x00FFFFFF, 0x00FFFFFF,
  0x00FFFFFF, 0x00FFFFFF, 0x58EBF5FB, 0xFFC7E9FF, 0xF5B4DAF9, 0xFFB6D8F2, 0xF9B3D8F7, 0xFDC5E6FF,
  0x2EF2F7FC, 0x00FFFFFF, 0x00FFFFFF, 0xFFBEE1F9, 0xF992CAF9, 0xFFA2CAF1, 0xF598C9F6, 0xFFAFDFFF,
  0x4CEEF6FA, 0x00FFFFFF, 0x00FFFFFF, 0x23F0F8FD, 0xFF9ECFF3, 0xF97FBDF1, 0xFF82BFF3, 0xFF81BFF4,
  0xF97FBDF3, 0xFF9CCDF7, 0x55EBF5FA, 0x00FFFFFF, 0x00FFFFFF, 0x00FFFFFF, 0x00FFFFFF, 0x00FFFFFF,
  0x00FFFFFF, 0x00FFFFFF, 0x00FFFFFF, 0x00FFFFFF, 0x00FFFFFF, 0x00FFFFFF, 0x00FFFFFF, 0x00FFFFFF,
  0x00FFFFFF, 0x00FFFFFF, 0x00FFFFFF, 0x00FFFFFF, 0x00FFFFFF, 0xDAE1ECF6, 0xFFD9EEFF, 0xF5C8E5FD,
  0xFFC9E7FF, 0xFFCCE5FC, 0xF9CBE4FB, 0xFFCCE5FB, 0xFFE0F4FF, 0x6CEFF8FE, 0x00FFFFFF, 0x00FFFFFF,
  0x00FFFFFF, 0x00FFFFFF, 0x00FFFFFF, 0xF3CEE6F8, 0xF9B2D7F7, 0xFFB3D9F8, 0xF5B4DBFA, 0xF9C9E8FF,
  0x56E7F0F7, 0x00FFFFFF, 0x00FFFFFF, 0x94D4E7F6, 0xFFA6D7FF, 0xF595C8F5, 0xFF98CCF9, 0xFFBBDDF7,
  0x11F9FDFF, 0x00FFFFFF, 0x00FFFFFF, 0xF7ADD4F4, 0xFB7AC0F6, 0xFD84BDF0, 0xFF82BFF0, 0xF981BEF1,
  0xFF92C8FC, 0x77D2E4F5, 0x00FFFFFF, 0x00FFFFFF, 0x00FFFFFF, 0x00FFFFFF, 0x00FFFFFF, 0x00FFFFFF,
  0x00FFFFFF, 0x00FFFFFF, 0x00FFFFFF, 0x00FFFFFF, 0x00FFFFFF, 0x00FFFFFF, 0x00FFFFFF, 0x00FFFFFF,
  0x00FFFFFF, 0x00FFFFFF, 0x00FFFFFF, 0x00FFFFFF, 0x00FFFFFF, 0x00FFFFFF, 0xDAE7F5FC, 0xFFDBF3FF,
  0xF7CAE4FA, 0xFDCBE4FA, 0xFFCEE4FA, 0xFDCDE3F9, 0xFBC9E3FA, 0xFFDCF3FF, 0xABE9F6FD, 0x00FFFFFF,
  0x00FFFFFF, 0x00FFFFFF, 0x00FFFFFF, 0xA8E2F0F9, 0xFFC3E7FF, 0xF3AED9FC, 0xF7ADD6F9, 0xFFD6F7FF,
  0x3FF0F8FB, 0x00FFFFFF, 0x00FFFFFF, 0x00FFFFFF, 0xC1D3EBFC, 0xFFB7D7F2, 0xD5C6E4FA, 0x4AEBF4FB,
  0x00FFFFFF, 0x00FFFFFF, 0x83DAE9F5, 0xFF91C8FB, 0xF97BC1F5, 0xFF81BEF4, 0xFD80C0F2, 0xF77CBBF1,
  0xFDBADCF9, 0x00FFFFFF, 0x00FFFFFF, 0x00FFFFFF, 0x00FFFFFF, 0x00FFFFFF, 0x00FFFFFF, 0x00FFFFFF,
  0x00FFFFFF, 0x00FFFFFF, 0x4BF6FFFF, 0x3FF2FCFF, 0x00FFFFFF, 0x00FFFFFF, 0x00FFFFFF, 0x00FFFFFF,
  0x00FFFFFF, 0x00FFFFFF, 0x00FFFFFF, 0x00FFFFFF, 0x00FFFFFF, 0x00FFFFFF, 0x00FFFFFF, 0x7BEDF7FC,
  0xFFE4F7FF, 0xFFCFE5FA, 0xFBCDE3F8, 0xFFCEE5F9, 0xFFCBE5FC, 0xF9CBE4FB, 0xFFD4ECFF, 0xFDE3F4FD,
  0x00FFFFFF, 0x00FFFFFF, 0x00FFFFFF, 0x00FFFFFF, 0xCAE1F3FD, 0xFFCEE6FD, 0xFFCCE4FA, 0x83E4F3FE,
  0x00FFFFFF, 0x00FFFFFF, 0x00FFFFFF, 0x00FFFFFF, 0x00FFFFFF, 0x00FFFFFF, 0x00FFFFFF, 0x00FFFFFF,
  0x00FFFFFF, 0x00FFFFFF, 0xA5C8E0F1, 0xFB89C3FC, 0xF982C2F2, 0xFD82BFF5, 0xF57CBAF1, 0xFFA6D6FD,
  0x25F3FAFB, 0x00FFFFFF, 0x00FFFFFF, 0x00FFFFFF, 0x00FFFFFF, 0x00FFFFFF, 0x00FFFFFF, 0x00FFFFFF,
  0x49F1F9FB, 0xD5B9DBF1, 0xFF97D1F9, 0xFF8CC8F4, 0xE2B8DDF5, 0x5FF4FFFF, 0x00FFFFFF, 0x00FFFFFF,
  0x00FFFFFF, 0x00FFFFFF, 0x00FFFFFF, 0x00FFFFFF, 0x00FFFFFF, 0x00FFFFFF, 0x00FFFFFF, 0x00FFFFFF,
  0x45F2F9FD, 0xE4DBECF9, 0xFFD3EBFF, 0xF7CAE4FB, 0xFFCCE5FC, 0xFFCCE5FC, 0xFBCCE3F9, 0xFBCCE2F8,
  0xFFE9FAFF, 0x6BEDF5FC, 0x00FFFFFF, 0x00FFFFFF, 0x00FFFFFF, 0x00FFFFFF, 0x00FFFFFF, 0x00FFFFFF,
  0x00FFFFFF, 0x00FFFFFF, 0x00FFFFFF, 0x00FFFFFF, 0x00FFFFFF, 0x00FFFFFF, 0x00FFFFFF, 0x00FFFFFF,
  0x00FFFFFF, 0x00FFFFFF, 0x70DFF0FA, 0xFF94CFFF, 0xEF7ABBEF, 0xFF7EBDF5, 0xFF99D2FF, 0x9DD9EBF6,
  0x00FFFFFF, 0x00FFFFFF, 0x00FFFFFF, 0x00FFFFFF, 0x00FFFFFF, 0x00FFFFFF, 0x80E5F6FD, 0xFFBBE2FF,
  0xFF8AC6FB, 0xFF6CB1F3, 0xF76BB0F0, 0xF367B3F5, 0xFF76BBF8, 0xADC7DCEE, 0x00FFFFFF, 0x00FFFFFF,
  0x00FFFFFF, 0x00FFFFFF, 0x00FFFFFF, 0x00FFFFFF, 0x00FFFFFF, 0x00FFFFFF, 0x00FFFFFF, 0x00FFFFFF,
  0x00FFFFFF, 0x00FFFFFF, 0xBAE4F0FB, 0xFFE1F7FF, 0xF5CDE4F8, 0xFFCBE5FB, 0xFFCCE5FA, 0xFDCCE4FA,
  0xF7CBE3FC, 0xFFE4F5FF, 0x00FFFFFF, 0x00FFFFFF, 0x00FFFFFF, 0x00FFFFFF, 0x00FFFFFF, 0x00FFFFFF,
  0x00FFFFFF, 0x00FFFFFF, 0x00FFFFFF, 0x00FFFFFF, 0x00FFFFFF, 0x00FFFFFF, 0x00FFFFFF, 0x00FFFFFF,
  0x00FFFFFF, 0x00FFFFFF, 0x00FFFFFF, 0xD9D0EDFB, 0xFFB1DFFF, 0xDC9EC8ED, 0x82D8EEFD, 0x00FFFFFF,
  0x00FFFFFF, 0x00FFFFFF, 0x00FFFFFF, 0x00FFFFFF, 0x63DBEFFB, 0xFBA3CFF1, 0xFF7FC0F6, 0xF967AEEE,
  0xF76BB1F2, 0xFD6FB4F4, 0xFF72B4EC, 0xFD6FB7F4, 0xF56CB1F2, 0xEDB2D4EF, 0x00FFFFFF, 0x00FFFFFF,
  0x00FFFFFF, 0x00FFFFFF, 0x00FFFFFF, 0x00FFFFFF, 0x00FFFFFF, 0x00FFFFFF, 0x00FFFFFF, 0x00FFFFFF,
  0x00FFFFFF, 0x00FFFFFF, 0x00FFFFFF, 0x69F1FAFF, 0xFFE7F9FF, 0xFBCDE3F8, 0xFBCBE3FA, 0xFFCBE5FD,
  0xF3CBE5FD, 0xFBE3F5FF, 0x21F6FAFC, 0x00FFFFFF, 0x00FFFFFF, 0x00FFFFFF, 0x00FFFFFF, 0x00FFFFFF,
  0x00FFFFFF, 0x00FFFFFF, 0x00FFFFFF, 0x00FFFFFF, 0x00FFFFFF, 0x00FFFFFF, 0x00FFFFFF, 0x00FFFFFF,
  0x00FFFFFF, 0x00FFFFFF, 0x00FFFFFF, 0x00FFFFFF, 0x00FFFFFF, 0x00FFFFFF, 0x00FFFFFF, 0x00FFFFFF,
  0x00FFFFFF, 0x00FFFFFF, 0xD9CDEAF9, 0xFF9BCDF5, 0xFF7EC2FA, 0xFF66B0F0, 0xF96AB5F5, 0xFF70B5F4,
  0xFF71B3F1, 0xFF6DB5F4, 0xFD74B3EF, 0xF16CB2F4, 0xFF73BBFB, 0xBCC4E3F6, 0x00FFFFFF, 0x00FFFFFF,
  0x00FFFFFF, 0x00FFFFFF, 0x00FFFFFF, 0x00FFFFFF, 0x00FFFFFF, 0x00FFFFFF, 0x00FFFFFF, 0x00FFFFFF,
  0x00FFFFFF, 0x00FFFFFF, 0x00FFFFFF, 0x00FFFFFF, 0x56F4FBFE, 0xFDE1F0FB, 0xFFD5EBFF, 0xF9CAE3FC,
  0xFFD0E7FD, 0xFDDEEDF8, 0x00FFFFFF, 0x00FFFFFF, 0x00FFFFFF, 0x00FFFFFF, 0x00FFFFFF, 0x00FFFFFF,
  0x00FFFFFF, 0x00FFFFFF, 0x00FFFFFF, 0x00FFFFFF, 0x00FFFFFF, 0x00FFFFFF, 0x00FFFFFF, 0x00FFFFFF,
  0x00FFFFFF, 0x00FFFFFF, 0x00FFFFFF, 0x00FFFFFF, 0x00FFFFFF, 0x00FFFFFF, 0x00FFFFFF, 0x00FFFFFF,
  0xCAD2ECFC, 0xEB8ABDEA, 0xFF6FB9F4, 0xFB66B1EF, 0xF96CB4F2, 0xFD72B3EE, 0xFF6FB4F2, 0xFF6CB5F6,
  0xFD6DB4F4, 0xF968B3EE, 0xFF6AB2F6, 0xFF8DC8FF, 0xD5C0E3FA, 0x00FFFFFF, 0x00FFFFFF, 0x00FFFFFF,
  0x00FFFFFF, 0x00FFFFFF, 0x00FFFFFF, 0x00FFFFFF, 0x00FFFFFF, 0x00FFFFFF, 0x00FFFFFF, 0x00FFFFFF,
  0x00FFFFFF, 0x00FFFFFF, 0x00FFFFFF, 0x00FFFFFF, 0x00FFFFFF, 0x00FFFFFF, 0xB9ECF7FD, 0xFFDDEBF9,
  0xE4E7F5FF, 0x31F4F8FC, 0x00FFFFFF, 0x00FFFFFF, 0x00FFFFFF, 0x00FFFFFF, 0x00FFFFFF, 0x00FFFFFF,
  0x00FFFFFF, 0x00FFFFFF, 0x00FFFFFF, 0x00FFFFFF, 0x00FFFFFF, 0x00FFFFFF, 0x00FFFFFF, 0x00FFFFFF,
  0x00FFFFFF, 0x00FFFFFF, 0x00FFFFFF, 0x00FFFFFF, 0x00FFFFFF, 0x00FFFFFF, 0x00FFFFFF, 0xB5CDE7F8,
  0xFF7CC0FB, 0xFF69B1F2, 0xFD6BB4F3, 0xFF71B4EF, 0xFF70B4F2, 0xFF6DB5F5, 0xF970B4F0, 0xF96DB0EB,
  0xFF6CB5F4, 0xFF8FCEF9, 0xD5B3D6F0, 0x4CF1FAFF, 0x00FFFFFF, 0x00FFFFFF, 0x00FFFFFF, 0x00FFFFFF,
  0x00FFFFFF, 0x00FFFFFF, 0x00FFFFFF, 0x00FFFFFF, 0x00FFFFFF, 0x00FFFFFF, 0x00FFFFFF, 0x00FFFFFF,
  0x00FFFFFF, 0x00FFFFFF, 0x00FFFFFF, 0x00FFFFFF, 0x00FFFFFF, 0x00FFFFFF, 0x00FFFFFF, 0x00FFFFFF,
  0x00FFFFFF, 0x00FFFFFF, 0x00FFFFFF, 0x00FFFFFF, 0x00FFFFFF, 0x00FFFFFF, 0x00FFFFFF, 0x00FFFFFF,
  0x00FFFFFF, 0x00FFFFFF, 0x00FFFFFF, 0x00FFFFFF, 0x00FFFFFF, 0x00FFFFFF, 0x00FFFFFF, 0x00FFFFFF,
  0x00FFFFFF, 0x00FFFFFF, 0x00FFFFFF, 0x00FFFFFF, 0x00FFFFFF, 0x00FFFFFF, 0x00FFFFFF, 0xCAAACDEB,
  0xFB6CB4F2, 0xFB75B5EF, 0xFF70B4F0, 0xFD73B4F0, 0xF771B2EF, 0xFF6AAFEC, 0xFF78BFFA, 0xFF93CBF8,
  0xC8BDE1F9, 0x41F4FEFF, 0x00FFFFFF, 0x00FFFFFF, 0x00FFFFFF, 0x00FFFFFF, 0x00FFFFFF, 0x00FFFFFF,
  0x00FFFFFF, 0x36F7FBFE, 0x8FF7FBFF, 0x73F3F7FB, 0x29F6FAFD, 0x2AF6FAFD, 0x28F7FBFF, 0x00FFFFFF,
  0x00FFFFFF, 0x00FFFFFF, 0x00FFFFFF, 0x00FFFFFF, 0x00FFFFFF, 0x00FFFFFF, 0x00FFFFFF, 0x00FFFFFF,
  0x00FFFFFF, 0x00FFFFFF, 0x00FFFFFF, 0x00FFFFFF, 0x00FFFFFF, 0x00FFFFFF, 0x00FFFFFF, 0x00FFFFFF,
  0x00FFFFFF, 0x00FFFFFF, 0x00FFFFFF, 0x00FFFFFF, 0x00FFFFFF, 0x00FFFFFF, 0x00FFFFFF, 0x00FFFFFF,
  0x00FFFFFF, 0x00FFFFFF, 0x00FFFFFF, 0x00FFFFFF, 0x00FFFFFF, 0x00FFFFFF, 0x00FFFFFF, 0xF9BADDF6,
  0xFF6AB0F1, 0xF76BB3F7, 0xF76AB2F3, 0xFF68AFEF, 0xFF7DC4FF, 0xFD93C8F3, 0x7CCFEBF9, 0x1EF8FEFF,
  0x00FFFFFF, 0x00FFFFFF, 0x00FFFFFF, 0x00FFFFFF, 0x00FFFFFF, 0x00FFFFFF, 0x00FFFFFF, 0x00FFFFFF,
  0x4EF4F8FD, 0x00FFFFFF, 0xFFEEFCFF, 0xFFF4FEFF, 0xFFF8FFFF, 0xFFF7FFFF, 0xFFF7FFFF, 0x00FFFFFF,
  0xFFF1FBFF, 0xEDE8F1FA, 0xEFEFF4FB, 0xA5EFF4F9, 0x79F5F9FC, 0x00FFFFFF, 0x00FFFFFF, 0x00FFFFFF,
  0x00FFFFFF, 0x00FFFFFF, 0x00FFFFFF, 0x00FFFFFF, 0x00FFFFFF, 0x00FFFFFF, 0x00FFFFFF, 0x00FFFFFF,
  0x00FFFFFF, 0x00FFFFFF, 0x00FFFFFF, 0x00FFFFFF, 0x00FFFFFF, 0x00FFFFFF, 0x00FFFFFF, 0x00FFFFFF,
  0x00FFFFFF, 0x00FFFFFF, 0x00FFFFFF, 0x00FFFFFF, 0x00FFFFFF, 0x00FFFFFF, 0x00FFFFFF, 0x3BEFF9FD,
  0xF1A1CCF0, 0xFF7EC2FB, 0xFF88C9FF, 0xF19ECAEE, 0x62DAEFFC, 0x00FFFFFF, 0x00FFFFFF, 0x00FFFFFF,
  0x00FFFFFF, 0x00FFFFFF, 0x00FFFFFF, 0x00FFFFFF, 0x00FFFFFF, 0x00FFFFFF, 0x00FFFFFF, 0x00FFFFFF,
  0xE0EAF3F9, 0xF7E5F5FF, 0xF7E3F1FF, 0xF9E4F0FD, 0xF7E4F0FF, 0xF7E4F1FF, 0xF7E4F0FF, 0xF7E4F0FC,
  0xFBE4F0FC, 0xFFE7F3FF, 0xFFE6F3FF, 0xFFF0FAFF, 0xFFF4FDFF, 0x00FFFFFF, 0xA6F0F7FC, 0x00FFFFFF,
  0x00FFFFFF, 0x00FFFFFF, 0x00FFFFFF, 0x00FFFFFF, 0x00FFFFFF, 0x00FFFFFF, 0x00FFFFFF, 0x00FFFFFF,
  0x00FFFFFF, 0x00FFFFFF, 0x00FFFFFF, 0x00FFFFFF, 0x00FFFFFF, 0x00FFFFFF, 0x00FFFFFF, 0x00FFFFFF,
  0x00FFFFFF, 0x00FFFFFF, 0x00FFFFFF, 0x00FFFFFF, 0x00FFFFFF, 0x00FFFFFF, 0x00FFFFFF, 0x00FFFFFF,
  0x00FFFFFF, 0x80E5F3FD, 0x4CE9F8FD, 0x00FFFFFF, 0x00FFFFFF, 0x00FFFFFF, 0x00FFFFFF, 0x00FFFFFF,
  0x00FFFFFF, 0x00FFFFFF, 0x00FFFFFF, 0x00FFFFFF, 0x00FFFFFF, 0x00FFFFFF, 0x00FFFFFF, 0x00FFFFFF,
  0xB9ECF5FB, 0xFFE9F8FE, 0xF9E4F1FB, 0xF7E4F0FB, 0xF9E3F1FD, 0xFBE4F1FD, 0xFBE4F0FD, 0xFBE5F1FF,
  0xFBE5F1FF, 0xFDE4F0FF, 0xFDE4F1FF, 0xFBE4F0FC, 0xF9E4F0FC, 0xF3E2F0FD, 0xFFF5FFFF, 0x00FFFFFF,
  0x00FFFFFF, 0x00FFFFFF, 0x00FFFFFF, 0x00FFFFFF, 0x00FFFFFF, 0x00FFFFFF, 0x00FFFFFF, 0x00FFFFFF,
  0x00FFFFFF, 0x00FFFFFF, 0x00FFFFFF, 0x00FFFFFF, 0x00FFFFFF, 0x00FFFFFF, 0x00FFFFFF, 0x00FFFFFF,
  0x00FFFFFF, 0x00FFFFFF, 0x00FFFFFF, 0x00FFFFFF, 0x00FFFFFF, 0x00FFFFFF, 0x00FFFFFF, 0x00FFFFFF,
  0x00FFFFFF, 0x00FFFFFF, 0x00FFFFFF, 0x00FFFFFF, 0x00FFFFFF, 0x00FFFFFF, 0x00FFFFFF, 0x00FFFFFF,
  0x00FFFFFF, 0x00FFFFFF, 0x00FFFFFF, 0x00FFFFFF, 0x00FFFFFF, 0x00FFFFFF, 0x00FFFFFF, 0x00FFFFFF,
  0x00FFFFFF, 0xFFF5FEFF, 0xFFF0F8FF, 0x00FFFFFF, 0xFFF4FDFF, 0xFFEEF9FF, 0xFFEFF9FF, 0xFFEFF9FF,
  0xFFEAF5FF, 0xFBE3EFFB, 0xFBE4F0FC, 0xFBE4F0FB, 0xF9E4F1FD, 0xF7E4F3FF, 0xFDEEF9FD, 0x00FFFFFF,
  0x00FFFFFF, 0x00FFFFFF, 0x00FFFFFF, 0x00FFFFFF, 0x00FFFFFF, 0x00FFFFFF, 0x00FFFFFF, 0x00FFFFFF,
  0x00FFFFFF, 0x00FFFFFF, 0x00FFFFFF, 0x00FFFFFF, 0x00FFFFFF, 0x00FFFFFF, 0x00FFFFFF, 0x00FFFFFF,
  0x00FFFFFF, 0x00FFFFFF, 0x00FFFFFF, 0x00FFFFFF, 0x00FFFFFF, 0x00FFFFFF, 0x00FFFFFF, 0x00FFFFFF,
  0x00FFFFFF, 0x00FFFFFF, 0x00FFFFFF, 0x00FFFFFF, 0x00FFFFFF, 0x00FFFFFF, 0x00FFFFFF, 0x00FFFFFF,
  0x00FFFFFF, 0x00FFFFFF, 0x00FFFFFF, 0x00FFFFFF, 0x00FFFFFF, 0x00FFFFFF, 0x00FFFFFF, 0x00FFFFFF,
  0x00FFFFFF, 0x00FFFFFF, 0x00FFFFFF, 0x00FFFFFF, 0x79F2F7FC, 0xBAF4F7FC, 0xBAECF4FB, 0xBAECF5FB,
  0xD9EBF4FA, 0xFFF6FEFF, 0xFFF2FCFF, 0xFFF3FDFF, 0xFFEEF9FF, 0x00FFFFFF, 0x6BF1F8FC, 0x00FFFFFF,
  0x00FFFFFF, 0x00FFFFFF, 0x00FFFFFF, 0x00FFFFFF, 0x00FFFFFF, 0x00FFFFFF, 0x00FFFFFF, 0x00FFFFFF,
  0x00FFFFFF, 0x00FFFFFF, 0x00FFFFFF, 0x00FFFFFF, 0x00FFFFFF, 0x00FFFFFF, 0x00FFFFFF, 0x00FFFFFF,
  0x00FFFFFF, 0x00FFFFFF, 0x00FFFFFF, 0x00FFFFFF, 0x00FFFFFF, 0x00FFFFFF, 0x00FFFFFF, 0x00FFFFFF,
  0x00FFFFFF, 0xA8CDEEFD, 0xF982B5E2, 0xFF91C4F4, 0xFF96C7EE, 0xAAA8D0F0, 0xA6B5DAF3, 0xA8C4E1F8,
  0x7BD0E7F7, 0xA8DFEFF7, 0x66E6F5F7, 0x38F5FAFC, 0x00FFFFFF, 0x00FFFFFF, 0x00FFFFFF, 0x00FFFFFF,
  0x00FFFFFF, 0x00FFFFFF, 0x00FFFFFF, 0x00FFFFFF, 0x00FFFFFF, 0x00FFFFFF, 0x00FFFFFF, 0x00FFFFFF,
  0x00FFFFFF, 0x00FFFFFF, 0x00FFFFFF, 0x00FFFFFF, 0x00FFFFFF, 0x00FFFFFF, 0x00FFFFFF, 0x00FFFFFF,
  0x00FFFFFF, 0x00FFFFFF, 0x00FFFFFF, 0x00FFFFFF, 0x00FFFFFF, 0x00FFFFFF, 0x00FFFFFF, 0x00FFFFFF,
  0x00FFFFFF, 0x00FFFFFF, 0x00FFFFFF, 0x00FFFFFF, 0x00FFFFFF, 0x00FFFFFF, 0x00FFFFFF, 0x00FFFFFF,
  0x00FFFFFF, 0x00FFFFFF, 0x00FFFFFF, 0x00FFFFFF, 0x00FFFFFF, 0x00FFFFFF, 0x00FFFFFF, 0x00FFFFFF,
  0x7FD3E8F6, 0xFF71C0FF, 0xF94FA5ED, 0xF953A3EE, 0xFD52A4EC, 0xFF5BADF5, 0xFF5CAEF5, 0xFF60B0F5,
  0xFF68B4F5, 0xFF6FB2EF, 0xFF79BBF5, 0xFF84C5FE, 0xFF7EBBED, 0xFD8EBEE5, 0xD3D3EEFB, 0x00FFFFFF,
  0x00FFFFFF, 0x00FFFFFF, 0x00FFFFFF, 0x00FFFFFF, 0x00FFFFFF, 0x00FFFFFF, 0x00FFFFFF, 0x00FFFFFF,
  0x00FFFFFF, 0x00FFFFFF, 0x00FFFFFF, 0x00FFFFFF, 0x00FFFFFF, 0x00FFFFFF, 0x00FFFFFF, 0x00FFFFFF,
  0x00FFFFFF, 0x00FFFFFF, 0x00FFFFFF, 0x00FFFFFF, 0x00FFFFFF, 0x00FFFFFF, 0x00FFFFFF, 0x00FFFFFF,
  0x00FFFFFF, 0x00FFFFFF, 0x00FFFFFF, 0x00FFFFFF, 0x00FFFFFF, 0x00FFFFFF, 0x00FFFFFF, 0x00FFFFFF,
  0x00FFFFFF, 0x00FFFFFF, 0x00FFFFFF, 0x00FFFFFF, 0x00FFFFFF, 0x00FFFFFF, 0x00FFFFFF, 0x00FFFFFF,
  0xE8B3D3EE, 0xF752A4F4, 0xFD5EABEB, 0xFF5FA8E9, 0xFF5AAAED, 0xFB5AABEC, 0xFB5AAAEC, 0xFB5AAAEB,
  0xF95AA9EC, 0xFB56A9EE, 0xF954A7EE, 0xF753A6EF, 0xFF52A6F1, 0xF951A1EB, 0xFF7DB9F2, 0x79DCECF5,
  0x00FFFFFF, 0x00FFFFFF, 0x00FFFFFF, 0x00FFFFFF, 0x00FFFFFF, 0x00FFFFFF, 0x00FFFFFF, 0x00FFFFFF,
  0x00FFFFFF, 0x00FFFFFF, 0x00FFFFFF, 0x00FFFFFF, 0x00FFFFFF, 0x00FFFFFF, 0x00FFFFFF, 0x00FFFFFF,
  0x00FFFFFF, 0x00FFFFFF, 0x00FFFFFF, 0x00FFFFFF, 0x00FFFFFF, 0x00FFFFFF, 0x00FFFFFF, 0x00FFFFFF,
  0x00FFFFFF, 0x00FFFFFF, 0x00FFFFFF, 0x00FFFFFF, 0x00FFFFFF, 0x00FFFFFF, 0x00FFFFFF, 0x00FFFFFF,
  0x00FFFFFF, 0x00FFFFFF, 0x00FFFFFF, 0x00FFFFFF, 0x00FFFFFF, 0x00FFFFFF, 0x00FFFFFF, 0x00FFFFFF,
  0xBCC5E2F6, 0xF95BA9F0, 0xF353A8F3, 0xF958A8F1, 0xF75BA8ED, 0xF95CABEE, 0xFB5CABEE, 0xFF5CA9EE,
  0xFF5CA9EE, 0xFF5BAAEE, 0xFF5DAAEB, 0xFF5DA9EB, 0xFF5AA9F1, 0xFB5CABF4, 0xFB5AA8EF, 0xC7A7CBEA,
  0x00FFFFFF, 0x00FFFFFF, 0x00FFFFFF, 0x00FFFFFF, 0x00FFFFFF, 0x00FFFFFF, 0x00FFFFFF, 0x00FFFFFF,
  0x00FFFFFF, 0x00FFFFFF, 0x00FFFFFF, 0x00FFFFFF, 0x00FFFFFF, 0x00FFFFFF, 0x00FFFFFF, 0x00FFFFFF,
  0x00FFFFFF, 0x00FFFFFF, 0x00FFFFFF, 0x00FFFFFF, 0x00FFFFFF, 0x00FFFFFF, 0x00FFFFFF, 0x00FFFFFF,
  0x00FFFFFF, 0x00FFFFFF, 0x00FFFFFF, 0x00FFFFFF, 0x00FFFFFF, 0x00FFFFFF, 0x00FFFFFF, 0x00FFFFFF,
  0x00FFFFFF, 0x00FFFFFF, 0x00FFFFFF, 0x00FFFFFF, 0x00FFFFFF, 0x00FFFFFF, 0x00FFFFFF, 0x00FFFFFF,
  0x13F6FCFE, 0xFFABD6F8, 0xFF79B7F0, 0xFF68B5FA, 0xFF67B7FF, 0xFF5FAFF9, 0xFF58A9F4, 0xFD52A2EE,
  0xFD54A4F0, 0xFB56A6EF, 0xF75AA4EB, 0xF75AA6EB, 0xF757A8EF, 0xF157AAF0, 0xFB5BADF2, 0x92B8D8F1,
  0x00FFFFFF, 0x00FFFFFF, 0x00FFFFFF, 0x00FFFFFF, 0x00FFFFFF, 0x00FFFFFF, 0x00FFFFFF, 0x00FFFFFF,
  0x00FFFFFF, 0x00FFFFFF, 0x00FFFFFF, 0x00FFFFFF, 0x00FFFFFF, 0x00FFFFFF, 0x00FFFFFF, 0x00FFFFFF,
  0x00FFFFFF, 0x00FFFFFF, 0x00FFFFFF, 0x00FFFFFF, 0x00FFFFFF, 0x00FFFFFF, 0x00FFFFFF, 0x00FFFFFF,
  0x00FFFFFF, 0x00FFFFFF, 0x00FFFFFF, 0x00FFFFFF, 0x00FFFFFF, 0x00FFFFFF, 0x00FFFFFF, 0x00FFFFFF,
  0x00FFFFFF, 0x00FFFFFF, 0x00FFFFFF, 0x00FFFFFF, 0x00FFFFFF, 0x00FFFFFF, 0x00FFFFFF, 0x00FFFFFF,
  0x00FFFFFF, 0x27F9FEFF, 0x4BEAF6F9, 0x6CD3E9F8, 0x37C8DDF3, 0x7FB8D5ED, 0xC3A8D0F0, 0xFF97C5F0,
  0xFF84BEEF, 0xFF7DBDF5, 0xFF80C2FE, 0xFF76BFFC, 0xFF6EBCFB, 0xFF6AB5F4, 0xFFA1D9FF, 0x66F0FCFF,
  0x00FFFFFF, 0x00FFFFFF, 0x00FFFFFF, 0x00FFFFFF, 0x00FFFFFF, 0x00FFFFFF, 0x00FFFFFF, 0x00FFFFFF,
  0x00FFFFFF, 0x00FFFFFF, 0x00FFFFFF, 0x00FFFFFF, 0x00FFFFFF, 0x00FFFFFF, 0x00FFFFFF, 0x00FFFFFF,
  0x00FFFFFF, 0x00FFFFFF, 0x00FFFFFF, 0x00FFFFFF, 0x00FFFFFF, 0x00FFFFFF, 0x00FFFFFF, 0x00FFFFFF,
  0x00FFFFFF, 0x00FFFFFF, 0x00FFFFFF, 0x00FFFFFF, 0x00FFFFFF, 0x00FFFFFF, 0x00FFFFFF, 0x00FFFFFF,
  0x00FFFFFF, 0x00FFFFFF, 0x00FFFFFF, 0x00FFFFFF, 0x00FFFFFF, 0x00FFFFFF, 0x00FFFFFF, 0x00FFFFFF,
  0x00FFFFFF, 0x00FFFFFF, 0x00FFFFFF, 0x00FFFFFF, 0x00FFFFFF, 0x00FFFFFF, 0x00FFFFFF, 0x00FFFFFF,
  0x00FFFFFF, 0x11F6FDFF, 0x44EFF8FE, 0x43E3F3FC, 0x43D9ECF7, 0x43DFEEF8, 0x00FFFFFF, 0x00FFFFFF,
  0x00FFFFFF, 0x00FFFFFF, 0x00FFFFFF, 0x00FFFFFF, 0x00FFFFFF, 0x00FFFFFF, 0x00FFFFFF, 0x00FFFFFF,
  0x00FFFFFF, 0x00FFFFFF, 0x00FFFFFF, 0x00FFFFFF, 0x00FFFFFF, 0x00FFFFFF, 0x00FFFFFF, 0x00FFFFFF,
  0x00FFFFFF, 0x00FFFFFF, 0x00FFFFFF, 0x00FFFFFF, 0x00FFFFFF, 0x00FFFFFF, 0x00FFFFFF, 0x00FFFFFF,
  0x00FFFFFF, 0x00FFFFFF, 0x00FFFFFF, 0x00FFFFFF, 0x00FFFFFF, 0x00FFFFFF, 0x00FFFFFF, 0x00FFFFFF,
  0x00FFFFFF, 0x00FFFFFF, 0x00FFFFFF, 0x00FFFFFF, 0x00FFFFFF, 0x00FFFFFF, 0x1AF7FCFE, 0x8BC3E2F7,
  0x97C5E2F7, 0x2DF8FFFF, 0x00FFFFFF, 0x00FFFFFF, 0x00FFFFFF, 0x00FFFFFF, 0x00FFFFFF, 0x00FFFFFF,
  0x00FFFFFF, 0x00FFFFFF, 0x00FFFFFF, 0x00FFFFFF, 0x00FFFFFF, 0x00FFFFFF, 0x00FFFFFF, 0x00FFFFFF,
  0x00FFFFFF, 0x00FFFFFF, 0x00FFFFFF, 0x00FFFFFF, 0x00FFFFFF, 0x00FFFFFF, 0x00FFFFFF, 0x00FFFFFF,
  0x00FFFFFF, 0x00FFFFFF, 0x00FFFFFF, 0x00FFFFFF, 0x00FFFFFF, 0x00FFFFFF, 0x00FFFFFF, 0x00FFFFFF,
  0x00FFFFFF, 0x00FFFFFF, 0x00FFFFFF, 0x00FFFFFF, 0x00FFFFFF, 0x00FFFFFF, 0x00FFFFFF, 0x00FFFFFF,
  0x00FFFFFF, 0x00FFFFFF, 0x00FFFFFF, 0x00FFFFFF, 0x00FFFFFF, 0x00FFFFFF, 0x00FFFFFF, 0x00FFFFFF,
  0x00FFFFFF, 0x00FFFFFF, 0x00FFFFFF, 0x00FFFFFF, 0x00FFFFFF, 0x44EBF9FF, 0xFF8AD0FF, 0xFF4AA2ED,
  0xFF49A3F8, 0xFF83C4FC, 0xA2E0F8FF, 0x00FFFFFF, 0x00FFFFFF, 0x00FFFFFF, 0x00FFFFFF, 0x00FFFFFF,
  0x00FFFFFF, 0x00FFFFFF, 0x00FFFFFF, 0x00FFFFFF, 0x00FFFFFF, 0x00FFFFFF, 0x00FFFFFF, 0x00FFFFFF,
  0x00FFFFFF, 0x00FFFFFF, 0x00FFFFFF, 0x00FFFFFF, 0x00FFFFFF, 0x00FFFFFF, 0x00FFFFFF, 0x00FFFFFF,
  0x00FFFFFF, 0x00FFFFFF, 0x00FFFFFF, 0x00FFFFFF, 0x00FFFFFF, 0x00FFFFFF, 0x00FFFFFF, 0x00FFFFFF,
  0x00FFFFFF, 0x00FFFFFF, 0x00FFFFFF, 0x00FFFFFF, 0x00FFFFFF, 0x00FFFFFF, 0x00FFFFFF, 0x00FFFFFF,
  0x00FFFFFF, 0x00FFFFFF, 0x00FFFFFF, 0x00FFFFFF, 0x00FFFFFF, 0x00FFFFFF, 0x00FFFFFF, 0x00FFFFFF,
  0x00FFFFFF, 0x00FFFFFF, 0x00FFFFFF, 0x00FFFFFF, 0x00FFFFFF, 0xB0B3D6F3, 0xFB41A2F1, 0xF548A1EE,
  0xF9489FEE, 0xF54295E3, 0xFF68B1EE, 0xB7B7DCF7, 0x00FFFFFF, 0x00FFFFFF, 0x00FFFFFF, 0x00FFFFFF,
  0x00FFFFFF, 0x00FFFFFF, 0x00FFFFFF, 0x00FFFFFF, 0x00FFFFFF, 0x00FFFFFF, 0x00FFFFFF, 0x00FFFFFF,
  0x00FFFFFF, 0x00FFFFFF, 0x00FFFFFF, 0x00FFFFFF, 0x00FFFFFF, 0x00FFFFFF, 0x00FFFFFF, 0x00FFFFFF,
  0x00FFFFFF, 0x00FFFFFF, 0x00FFFFFF, 0x00FFFFFF, 0x00FFFFFF, 0x00FFFFFF, 0x00FFFFFF, 0x00FFFFFF,
  0x00FFFFFF, 0x5FE7F8FF, 0xD7B3D6EC, 0x83CDE4F1, 0x00FFFFFF, 0x00FFFFFF, 0x00FFFFFF, 0x00FFFFFF,
  0x00FFFFFF, 0x00FFFFFF, 0x00FFFFFF, 0x00FFFFFF, 0x00FFFFFF, 0x00FFFFFF, 0x00FFFFFF, 0x00FFFFFF,
  0x00FFFFFF, 0x00FFFFFF, 0x00FFFFFF, 0x00FFFFFF, 0x00FFFFFF, 0xF3ACD3EE, 0xF74698E6, 0xFD4AA0EC,
  0xFF44A1E9, 0xFF45A2EE, 0xF9419BED, 0xFF489FED, 0xFD92C6EF, 0x24F7FDFF, 0x00FFFFFF, 0x00FFFFFF,
  0x00FFFFFF, 0x00FFFFFF, 0x00FFFFFF, 0x00FFFFFF, 0x00FFFFFF, 0x00FFFFFF, 0x00FFFFFF, 0x00FFFFFF,
  0x00FFFFFF, 0x00FFFFFF, 0x00FFFFFF, 0x00FFFFFF, 0x00FFFFFF, 0x00FFFFFF, 0x00FFFFFF, 0x00FFFFFF,
  0x00FFFFFF, 0x00FFFFFF, 0x00FFFFFF, 0x00FFFFFF, 0x00FFFFFF, 0x00FFFFFF, 0x00FFFFFF, 0x00FFFFFF,
  0xB7C6E6F6, 0xFF3699EE, 0xFF0475DC, 0xFF1983E4, 0xFF95D1F9, 0x00FFFFFF, 0x00FFFFFF, 0x00FFFFFF,
  0x00FFFFFF, 0x00FFFFFF, 0x00FFFFFF, 0x00FFFFFF, 0x00FFFFFF, 0x00FFFFFF, 0x00FFFFFF, 0x00FFFFFF,
  0x00FFFFFF, 0x00FFFFFF, 0x00FFFFFF, 0x00FFFFFF, 0x00FFFFFF, 0x66E1F2FA, 0xFF76C1FF, 0xF33F99E9,
  0xFF45A1F1, 0xFF469FEC, 0xFF45A1EF, 0xFB42A1ED, 0xFB3D9AEB, 0xFF76BAF8, 0x6CDCEFFA, 0x00FFFFFF,
  0x00FFFFFF, 0x00FFFFFF, 0x00FFFFFF, 0x00FFFFFF, 0x00FFFFFF, 0x00FFFFFF, 0x00FFFFFF, 0x00FFFFFF,
  0x00FFFFFF, 0x00FFFFFF, 0x00FFFFFF, 0x00FFFFFF, 0x00FFFFFF, 0x00FFFFFF, 0x00FFFFFF, 0x00FFFFFF,
  0x00FFFFFF, 0x00FFFFFF, 0x00FFFFFF, 0x00FFFFFF, 0x00FFFFFF, 0x00FFFFFF, 0x00FFFFFF, 0x5DECFCFF,
  0xFF44A0E9, 0xF50575E5, 0xFD0881E8, 0xF1077CEB, 0xF73093E5, 0x2CE5F3F7, 0x00FFFFFF, 0x00FFFFFF,
  0x00FFFFFF, 0x00FFFFFF, 0x00FFFFFF, 0x00FFFFFF, 0x00FFFFFF, 0x00FFFFFF, 0x00FFFFFF, 0x00FFFFFF,
  0x6FE3F8FE, 0xABA1C9ED, 0x77BBE0FA, 0x1FF8FFFF, 0x00FFFFFF, 0x00FFFFFF, 0x56DCF2FC, 0xFF7BBDF4,
  0xF73E98EB, 0xFD499CED, 0xFF48A0EB, 0xFF44A1EA, 0xFF4B9EE9, 0xF94197E9, 0xFF5CB1F5, 0xC8B4DCF4,
  0x00FFFFFF, 0x00FFFFFF, 0x00FFFFFF, 0x00FFFFFF, 0x00FFFFFF, 0x00FFFFFF, 0x00FFFFFF, 0x00FFFFFF,
  0x00FFFFFF, 0x00FFFFFF, 0x00FFFFFF, 0x00FFFFFF, 0x00FFFFFF, 0x00FFFFFF, 0x00FFFFFF, 0x00FFFFFF,
  0x00FFFFFF, 0x00FFFFFF, 0x00FFFFFF, 0x00FFFFFF, 0x00FFFFFF, 0x00FFFFFF, 0x00FFFFFF, 0xFF79BCF0,
  0xFB0273DE, 0xFF0680E3, 0xFF077BE4, 0xF9057EE9, 0xFD258BE0, 0x88DBEDF3, 0x00FFFFFF, 0x00FFFFFF,
  0x2FF5FFFF, 0x7BBCD9EB, 0xAAC6E1F5, 0x5DF4FEFE, 0x00FFFFFF, 0x00FFFFFF, 0x00FFFFFF, 0x7BD3E9F7,
  0xFF64B6FD, 0xFF2A92E7, 0xFF3A97E7, 0xFF98CDFB, 0x00FFFFFF, 0x00FFFFFF, 0x00FFFFFF, 0x58F1FEFF,
  0xFFA5D7FF, 0xFF459CE9, 0xFB409DEC, 0xFF45A0F0, 0xFF469EEC, 0xFF49A0EA, 0xF7419DEC, 0xFF4CA2EC,
  0xEF85C0EE, 0x88EDFEFF, 0x00FFFFFF, 0x00FFFFFF, 0x00FFFFFF, 0x00FFFFFF, 0x00FFFFFF, 0x00FFFFFF,
  0x00FFFFFF, 0x00FFFFFF, 0x00FFFFFF, 0x00FFFFFF, 0x00FFFFFF, 0x00FFFFFF, 0x00FFFFFF, 0x00FFFFFF,
  0x00FFFFFF, 0x00FFFFFF, 0x00FFFFFF, 0x00FFFFFF, 0x00FFFFFF, 0x00FFFFFF, 0xB5AFD7F2, 0xF90B7BE0,
  0xFD077DE7, 0xFF027FE2, 0xFF097FE5, 0xF90373E5, 0xFF5AAAEC, 0x00FFFFFF, 0x00FFFFFF, 0x37EBF9FD,
  0xFF82C5FA, 0xFF248AED, 0xFF218DF0, 0xFF6DAAE2, 0x63F3FDFD, 0x00FFFFFF, 0x00FFFFFF, 0xF98CC5EE,
  0xF5228BE9, 0xFB3798EC, 0xF13095EB, 0xFD3DA0F4, 0x73C7E4F5, 0x00FFFFFF, 0x00FFFFFF, 0x00FFFFFF,
  0x00FFFFFF, 0xE4BFE4F7, 0xFF5CA7E7, 0xFD3E99EB, 0xFD469FF0, 0xFF44A1E9, 0xFF45A0F1, 0xFB449FF3,
  0xFB3B99E7, 0xFF82C7FD, 0x59E8F5FA, 0x00FFFFFF, 0x00FFFFFF, 0x00FFFFFF, 0x00FFFFFF, 0x00FFFFFF,
  0x00FFFFFF, 0x00FFFFFF, 0x00FFFFFF, 0x00FFFFFF, 0x00FFFFFF, 0x00FFFFFF, 0x00FFFFFF, 0x00FFFFFF,
  0x00FFFFFF, 0x00FFFFFF, 0x00FFFFFF, 0x00FFFFFF, 0x00FFFFFF, 0x8BD9F0FB, 0xFF3096ED, 0xF9037BE7,
  0xFF087DE9, 0xFF0380EC, 0xF9037CE4, 0xFF2A8EED, 0xAAD5ECF8, 0x00FFFFFF, 0x00FFFFFF, 0xAAA9D1EB,
  0xF71D8BE8, 0xF3178FF3, 0xF52089E6, 0xFF198BF4, 0xB5AFD5F6, 0x00FFFFFF, 0x00FFFFFF, 0xF18BC3ED,
  0xFB2B8EE9, 0xFF3495E7, 0xFD3096EE, 0xFB2493F2, 0xE080BDEC, 0x00FFFFFF, 0x00FFFFFF, 0x00FFFFFF,
  0x00FFFFFF, 0x00FFFFFF, 0xDAE0F9FF, 0xF975B4E7, 0xFF439BE8, 0xFB459EEC, 0xFF489FEB, 0xFF4A9EE7,
  0xFB4CA1EA, 0xF93D97E8, 0xEF95C8EC, 0x00FFFFFF, 0x00FFFFFF, 0x00FFFFFF, 0x00FFFFFF, 0x00FFFFFF,
  0x00FFFFFF, 0x00FFFFFF, 0x00FFFFFF, 0x00FFFFFF, 0x00FFFFFF, 0x00FFFFFF, 0x00FFFFFF, 0x00FFFFFF,
  0x00FFFFFF, 0x00FFFFFF, 0x00FFFFFF, 0x00FFFFFF, 0x00FFFFFF, 0xFF51A9ED, 0xF90375DF, 0xFF087EE8,
  0xFF027EEA, 0xFD077FE7, 0xF90D77DD, 0xD9A6D6F5, 0x00FFFFFF, 0x00FFFFFF, 0x00FFFFFF, 0xE095C9ED,
  0xFD1583EA, 0xFD1E8CEA, 0xF7238BE8, 0xFF2191F9, 0x70A2C9F0, 0x00FFFFFF, 0x00FFFFFF, 0x9ABDDDF3,
  0xFF399CEF, 0xF93393EA, 0xFF3494E9, 0xF72C93EA, 0xFF52AAF3, 0x74DCEFFA, 0x00FFFFFF, 0x00FFFFFF,
  0x00FFFFFF, 0x00FFFFFF, 0x00FFFFFF, 0x20F9FFFF, 0xE8A4D4F6, 0xFF4FA0EE, 0xF73C9EEB, 0xFF46A2EA,
  0xFF47A2F4, 0xF73B99EC, 0xFF8DC6F2, 0x00FFFFFF, 0x00FFFFFF, 0x00FFFFFF, 0x00FFFFFF, 0x00FFFFFF,
  0x00FFFFFF, 0x00FFFFFF, 0x00FFFFFF, 0x00FFFFFF, 0x00FFFFFF, 0x00FFFFFF, 0x00FFFFFF, 0x00FFFFFF,
  0x00FFFFFF, 0x00FFFFFF, 0x00FFFFFF, 0x00FFFFFF, 0xF18ECAF3, 0xF90478DE, 0xFD097DE5, 0xFF047DE9,
  0xFF0782E6, 0xF3066FE4, 0xFF79BCF5, 0x00FFFFFF, 0x11F7FBFE, 0x00FFFFFF, 0x00FFFFFF, 0xFF86C5F6,
  0xF91181E1, 0xFF248AEA, 0xF7218BEA, 0xFF2791F0, 0x7CB6D8EF, 0x00FFFFFF, 0x00FFFFFF, 0x45F5FEFE,
  0xFD63B1F3, 0xF92B8DE9, 0xFF3194EC, 0xFD3595E8, 0xFD298FE9, 0xDE92C7EE, 0x00FFFFFF, 0x00FFFFFF,
  0x00FFFFFF, 0x00FFFFFF, 0x00FFFFFF, 0x00FFFFFF, 0x00FFFFFF, 0xC5C2E6FB, 0xFF67B5F4, 0xFF3898EB,
  0xF53C99E8, 0xFF57ABF2, 0x9DC7E0F2, 0x00FFFFFF, 0x00FFFFFF, 0x00FFFFFF, 0x00FFFFFF, 0x00FFFFFF,
  0x00FFFFFF, 0x00FFFFFF, 0x00FFFFFF, 0x00FFFFFF, 0x00FFFFFF, 0x00FFFFFF, 0x00FFFFFF, 0x00FFFFFF,
  0x00FFFFFF, 0x00FFFFFF, 0x00FFFFFF, 0x80C6E5F6, 0xFF1A89E6, 0xF9047EE2, 0xFF047FE6, 0xFF077EEB,
  0xF50577E4, 0xFF48A3F4, 0x68EEFEFF, 0x00FFFFFF, 0x00FFFFFF, 0x00FFFFFF, 0x00FFFFFF, 0xFD5FADEA,
  0xFD1184E5, 0xFF1F8BE8, 0xF7198CED, 0xFF3096F2, 0x78C9E5F7, 0x00FFFFFF, 0x00FFFFFF, 0x00FFFFFF,
  0xC3A8D3F4, 0xFD3195EC, 0xFB2F98EB, 0xFF3095EC, 0xF92D8DEA, 0xFF5DB2F2, 0x57EBFBFE, 0x00FFFFFF,
  0x00FFFFFF, 0x00FFFFFF, 0x00FFFFFF, 0x00FFFFFF, 0x00FFFFFF, 0x00FFFFFF, 0x86E6FBFF, 0xF398C7EC,
  0xFF8BC2F0, 0xB4C8E6FA, 0x00FFFFFF, 0x00FFFFFF, 0x00FFFFFF, 0x00FFFFFF, 0x00FFFFFF, 0x00FFFFFF,
  0x00FFFFFF, 0x00FFFFFF, 0x00FFFFFF, 0x00FFFFFF, 0x00FFFFFF, 0x00FFFFFF, 0x00FFFFFF, 0x00FFFFFF,
  0x00FFFFFF, 0x00FFFFFF, 0x45EDFBFD, 0xFF419BE3, 0xFB0275E6, 0xFF0A7DE4, 0xFF077EE3, 0xFB047CE5,
  0xFF1682E4, 0xA6C6EAFC, 0x00FFFFFF, 0x00FFFFFF, 0x00FFFFFF, 0x00FFFFFF, 0x00FFFFFF, 0xFF53A8EB,
  0xFB1584E6, 0xFF218AE5, 0xF7198AEC, 0xFF3B9BEF, 0x82DBF1F9, 0x00FFFFFF, 0x00FFFFFF, 0x00FFFFFF,
  0x4AE9F7FB, 0xFF5CACF5, 0xF92D8EE6, 0xFF2D95EE, 0xFB3594EE, 0xFF3395EA, 0xB4A9D2ED, 0x00FFFFFF,
  0x00FFFFFF, 0x00FFFFFF, 0x00FFFFFF, 0x00FFFFFF, 0x00FFFFFF, 0x00FFFFFF, 0x00FFFFFF, 0x00FFFFFF,
  0x00FFFFFF, 0x00FFFFFF, 0x00FFFFFF, 0x00FFFFFF, 0x00FFFFFF, 0x00FFFFFF, 0x00FFFFFF, 0x00FFFFFF,
  0x00FFFFFF, 0x00FFFFFF, 0x00FFFFFF, 0x00FFFFFF, 0x00FFFFFF, 0x00FFFFFF, 0x00FFFFFF, 0x00FFFFFF,
  0x00FFFFFF, 0x00FFFFFF, 0xF57DBEEB, 0xFD0178E0, 0xFD0B7EE8, 0xFF027CEF, 0xFD0680E9, 0xF90578DB,
  0xE688C8F3, 0x00FFFFFF, 0x00FFFFFF, 0x00FFFFFF, 0x00FFFFFF, 0x00FFFFFF, 0x51EBF7FC, 0xFF4EA9F6,
  0xF71886E6, 0xFF218BE8, 0xF71788EC, 0xFF49A3EF, 0x4DEAF9FB, 0x00FFFFFF, 0x00FFFFFF, 0x00FFFFFF,
  0x00FFFFFF, 0xE094C6EE, 0xFD2F8EEC, 0xFD3096EB, 0xFF3195EA, 0xF92A8DEA, 0xFF6DB6F4, 0x00FFFFFF,
  0x00FFFFFF, 0x00FFFFFF, 0x00FFFFFF, 0x00FFFFFF, 0x00FFFFFF, 0x00FFFFFF, 0x00FFFFFF, 0x00FFFFFF,
  0x00FFFFFF, 0x00FFFFFF, 0x00FFFFFF, 0x00FFFFFF, 0x00FFFFFF, 0x00FFFFFF, 0x00FFFFFF, 0x00FFFFFF,
  0x00FFFFFF, 0x00FFFFFF, 0x00FFFFFF, 0x00FFFFFF, 0x00FFFFFF, 0x00FFFFFF, 0x00FFFFFF, 0x00FFFFFF,
  0x00FFFFFF, 0x00FFFFFF, 0xCC4C9BE4, 0xFD037CEC, 0xFD067FE2, 0xFF0682E8, 0xF50575E2, 0xFF58ABF1,
  0x42F6FFFF, 0x00FFFFFF, 0x00FFFFFF, 0x00FFFFFF, 0x00FFFFFF, 0x00FFFFFF, 0x47DEF1FA, 0xFF3EA1F5,
  0xF71A88E7, 0xFF208BEA, 0xF71486E9, 0xFF5CAEF4, 0x1DF7FCFC, 0x00FFFFFF, 0x00FFFFFF, 0x00FFFFFF,
  0x00FFFFFF, 0x56D9EEFA, 0xFD49A7FA, 0xF73094E4, 0xFF2E97E5, 0xF93393E9, 0xFD3899EC, 0xC1BADFF3,
  0x00FFFFFF, 0x00FFFFFF, 0x00FFFFFF, 0x00FFFFFF, 0x00FFFFFF, 0x00FFFFFF, 0x00FFFFFF, 0x00FFFFFF,
  0x00FFFFFF, 0x00FFFFFF, 0x00FFFFFF, 0x00FFFFFF, 0x00FFFFFF, 0x00FFFFFF, 0x00FFFFFF, 0x00FFFFFF,
  0x00FFFFFF, 0x00FFFFFF, 0x00FFFFFF, 0x00FFFFFF, 0x00FFFFFF, 0x00FFFFFF, 0x00FFFFFF, 0x00FFFFFF,
  0x00FFFFFF, 0x00FFFFFF, 0xF178B1E6, 0xFF0071DA, 0xFD0480E5, 0xF90376E1, 0xFF2E91E7, 0xB4D3EDF8,
  0x00FFFFFF, 0x00FFFFFF, 0x00FFFFFF, 0x00FFFFFF, 0x00FFFFFF, 0x00FFFFFF, 0x44D2E8F7, 0xFF359DF6,
  0xF71C88E7, 0xFF1E8BEB, 0xF91485E8, 0xF564B1F0, 0x00FFFFFF, 0x00FFFFFF, 0x00FFFFFF, 0x00FFFFFF,
  0x00FFFFFF, 0x00FFFFFF, 0xFF7EC3F3, 0xFD298AE3, 0xFF3396E7, 0xFF3196EB, 0xF9268CE6, 0xFF7CC0F6,
  0x00FFFFFF, 0x00FFFFFF, 0x00FFFFFF, 0x00FFFFFF, 0x00FFFFFF, 0x00FFFFFF, 0x00FFFFFF, 0x00FFFFFF,
  0x00FFFFFF, 0x00FFFFFF, 0x00FFFFFF, 0x00FFFFFF, 0x00FFFFFF, 0x00FFFFFF, 0x00FFFFFF, 0x00FFFFFF,
  0x00FFFFFF, 0x00FFFFFF, 0x00FFFFFF, 0x00FFFFFF, 0x00FFFFFF, 0x00FFFFFF, 0x00FFFFFF, 0x00FFFFFF,
  0x00FFFFFF, 0x00FFFFFF, 0x5FE0F6FD, 0xFB5BA8E4, 0xF71179D9, 0xFF3691E8, 0xA8BADDF3, 0x00FFFFFF,
  0x00FFFFFF, 0x00FFFFFF, 0x00FFFFFF, 0x00FFFFFF, 0x00FFFFFF, 0x00FFFFFF, 0x5FBFDFF6, 0xFF2899F7,
  0xF91C89E9, 0xFD2189EB, 0xFF1786EF, 0xDE66ADEA, 0x00FFFFFF, 0x00FFFFFF, 0x00FFFFFF, 0x00FFFFFF,
  0x00FFFFFF, 0x00FFFFFF, 0xDECAEAF7, 0xFB3191ED, 0xFD3493E6, 0xFF3394E9, 0xF73192ED, 0xFD4EA7F3,
  0x4BD9ECF7, 0x00FFFFFF, 0x00FFFFFF, 0x00FFFFFF, 0x00FFFFFF, 0x00FFFFFF, 0x00FFFFFF, 0x00FFFFFF,
  0x00FFFFFF, 0x00FFFFFF, 0x00FFFFFF, 0x00FFFFFF, 0x00FFFFFF, 0x00FFFFFF, 0x00FFFFFF, 0x00FFFFFF,
  0x00FFFFFF, 0x00FFFFFF, 0x00FFFFFF, 0x00FFFFFF, 0x00FFFFFF, 0x00FFFFFF, 0x00FFFFFF, 0x00FFFFFF,
  0x00FFFFFF, 0x00FFFFFF, 0x00FFFFFF, 0x00FFFFFF, 0xFFECF1F8, 0x88F0FBFD, 0x00FFFFFF, 0x00FFFFFF,
  0x00FFFFFF, 0x00FFFFFF, 0x00FFFFFF, 0x00FFFFFF, 0x00FFFFFF, 0x00FFFFFF, 0xB9ACD5F1, 0xFF1B8EED,
  0xFB218BE4, 0xFD2389E7, 0xFF1486EB, 0xE075B8EC, 0x00FFFFFF, 0x00FFFFFF, 0x00FFFFFF, 0x00FFFFFF,
  0x00FFFFFF, 0x00FFFFFF, 0x00FFFFFF, 0xFF6EB9F8, 0xF72690E6, 0xFF3794E5, 0xF93196EF, 0xFD3697F0,
  0xA0B4D0E9, 0x00FFFFFF, 0x00FFFFFF, 0x00FFFFFF, 0x00FFFFFF, 0x00FFFFFF, 0x00FFFFFF, 0x00FFFFFF,
  0x00FFFFFF, 0x00FFFFFF, 0x00FFFFFF, 0x00FFFFFF, 0x00FFFFFF, 0x00FFFFFF, 0x00FFFFFF, 0x00FFFFFF,
  0x00FFFFFF, 0x00FFFFFF, 0x00FFFFFF, 0x00FFFFFF, 0x00FFFFFF, 0x00FFFFFF, 0x00FFFFFF, 0x00FFFFFF,
  0x00FFFFFF, 0x00FFFFFF, 0x00FFFFFF, 0x00FFFFFF, 0x00FFFFFF, 0x89FFFEF5, 0x37FCFCF7, 0x00FFFFFF,
  0x00FFFFFF, 0x00FFFFFF, 0x00FFFFFF, 0x00FFFFFF, 0x00FFFFFF, 0x00FFFFFF, 0xD7A6CEEB, 0xFD1885E6,
  0xFD2189E8, 0xFD1A8DEB, 0xFF1488E4, 0xE08CC2EE, 0x00FFFFFF, 0x00FFFFFF, 0x00FFFFFF, 0x00FFFFFF,
  0x00FFFFFF, 0x00FFFFFF, 0x00FFFFFF, 0xCFB4D7EF, 0xFF3293EA, 0xF52195F6, 0xF32292EE, 0xFF449BEE,
  0x94D1E7F7, 0x00FFFFFF, 0x00FFFFFF, 0x00FFFFFF, 0x00FFFFFF, 0x00FFFFFF, 0x00FFFFFF, 0x00FFFFFF,
  0x00FFFFFF, 0x00FFFFFF, 0x00FFFFFF, 0x00FFFFFF, 0x00FFFFFF, 0x00FFFFFF, 0x00FFFFFF, 0x00FFFFFF,
  0x00FFFFFF, 0x00FFFFFF, 0x00FFFFFF, 0x00FFFFFF, 0x00FFFFFF, 0x00FFFFFF, 0x00FFFFFF, 0x00FFFFFF,
  0x00FFFFFF, 0x00FFFFFF, 0x00FFFFFF, 0x00FFFFFF, 0x00FFFFFF, 0x00FFFFFF, 0x00FFFFFF, 0x00FFFFFF,
  0x00FFFFFF, 0x00FFFFFF, 0x00FFFFFF, 0x00FFFFFF, 0x00FFFFFF, 0x00FFFFFF, 0xFF98CDF0, 0xFB157EE3,
  0xFF2289EE, 0xFD208AEA, 0xFF1886E1, 0xDEA5CFEC, 0x00FFFFFF, 0x00FFFFFF, 0x00FFFFFF, 0x00FFFFFF,
  0x00FFFFFF, 0x00FFFFFF, 0x00FFFFFF, 0x2BF9FFFF, 0xE2A6D2F5, 0xFF54A4E3, 0xFF5EA5E9, 0xFDACD7F2,
  0x00FFFFFF, 0x00FFFFFF, 0x00FFFFFF, 0x00FFFFFF, 0x00FFFFFF, 0x00FFFFFF, 0x00FFFFFF, 0x00FFFFFF,
  0x00FFFFFF, 0x00FFFFFF, 0x00FFFFFF, 0x00FFFFFF, 0x00FFFFFF, 0x00FFFFFF, 0x00FFFFFF, 0x00FFFFFF,
  0x00FFFFFF, 0x00FFFFFF, 0x00FFFFFF, 0x00FFFFFF, 0x00FFFFFF, 0x00FFFFFF, 0x00FFFFFF, 0x00FFFFFF,
  0x00FFFFFF, 0x00FFFFFF, 0x00FFFFFF, 0x00FFFFFF, 0x00FFFFFF, 0x00FFFFFF, 0x00FFFFFF, 0x00FFFFFF,
  0x00FFFFFF, 0x00FFFFFF, 0x00FFFFFF, 0x00FFFFFF, 0x00FFFFFF, 0x00FFFFFF, 0x95B3D3EF, 0xFF278EEF,
  0xF92089EF, 0xFB1A89EC, 0xFF3291E3, 0xB0D0E7F2, 0x00FFFFFF, 0x00FFFFFF, 0x00FFFFFF, 0x00FFFFFF,
  0x00FFFFFF, 0x00FFFFFF, 0x00FFFFFF, 0x00FFFFFF, 0x00FFFFFF, 0x70E8FAFA, 0x7BF0FBFC, 0x00FFFFFF,
  0x00FFFFFF, 0x00FFFFFF, 0x00FFFFFF, 0x00FFFFFF, 0x00FFFFFF, 0x00FFFFFF, 0x00FFFFFF, 0x00FFFFFF,
  0x00FFFFFF, 0x00FFFFFF, 0x00FFFFFF, 0x00FFFFFF, 0x00FFFFFF, 0x00FFFFFF, 0x00FFFFFF, 0x00FFFFFF,
};

static const unsigned g_splash_sp01_w = 56u;
static const unsigned g_splash_sp01_h = 56u;
static const uint32_t g_splash_sp01_px[3136] = {
  0x00000000, 0x00000000, 0x00000000, 0x00000000, 0x00000000, 0x00000000, 0x00000000, 0x00000000,
  0x00000000, 0x00000000, 0x00000000, 0x00000000, 0x00000000, 0x00000000, 0x00000000, 0x00000000,
  0x00000000, 0x00000000, 0x00000000, 0x00000000, 0x00000000, 0x00000000, 0x00000000, 0x00000000,
  0x00000000, 0x00000000, 0x00000000, 0x00000000, 0x1BE2E2F5, 0x46F0F7FF, 0x83E5FFFF, 0x7EE0ECF6,
  0x36F0F5FA, 0x00000000, 0x00000000, 0x00000000, 0x00000000, 0x00000000, 0x00000000, 0x00000000,
  0x00000000, 0x00000000, 0x00000000, 0x00000000, 0x00000000, 0x00000000, 0x00000000, 0x00000000,
  0x00000000, 0x00000000, 0x00000000, 0x00000000, 0x00000000, 0x00000000, 0x00000000, 0x00000000,
  0x00000000, 0x00000000, 0x00000000, 0x00000000, 0x00000000, 0x00000000, 0x00000000, 0x00000000,
  0x00000000, 0x00000000, 0x00000000, 0x00000000, 0x00000000, 0x00000000, 0x00000000, 0x00000000,
  0x00000000, 0x00000000, 0x00000000, 0x00000000, 0x00000000, 0x00000000, 0x00000000, 0x00000000,
  0x00000000, 0x00000000, 0x00000000, 0x00000000, 0xB5D7E7F2, 0xFFCDEBFF, 0xFFDDFFFF, 0xF4BEDFFF,
  0x9CDCF1FF, 0x00000000, 0x00000000, 0x00000000, 0x00000000, 0x00000000, 0x00000000, 0x00000000,
  0x00000000, 0x00000000, 0x00000000, 0x00000000, 0x00000000, 0x00000000, 0x00000000, 0x00000000,
  0x00000000, 0x00000000, 0x00000000, 0x00000000, 0x00000000, 0x00000000, 0x00000000, 0x00000000,
  0x00000000, 0x00000000, 0x00000000, 0x00000000, 0x00000000, 0x00000000, 0x00000000, 0x00000000,
  0x00000000, 0x00000000, 0x00000000, 0x00000000, 0x00000000, 0x00000000, 0x00000000, 0x00000000,
  0x3DF6FAFF, 0x79F0FCFF, 0x54ECFBFF, 0x00000000, 0x00000000, 0x00000000, 0x00000000, 0x00000000,
  0x00000000, 0x00000000, 0x00000000, 0x3CE9F6FA, 0xE6CEE4F7, 0xFCAFD7FB, 0xF9B2D9F1, 0xFFB5DDFB,
  0xFFEDFFFF, 0x41CCDFEB, 0x00000000, 0x00000000, 0x00000000, 0x00000000, 0x00000000, 0x00000000,
  0x00000000, 0x00000000, 0x00000000, 0x00000000, 0x00000000, 0x00000000, 0x00000000, 0x00000000,
  0x00000000, 0x00000000, 0x00000000, 0x00000000, 0x00000000, 0x00000000, 0x00000000, 0x00000000,
  0x00000000, 0x00000000, 0x00000000, 0x00000000, 0x00000000, 0x00000000, 0x00000000, 0x00000000,
  0x00000000, 0x00000000, 0x00000000, 0x00000000, 0x00000000, 0x00000000, 0x00000000, 0x82DFF3FF,
  0x00FFFFFF, 0xFFF5FFFF, 0xFFE3F9FF, 0x95E1F3FD, 0x05CCCCFF, 0x00000000, 0x00000000, 0x00000000,
  0x00000000, 0x00000000, 0x00000000, 0x00FFFFFF, 0xEDC4E7FA, 0xFFB4DBFA, 0xFBB4D7F4, 0xFDB2D8FC,
  0xE3C4E1FB, 0x00FFFFFF, 0x00000000, 0x00000000, 0x00000000, 0x00000000, 0x00000000, 0x00000000,
  0x00000000, 0x0100FFFF, 0x00000000, 0x00000000, 0x00000000, 0x00000000, 0x00000000, 0x00000000,
  0x00000000, 0x00000000, 0x00000000, 0x00000000, 0x00000000, 0x00000000, 0x00000000, 0x00000000,
  0x00000000, 0x00000000, 0x00000000, 0x00000000, 0x00000000, 0x00000000, 0x00000000, 0x00000000,
  0x00000000, 0x00000000, 0x00000000, 0x00000000, 0x00000000, 0x00000000, 0x0EECECFF, 0xEFD9EAF8,
  0xFFD0E6FB, 0xF4C6E0F9, 0xFCC9E2F9, 0xFEDAEDFA, 0x1EFFFFF6, 0x00000000, 0x00000000, 0x00000000,
  0x00000000, 0x00000000, 0x00000000, 0x2FDEF4F9, 0xFFE3FFFF, 0xF9B2D3F9, 0xFEB5D7F8, 0xFBADD7F9,
  0xFFCBE5FA, 0x2EE8EEEE, 0x00000000, 0x00000000, 0x00000000, 0x00000000, 0x00000000, 0x00000000,
  0x00000000, 0x00FFFFFF, 0x00030201, 0x00000000, 0x00000000, 0x00000000, 0x00000000, 0x00000000,
  0x00000000, 0x00000000, 0x00000000, 0x00000000, 0x00000000, 0x00000000, 0x00000000, 0x00000000,
  0x00000000, 0x00000000, 0x00000000, 0x00000000, 0x00000000, 0x00000000, 0x00000000, 0x00000000,
  0x00000000, 0x00000000, 0x00000000, 0x00000000, 0x00000000, 0x010000FF, 0x0FEEEEEE, 0xE2E3F0FA,
  0xFFCFE8FE, 0xFDC9E4FD, 0xFECAE3FA, 0xFFEDFFFF, 0x95EDF9FD, 0x00000000, 0x00FFFFFF, 0x00000000,
  0x00000000, 0x00000000, 0x00000000, 0x11FFFFE1, 0xE6C3E6FF, 0xFFB3D7F8, 0xFCB5D8F3, 0xFFB6E1FD,
  0xDCCDE7F9, 0x00000000, 0x00000000, 0x00000000, 0x00000000, 0x00000000, 0x00000000, 0x00000000,
  0x0EC8DAEC, 0xBBE1EEF5, 0xC1CFEDFF, 0xB7C8E1F2, 0xD9E8F3F7, 0x00000000, 0x00000000, 0x00000000,
  0x00000000, 0x00000000, 0x00000000, 0x00000000, 0x00000000, 0x00000000, 0x00000000, 0x00000000,
  0x00000000, 0x00000000, 0x00000000, 0x00000000, 0x00000000, 0x00000000, 0x00000000, 0x00000000,
  0x00000000, 0x00000000, 0x00000000, 0x00000000, 0x00000000, 0x00000000, 0x00000000, 0xA9E8F5FA,
  0xFFEAFFFF, 0xFAC6E6FF, 0xFDC9E4FC, 0xFCCBE4FA, 0xD7E1F5FF, 0x16E7FFFF, 0x00000000, 0x00000000,
  0x00000000, 0x00000000, 0x00000000, 0x4ED1EBF8, 0xFFDFFFFF, 0xF6AFD8FA, 0xFCB3D9F5, 0xFFB7E2FF,
  0xB2D1E6F9, 0x00020000, 0x00000000, 0x00000000, 0x00000000, 0x00000000, 0x00000000, 0x00000000,
  0x9AD7E9F6, 0xFFC9EDFF, 0xFFA6D7FF, 0xFF97C9F3, 0xE4B9D8F4, 0x3CD8EEFF, 0x00000000, 0x00000000,
  0x00000000, 0x00000000, 0x00000000, 0x00000000, 0x00000000, 0x00000000, 0x00000000, 0x00000000,
  0x00000000, 0x00000000, 0x00000000, 0x00000000, 0x00000000, 0x00000000, 0x00000000, 0x00000000,
  0x00000000, 0x00000000, 0x00000000, 0x00000000, 0x00000000, 0x00000000, 0x00000000, 0x2AF2F8F8,
  0xF0E1F4FF, 0xF6C8E3F9, 0xFECAE4FB, 0xF9CAE4FA, 0xFFF4FFFF, 0x7AEAF8FA, 0x00000000, 0x00000000,
  0x00000000, 0x00000000, 0x00000000, 0x62DDEAEF, 0xFEB8E0FB, 0xFDB0D6F6, 0xFCB3D5F2, 0xFFC1E3FF,
  0xC2DBE9F8, 0x00000000, 0x00000000, 0x00000000, 0x00000000, 0x00000000, 0x00000000, 0x46CFE9FB,
  0xFFC3E3FF, 0xF998C9F4, 0xFB97CAF6, 0xF796C9F0, 0xFFCEFBFF, 0x89CEE6FF, 0x00000000, 0x00000000,
  0x00000000, 0x00000000, 0x00000000, 0x00000000, 0x00000000, 0x00000000, 0x00000000, 0x00000000,
  0x00000000, 0x00000000, 0x00000000, 0x00000000, 0x00000000, 0x00000000, 0x00000000, 0x00000000,
  0x00000000, 0x00000000, 0x00000000, 0x00000000, 0x00000000, 0x00000000, 0x00000000, 0x00FFFFFF,
  0xA0F0FDFF, 0xFFE3FBFF, 0xFDCBE2F8, 0xFECCE2F8, 0xFFD8F1FF, 0xCFE6F7FF, 0x00FFFFFF, 0x00000000,
  0x00000000, 0x00000000, 0x00000000, 0x79D4F0FF, 0xFFCFFBFF, 0xF9B8D7F6, 0xF8B5D7F7, 0xFFC7F0FF,
  0x95D7EFFF, 0x00000000, 0x00000000, 0x00000000, 0x00000000, 0x00000000, 0x00FFFFFF, 0xC0C5E4FF,
  0xFFAFE0FF, 0xFC91C7F4, 0xFF99CAF4, 0xFF9ECBF4, 0xF8ACD4FD, 0x37D5E7FA, 0x00000000, 0x00000000,
  0x00000000, 0x00000000, 0x00000000, 0x00000000, 0x00000000, 0x00000000, 0x00000000, 0x00000000,
  0x00000000, 0x00000000, 0x00000000, 0x00000000, 0x00000000, 0x00000000, 0x00000000, 0x00000000,
  0x00000000, 0x00000000, 0x00000000, 0x00000000, 0x00000000, 0x00000000, 0x00FFFFFF, 0x00000000,
  0x48E9F0F7, 0xFFEDFFFF, 0xFECDE3F8, 0xFFCEE4F8, 0xF8C5DFF8, 0xFED9EFFD, 0x56F0FCFF, 0x00000000,
  0x00000000, 0x00000000, 0x00000000, 0xB9D2EAF6, 0xFFBFE5FF, 0xFAB2D3F6, 0xFEADD5F8, 0xFFB9E0FD,
  0x95DEECF6, 0x00000000, 0x00000000, 0x00000000, 0x00000000, 0x00000000, 0x6DC4E2FF, 0xFFC3F1FF,
  0xF693CBF3, 0xFE9BCAF1, 0xFB98C6F2, 0xFFB9ECFF, 0x87B5DBFB, 0x00000000, 0x00000000, 0x00000000,
  0x00000000, 0x00000000, 0x00000000, 0x00000000, 0x00000000, 0x00000000, 0x00000000, 0x00000000,
  0x00000000, 0x00000000, 0x00000000, 0x00000000, 0x00000000, 0x00000000, 0x00FFFFFF, 0x27F8F8FF,
  0x0CE9E9FF, 0x00000000, 0x00000000, 0x00000000, 0x00000000, 0x00000000, 0x00000000, 0x00000000,
  0x00000000, 0xBFDEEEFD, 0xFDCFE9FD, 0xFAC8E2FA, 0xFDC9E3FB, 0xFFDAF4FF, 0xC3E4F4FD, 0x00000000,
  0x00000000, 0x00000000, 0x00FFFFFF, 0xC6D1EAFB, 0xFFB9E4FF, 0xFDB3D8F7, 0xF9AFD7F7, 0xFFD9FDFF,
  0x61D7E9F9, 0x00000000, 0x00000000, 0x00000000, 0x0DEBEBFF, 0x5BE8F6FC, 0xE1B3DEFF, 0xFFA5D6FE,
  0xFB97CAF1, 0xFF99C6F0, 0xFFA9D7FF, 0xD5ADD8FB, 0x00FFFFFF, 0x00000000, 0x00000000, 0x00000000,
  0x00000000, 0x00000000, 0x00000000, 0x00000000, 0x00000000, 0x00000000, 0x00000000, 0x00000000,
  0x00000000, 0x00000000, 0x00000000, 0x00000000, 0x00000000, 0xA7EFF4FA, 0x00000000, 0x6FF5FFFF,
  0x8DF5F9FD, 0x19EAEAEA, 0x00000000, 0x00000000, 0x00000000, 0x00000000, 0x00000000, 0x027F7F7F,
  0x00000000, 0x79E9F4FA, 0xFFE4FBFF, 0xFACAE3F9, 0xFFCCE6FD, 0xFFCBE4FC, 0xFFEDFFFF, 0x3FF2FFFF,
  0x00000000, 0x00000000, 0x00010000, 0xDCCFEBFB, 0xFFBBE1FF, 0xFBB4D8F4, 0xFDAFD5F5, 0xF7C4E4FD,
  0x40FBF7F7, 0x00000000, 0x00000000, 0x00000000, 0x00FFFFFF, 0xD2C1E1FD, 0xFFACE0FF, 0xF798C9F2,
  0xFF99CAF6, 0xFC93C3F0, 0xFFC3F0FF, 0x5ABBDFF9, 0x00000000, 0x00000000, 0x00000000, 0x00000000,
  0x00000000, 0x00000000, 0x00000000, 0x00000000, 0x00000000, 0x00000000, 0x00000000, 0x00000000,
  0x00000000, 0x00000000, 0x00000000, 0x00000000, 0x00000000, 0xFFEBF6FD, 0xCFE3F3FF, 0xFFF5FFFF,
  0xF0F5FFFF, 0x84F9FFFF, 0x02FF7FFF, 0x00000000, 0x00000000, 0x00000000, 0x00000000, 0x00000000,
  0x00000000, 0x00000000, 0xE3E9F9FF, 0xFFD6EDFF, 0xFFCCE7FD, 0xFBCAE0F7, 0xFFD2E6FB, 0x99ECFBFF,
  0x00000000, 0x00000000, 0x52E9EFF5, 0xFFD9F3FF, 0xF8ADD3F5, 0xFFB6D9F4, 0xF9B0D6F5, 0xFFECFFFF,
  0x51DFF8FF, 0x00000000, 0x00000000, 0x16DCE7F3, 0x94CBE5FB, 0xFCA6D6FF, 0xFA9CCEF7, 0xF89AC8F1,
  0xFF9DD0FF, 0xFFB5DEFF, 0xB8C4E1FA, 0x00000000, 0x00000000, 0x00000000, 0x00000000, 0x00000000,
  0x00000000, 0x00000000, 0x00000000, 0x00000000, 0x00000000, 0x00000000, 0x00000000, 0x00000000,
  0x00000000, 0x00000000, 0x00000000, 0x00000000, 0x37F1F5FA, 0xEDECFAFD, 0xFCE2F1FC, 0xF7E2EDFC,
  0xFFF1FBFF, 0x00FFFFFF, 0xC3F9FFFF, 0x5AF9FCFF, 0x00FFFFFF, 0x00000000, 0x00000000, 0x00000000,
  0x00000000, 0x00000000, 0x9DEEFBFF, 0xFFD5E8F9, 0xFAC7E0F7, 0xFFCCE5FA, 0xFFD5ECFF, 0xFAE8F8FF,
  0x15F2E6F2, 0x00000000, 0x2EF3F3F9, 0xE8D0EEFF, 0xFDAED9FB, 0xF6ADD6F9, 0xFFC0E6FF, 0xC9CAE8FF,
  0x00050100, 0x00000000, 0x00000000, 0x4CD6E0EA, 0xD0B0DDFF, 0xFFA6DDFF, 0xF69ACAF2, 0xFF9DCBF5,
  0xF9A3D2FD, 0xB9BED9F3, 0x25C7DCF8, 0x00000000, 0x00000000, 0x00000000, 0x00000000, 0x00000000,
  0x00000000, 0x00000000, 0x00FFFFFF, 0x00000000, 0x00000000, 0x00000000, 0x00000000, 0x00000000,
  0x00000000, 0x00000000, 0x00000000, 0x00000000, 0x00FFFFFF, 0x00FFFFFF, 0xFFECF6FF, 0xE8E3EFFA,
  0xFBDFECFC, 0xF6E3EFFF, 0x00FFFFFF, 0x79F4FCFF, 0x00010100, 0x24F7FFFF, 0x00000000, 0x00000000,
  0x00FFFFFF, 0x00000000, 0x45F0F7FB, 0xFFEAFCFF, 0xFFCCE6FF, 0xFDCAE4FC, 0xF2C6E0FB, 0x00FFFFFF,
  0x39EDF6FF, 0x00000000, 0x1BF5FFF5, 0xE7DCEEFC, 0xFFD8FDFF, 0xF9B0D7F8, 0xFFE0FFFF, 0x86DCEDF9,
  0x0CFFFFE9, 0x00000000, 0x5EC6E1F4, 0xEFB4D6F2, 0xFFA4DBFF, 0xF79BCCF4, 0xF99CC8F0, 0xFFA3D4FF,
  0xE9B7D9F9, 0x53D7E3EF, 0x00000000, 0x00000000, 0x00000000, 0x00000000, 0x00000000, 0x00000000,
  0x00000000, 0x00000000, 0x00000000, 0x00FFFFFF, 0x00000000, 0x00000000, 0x00000000, 0x00000000,
  0x00000000, 0x00000000, 0x00000000, 0x00000000, 0x00000000, 0x20F7FFFF, 0x00FFFFFF, 0x6AF2FCFC,
  0x00FFFFFF, 0xFAE2EFFC, 0xFAE0ECFD, 0xE4E4EFFB, 0xFBEBF5FC, 0xF0EAF4FA, 0x66EDF2FA, 0x00000000,
  0x00000000, 0x00000000, 0x00000000, 0xB3ECF7FF, 0xFFE4F9FF, 0xFAC8E3FD, 0xFFF4FFFF, 0xB2E9F9FF,
  0x00000000, 0x00000000, 0x00000000, 0x13C9E4F1, 0xA3D1E7FB, 0xDFD4EAFB, 0x87E8FFFF, 0x15FFF2F2,
  0x00000000, 0x027F7FFF, 0xCBCAE5F8, 0xFFA1D6FF, 0xFF9BC9F5, 0xF89CC8F2, 0xFFA2D0FA, 0xF2ACD8FC,
  0x9DD3E8F8, 0x0ACCE5E5, 0x00000000, 0x00000000, 0x00000000, 0x01000000, 0x00000000, 0x00000000,
  0x00000000, 0x00FFFFFF, 0x64E0F4FF, 0x8BD6EEF7, 0x75D5EDFA, 0x00000000, 0x00000000, 0x00000000,
  0x00000000, 0x00000000, 0x00000000, 0x00000000, 0x00000000, 0x00FFFFFF, 0x00FFFFFF, 0xA4F4F8FD,
  0xF7F1F9FF, 0xFFF3FFFF, 0xFFE9F5FF, 0xFFE3EFFE, 0xF7E3EFFD, 0xFFECF7FF, 0x00FFFFFF, 0x7EEEF2F6,
  0x21EFEFF7, 0x00000000, 0x00000000, 0x31E4EFF9, 0xBFE1EDF9, 0xF2E4F3FF, 0xC8DDEBF6, 0x36E7F5FA,
  0x00000000, 0x00000000, 0x00000000, 0x00000000, 0x00000000, 0x14E5F2FF, 0x00000000, 0x00000000,
  0x00000000, 0x00000000, 0xA3C9E5FD, 0xFF9DD7FF, 0xFB9BC8F1, 0xF497C7F4, 0xFFB0E0FF, 0xA9C8E3F8,
  0x30F4FFF9, 0x00000000, 0x00000000, 0x00000000, 0x00000000, 0x00000000, 0x00FFFFFF, 0x41FFFFEF,
  0xB3B3D8F6, 0xFFB4DCFF, 0xFFB2EBFF, 0xFF8BC3F3, 0xFFC9F7FF, 0x75F1FCFC, 0x00FFFFFF, 0x00FFFFFF,
  0x00000000, 0x00000000, 0x00000000, 0x00000000, 0x00000000, 0x00000000, 0x00000000, 0x2CF9F9FF,
  0x9EF2F5FA, 0xECEDF6FC, 0xF8EFF9FF, 0xFFECF8FF, 0xFCE2EEFD, 0xFFE3F1FF, 0xFFEEFAFF, 0xFBF5FCFF,
  0x64F7FCFF, 0x00000000, 0x00000000, 0x00000000, 0x00000000, 0x00FFFFFF, 0x00000000, 0x00000000,
  0x00000000, 0x00000000, 0x00000000, 0x00000000, 0x00000000, 0x00000000, 0x027F7FFF, 0x00000000,
  0x00000000, 0x00000000, 0x81E1F3FF, 0xFFC9F3FF, 0xFF97CBF8, 0xFFC1F8FF, 0xC7BDE6FF, 0x30FFFFF4,
  0x00000000, 0x00000000, 0x00000000, 0x00000000, 0x00FFFFFF, 0x5FDEF1FF, 0xEFC2E1F9, 0xFFAAD9FF,
  0xFC7BBDF9, 0xFC7BBDF3, 0xF881BCEF, 0xF873B5F4, 0xFF95D5FF, 0x9AD8F3FF, 0x00000000, 0x00000000,
  0x00000000, 0x00000000, 0x00000000, 0x00000000, 0x00000000, 0x00000000, 0x00000000, 0x00000000,
  0x00000000, 0x4DEBF5FB, 0xC1E8F3F9, 0x00FFFFFF, 0xFAE2EEFA, 0xFBE0EDFB, 0xFAE3EFFB, 0x00FFFFFF,
  0x24F7FFFF, 0x22F0F0F7, 0x00FFFFFF, 0x00FFFFFF, 0x00000000, 0x00000000, 0x00000000, 0x00000000,
  0x00000000, 0x00000000, 0x00000000, 0x00000000, 0x00000000, 0x00000000, 0x00000000, 0x00000000,
  0x00000000, 0x00000000, 0x00000000, 0x7DBFDCF2, 0xBCCAE6FC, 0xAFCAE3F7, 0x35D3EBFA, 0x00040201,
  0x00000000, 0x00000000, 0x2DE8F9F3, 0x74D0EBFA, 0xFFC6E9FF, 0xFF95CCF9, 0xFF85C0F3, 0xFF7CBBF1,
  0xFB78BCF2, 0xFF80C0F6, 0xFE83BCF0, 0xF982C1F6, 0xFD84BFF5, 0xB2C8E3F6, 0x00FFFFFF, 0x00000000,
  0x00000000, 0x00000000, 0x00000000, 0x00000000, 0x00000000, 0x00000000, 0x00000000, 0x00000000,
  0x00000000, 0x00000000, 0x18E9F4F4, 0x00FFFFFF, 0x00FFFFFF, 0x00FFFFFF, 0xF6E1EEFA, 0xFFEFFEFF,
  0xE9E8F5FD, 0xCCF3FCFD, 0x00000000, 0x00000000, 0x00000000, 0x00000000, 0x00000000, 0x00000000,
  0x00000000, 0x00000000, 0x00000000, 0x00000000, 0x00000000, 0x00000000, 0x00000000, 0x00000000,
  0x00000000, 0x00000000, 0x00000000, 0x00000000, 0x0DD7EBFF, 0x00000000, 0x00000000, 0x00FFFFFF,
  0x056699CC, 0x6AC7DFF5, 0xC9ADD6F3, 0xFF95CCF8, 0xFF8ACAFF, 0xF672B7F0, 0xFC7FBEF1, 0xFF88BEF0,
  0xFF84BEF3, 0xFD7EC0F4, 0xFA75B6EF, 0xFF8CCFFF, 0xCEA2CEF8, 0x61E4EFEF, 0x00000000, 0x00000000,
  0x00000000, 0x00000000, 0x00000000, 0x00000000, 0x00000000, 0x00000000, 0x00000000, 0x00000000,
  0x00000000, 0x00000000, 0x00000000, 0x00000000, 0x4DF5FFFF, 0xC9F4FFFF, 0x00FFFFFF, 0xBBE3F2FF,
  0x00FFFFFF, 0x69F7FFFF, 0x00000000, 0x00000000, 0x00000000, 0x00000000, 0x00000000, 0x00000000,
  0x00000000, 0x00000000, 0x00000000, 0x00000000, 0x00000000, 0x00000000, 0x00000000, 0x00000000,
  0x00000000, 0x00000000, 0x00000000, 0x00000000, 0x00000000, 0x00000000, 0x00000000, 0x64EFF2EF,
  0xCBAFD5F8, 0xFFABECFF, 0xFF80C5FB, 0xF87CBBEE, 0xFD82BEF3, 0xFF7FBFF7, 0xFF82C1F8, 0xF97ABCF2,
  0xFA75BAF1, 0xFF89C7F8, 0xFF95C6F9, 0xE6C0E4FD, 0xC9E6F7FD, 0x17F3F3F3, 0x00000000, 0x00000000,
  0x00000000, 0x00000000, 0x00000000, 0x00000000, 0x00000000, 0x00000000, 0x00000000, 0x00000000,
  0x00000000, 0x00000000, 0x00000000, 0x00000000, 0x00000000, 0x00000000, 0x24F7FFFF, 0x00000000,
  0x8BEEF7FD, 0x00000000, 0x00000000, 0x00000000, 0x00000000, 0x00000000, 0x00000000, 0x00000000,
  0x00000000, 0x00000000, 0x00000000, 0x00000000, 0x00000000, 0x00000000, 0x00000000, 0x00000000,
  0x00000000, 0x00000000, 0x00000000, 0x00000000, 0x00000000, 0x00000000, 0x2BF9F9F3, 0xCBB7D9F4,
  0xFF86C2FE, 0xF97BC0F4, 0xFD7EBCF2, 0xFF84BFF0, 0xFD82BFF0, 0xFC7DBDF3, 0xFF81C2F8, 0xFA87C1F1,
  0xFFB1E5FF, 0xD5C3DEF6, 0x74D7EBFC, 0x00FFFFFF, 0x00FFFFFF, 0x00000000, 0x00000000, 0x00000000,
  0x00000000, 0x00000000, 0x00000000, 0x00000000, 0x00000000, 0x00000000, 0x00000000, 0x00000000,
  0x00000000, 0x00000000, 0x00000000, 0x00000000, 0x00000000, 0x00000000, 0x00FFFFFF, 0x00FFFFFF,
  0x00FFFFFF, 0x00000000, 0x00000000, 0x00000000, 0x00000000, 0x00000000, 0x00000000, 0x00000000,
  0x00000000, 0x00000000, 0x00000000, 0x00000000, 0x00000000, 0x00000000, 0x00000000, 0x00000000,
  0x00000000, 0x00000000, 0x00000000, 0x00000000, 0x00000000, 0x00000000, 0x00FFFFFF, 0xDFA4D6FF,
  0xFF7ABDF6, 0xFB81C1F1, 0xFB7DBBF3, 0xFB7CBDF0, 0xF77AB9EF, 0xFF92CDFF, 0xEFA7D1F7, 0xA2C0E1F8,
  0x4AF4FFFF, 0x00000000, 0x00000000, 0x00000000, 0x00000000, 0x00000000, 0x00000000, 0x00000000,
  0x00000000, 0x00000000, 0x00000000, 0x00000000, 0x00000000, 0x00000000, 0x00000000, 0x00000000,
  0x00000000, 0x00000000, 0x00000000, 0x00000000, 0x00000000, 0x00000000, 0x00000000, 0x00000000,
  0x00FFFFFF, 0x00000000, 0x00000000, 0x00000000, 0x00000000, 0x00000000, 0x00000000, 0x00000000,
  0x00000000, 0x00000000, 0x00000000, 0x00000000, 0x00000000, 0x00000000, 0x00000000, 0x00000000,
  0x00000000, 0x00000000, 0x00000000, 0x00000000, 0x00000000, 0x00000000, 0x1EEEFFF6, 0xFFD7FFFF,
  0xFF92CEFD, 0xFF7ABCF6, 0xFF7FC1FB, 0xFFA1E0FF, 0xF2AAD3F7, 0xB0C2E0FA, 0x06FFFFAA, 0x00000000,
  0x00000000, 0x00000000, 0x00000000, 0x00000000, 0x00000000, 0x00000000, 0x00000000, 0x00000000,
  0x00000000, 0x00000000, 0x00000000, 0x00000000, 0x00000000, 0x00000000, 0x00000000, 0x00000000,
  0x00000000, 0x00000000, 0x00000000, 0x00000000, 0x00000000, 0x00000000, 0x00000000, 0x00000000,
  0x00000000, 0x00000000, 0x00000000, 0x00000000, 0x00000000, 0x00000000, 0x00000000, 0x00000000,
  0x00000000, 0x00000000, 0x00000000, 0x00000000, 0x00000000, 0x00000000, 0x00000000, 0x00000000,
  0x00000000, 0x00000000, 0x00000000, 0x00000000, 0x00000000, 0x00000000, 0x00000000, 0x4AC7EDFF,
  0xC5A5D1F4, 0xF0A3CEF3, 0xC7BBE4FF, 0xA4D6EAF7, 0x00010000, 0x00FFFFFF, 0x00000000, 0x00000000,
  0x00FFFFFF, 0x00000000, 0x00000000, 0x00000000, 0x00000000, 0x00000000, 0x00000000, 0x00000000,
  0x00000000, 0x00000000, 0x00000000, 0x00000000, 0x00000000, 0x00000000, 0x00000000, 0x00000000,
  0x00000000, 0x00000000, 0x00000000, 0x00000000, 0x00000000, 0x00000000, 0x00000000, 0x00000000,
  0x00000000, 0x00000000, 0x00000000, 0x00000000, 0x00000000, 0x00000000, 0x00000000, 0x00000000,
  0x00000000, 0x00000000, 0x00000000, 0x00000000, 0x00000000, 0x00000000, 0x00000000, 0x00000000,
  0x00000000, 0x00000000, 0x00000000, 0x00000000, 0x00000000, 0x00000000, 0x00000000, 0x00000000,
  0x00000000, 0x2FF4F9F9, 0x00FFFFFF, 0x05FFFFCC, 0x00000000, 0x00000000, 0x00000000, 0x00000000,
  0x00000000, 0x00000000, 0x00000000, 0x00000000, 0x00000000, 0x00000000, 0x00000000, 0x00000000,
  0x00000000, 0x00000000, 0x00000000, 0x00000000, 0x00000000, 0x00000000, 0x00000000, 0x00000000,
  0x00000000, 0x00000000, 0x00000000, 0x00000000, 0x00000000, 0x00000000, 0x00000000, 0x00000000,
  0x00000000, 0x00000000, 0x00000000, 0x00000000, 0x00000000, 0x00000000, 0x00000000, 0x00000000,
  0x00000000, 0x00000000, 0x00000000, 0x00000000, 0x00000000, 0x00000000, 0x00000000, 0x00000000,
  0x00000000, 0x00000000, 0x00000000, 0x00000000, 0x00000000, 0x00000000, 0x00000000, 0x00000000,
  0x00000000, 0x00000000, 0x00000000, 0x00000000, 0x00000000, 0x00000000, 0x00000000, 0x00000000,
  0x00000000, 0x00000000, 0x00000000, 0x00000000, 0x00000000, 0x00000000, 0x00FFFFFF, 0x00FFFFFF,
  0x00000000, 0x00000000, 0x00000000, 0x00000000, 0x00000000, 0x00000000, 0x00000000, 0x00000000,
  0x00000000, 0x00000000, 0x00000000, 0x00000000, 0x00000000, 0x00000000, 0x00000000, 0x00000000,
  0x00000000, 0x00000000, 0x00000000, 0x00000000, 0x00000000, 0x00000000, 0x00000000, 0x00000000,
  0x00000000, 0x00000000, 0x00000000, 0x00000000, 0x00000000, 0x00000000, 0x00000000, 0x00000000,
  0x00000000, 0x00000000, 0x00000000, 0x00000000, 0x00000000, 0x00000000, 0x00000000, 0x00000000,
  0x0BD0E7FF, 0x58EDF9FF, 0x82F5FFFF, 0x41C4D7EF, 0x00FFFFFF, 0x4ACBE6F8, 0x00000000, 0x1EFFFFF6,
  0x00000000, 0x00FFFFFF, 0x00000000, 0x00000000, 0x00000000, 0x00000000, 0x00000000, 0x00FFFFFF,
  0x00000000, 0x00000000, 0x00000000, 0x00000000, 0x00000000, 0x00000000, 0x00000000, 0x00000000,
  0x00000000, 0x00000000, 0x00000000, 0x00000000, 0x00000000, 0x00000000, 0x00000000, 0x00000000,
  0x00000000, 0x00000000, 0x00000000, 0x00000000, 0x00000000, 0x00000000, 0x00000000, 0x00000000,
  0x00000000, 0x00000000, 0x00000000, 0x00000000, 0x00000000, 0x00000000, 0x00000000, 0x00000000,
  0x00000000, 0x00000000, 0x00000000, 0x00000000, 0x00000000, 0x00000000, 0x00000000, 0x00000000,
  0x69C9DAE9, 0xFDA0D0F7, 0xFF91D2FF, 0xFF7BBCF5, 0xFF90CEFC, 0xFFA9E2FF, 0xC598D0FC, 0xF0A6D2F2,
  0xD0A3D1F3, 0xE5C1E3FB, 0xC2BEE4FF, 0x86C4E0F9, 0x85D0E7EF, 0x6AD1EEFC, 0x00FFFFFF, 0x00000000,
  0x00000000, 0x00000000, 0x00000000, 0x00000000, 0x00000000, 0x00000000, 0x00000000, 0x00000000,
  0x00000000, 0x00000000, 0x00000000, 0x00000000, 0x00000000, 0x00000000, 0x00000000, 0x00FFFFFF,
  0x00FFFFFF, 0x00000000, 0x00000000, 0x00000000, 0x00000000, 0x00000000, 0x00000000, 0x00000000,
  0x00000000, 0x00000000, 0x00000000, 0x00000000, 0x00000000, 0x00000000, 0x00000000, 0x00000000,
  0x00000000, 0x00000000, 0x00000000, 0x00000000, 0x00000000, 0x00000000, 0x00000000, 0x32C6E5F4,
  0xFFB6DFFF, 0xF96CB4F0, 0xFF6CB4F3, 0xFD67B2F2, 0xFD61AFF0, 0xF964B0EE, 0xFF6EBAFB, 0xFD61ADEF,
  0xFF72BEFE, 0xFA66AEED, 0xFF8ACFFF, 0xFF72B9FB, 0xFF90CFFF, 0xFF91D5FF, 0xA7ABD5F4, 0x06AAD4FF,
  0x00000000, 0x00000000, 0x00000000, 0x00000000, 0x00000000, 0x00000000, 0x00000000, 0x00000000,
  0x00000000, 0x00000000, 0x00FFFFFF, 0x00FFFFFF, 0x00000000, 0x00000000, 0x00000000, 0x00FFFFFF,
  0x00FFFFFF, 0x00000000, 0x00000000, 0x00000000, 0x00000000, 0x00000000, 0x00000000, 0x00000000,
  0x00000000, 0x00000000, 0x00000000, 0x00000000, 0x00000000, 0x00000000, 0x00000000, 0x00000000,
  0x00000000, 0x00000000, 0x00000000, 0x00000000, 0x00000000, 0x00000000, 0x00000000, 0x00FFFFFF,
  0xFE9ECBF1, 0xFB5CA9F2, 0xF771B3F0, 0xFF70B4F0, 0xFE74B4EE, 0xFF6FB3F1, 0xFD70B4F0, 0xFE6FB2EF,
  0xFD6CB5F6, 0xFF70B3F1, 0xFA6CB0F1, 0xFD6EB4F2, 0xF967ACEC, 0xF367B3F3, 0xFFA4E7FF, 0x8EDEF2F9,
  0x00000000, 0x00000000, 0x00000000, 0x00000000, 0x00000000, 0x00000000, 0x00000000, 0x00000000,
  0x00000000, 0x00000000, 0x00010000, 0x00000000, 0x00FFFFFF, 0x00FFFFFF, 0x2DF9FFF3, 0x00000000,
  0x00000000, 0x00000000, 0x00000000, 0x00000000, 0x00000000, 0x00000000, 0x00000000, 0x00000000,
  0x00000000, 0x00000000, 0x00000000, 0x00000000, 0x00000000, 0x00000000, 0x00000000, 0x00000000,
  0x00000000, 0x00000000, 0x00000000, 0x00000000, 0x00000000, 0x00000000, 0x00000000, 0x10EFEFFF,
  0xC0ACD3F1, 0xFF7BC7FF, 0xFF70B8FA, 0xFB61A9EC, 0xFE6FB3F2, 0xF868ACEC, 0xFF69B3F4, 0xF96CB1EC,
  0xFC69B2F2, 0xFE6EB4F3, 0xFD69B3F0, 0xFF74B6F0, 0xFD71B5ED, 0xFB66B2F4, 0xFD79BAF4, 0x86DAE6EF,
  0x00000000, 0x00000000, 0x00000000, 0x00000000, 0x00000000, 0x00000000, 0x00000000, 0x00000000,
  0x00000000, 0x00000000, 0x00FFFFFF, 0x87B9E2F5, 0xFF89C9FA, 0xE751A6ED, 0xF596C5E9, 0x4AFFFFF8,
  0x00FFFFFF, 0x00000000, 0x00000000, 0x00000000, 0x00000000, 0x00000000, 0x00000000, 0x00000000,
  0x00000000, 0x00000000, 0x00000000, 0x00000000, 0x00000000, 0x00000000, 0x00000000, 0x00000000,
  0x00000000, 0x00000000, 0x00000000, 0x00000000, 0x00000000, 0x00000000, 0x00000000, 0x00000000,
  0x00FFFFFF, 0xC2B4DEFF, 0xE695CEFA, 0xFF96CBF7, 0xE985C9FF, 0xFF99DDFF, 0xF579BEF7, 0xFF8BD5FF,
  0xFF71B4EE, 0xFF72C4FF, 0xFD6DB6EE, 0xFF6AB4FD, 0xF56FB4F5, 0xFF5EAEF9, 0xFFACDCFF, 0x60C7DCEC,
  0x00000000, 0x00000000, 0x00000000, 0x00000000, 0x00000000, 0x00000000, 0x00000000, 0x00FFFFFF,
  0x3EE6F6FA, 0x8C9ECDF0, 0xFF75C3FF, 0xFF1D87E6, 0xF90E79E5, 0xFF0075E9, 0xFF006DDC, 0xCF89C5F2,
  0x00FFFFFF, 0x00000000, 0x00000000, 0x00000000, 0x00000000, 0x00000000, 0x00000000, 0x00000000,
  0x00000000, 0x00000000, 0x00000000, 0x00000000, 0x00000000, 0x00000000, 0x00000000, 0x00000000,
  0x00000000, 0x00000000, 0x00000000, 0x00000000, 0x00000000, 0x00000000, 0x00000000, 0x00000000,
  0x00000000, 0x13FFFFF1, 0x00FFFFFF, 0x3DE1EEEE, 0x00FFFFFF, 0x57B5D8F0, 0x4EF1FFFB, 0x83AFDBFD,
  0xC4BDE1F8, 0xB8A9DAFC, 0xF0A8D4F1, 0xDA9FCFFB, 0xFEA9D7FD, 0xD6ACDAFB, 0x8BD8EAF3, 0x00000000,
  0x00000000, 0x00000000, 0x00000000, 0x00000000, 0x00000000, 0x00FFFFFF, 0x35CEEBFA, 0xCAA1D4F6,
  0xE755ABF1, 0xFD1A85E4, 0xFF057BE9, 0xFA0071DE, 0xFE057EE3, 0xFB0781E9, 0xF40B7DEA, 0xFF79D3FF,
  0x2CB3E7FF, 0x00000000, 0x00000000, 0x00000000, 0x00000000, 0x00000000, 0x00000000, 0x00000000,
  0x00000000, 0x00000000, 0x00000000, 0x00000000, 0x00000000, 0x00000000, 0x00000000, 0x00000000,
  0x00000000, 0x00000000, 0x00000000, 0x00000000, 0x00000000, 0x00000000, 0x00010000, 0x00FFFFFF,
  0x00000000, 0x00000000, 0x00000000, 0x00000000, 0x00000000, 0x00000000, 0x00FFFFFF, 0x00000000,
  0x0AE5FFFF, 0x00000000, 0x0BB9D0E7, 0x00FFFFFF, 0x1CC8E3F5, 0x00FFFFFF, 0x00FFFFFF, 0x00000000,
  0x00000000, 0x00000000, 0x00050200, 0x00FFFFFF, 0x00FFFFFF, 0xDA88C8F3, 0xFA4CA3E9, 0xFF188FF8,
  0xFF0073E3, 0xF90179E8, 0xFF087EE9, 0xFF017FE4, 0xFF0980E5, 0xFA0076E7, 0xFF0581EB, 0xB7499EE3,
  0x00050000, 0x00000000, 0x00000000, 0x00000000, 0x00000000, 0x00000000, 0x00000000, 0x00000000,
  0x00000000, 0x00000000, 0x00000000, 0x00000000, 0x00000000, 0x00000000, 0x00000000, 0x00000000,
  0x00000000, 0x00000000, 0x00000000, 0x00000000, 0x00000000, 0x45F3F3EC, 0x98B8E4FF, 0xF9A2D5F7,
  0xBE88B6E1, 0x3E9CC9F6, 0x00000000, 0x00000000, 0x00000000, 0x00000000, 0x00000000, 0x00FFFFFF,
  0x00000000, 0x00000000, 0x00000000, 0x00000000, 0x00000000, 0x0100FFFF, 0x00000000, 0x00000000,
  0x00000000, 0x00000000, 0x72C4E8F6, 0xC767B0E6, 0xFF429EEC, 0xFF007FEF, 0xF60073DE, 0xFD087DE5,
  0xFE047BE7, 0xFF037FEB, 0xFF0683ED, 0xFB0079E6, 0xFF0077E5, 0xFE197FE7, 0xFF429EEA, 0x9AC6E1F1,
  0x00FFFFFF, 0x00000000, 0x00000000, 0x00000000, 0x00000000, 0x00000000, 0x00000000, 0x00000000,
  0x00000000, 0x00000000, 0x00000000, 0x00000000, 0x00000000, 0x00000000, 0x00000000, 0x00000000,
  0x00000000, 0x00000000, 0x00FFFFFF, 0x00000000, 0x1AC4E1F5, 0xE8B5D4EE, 0xFE66B2F8, 0xFF52ADF7,
  0xFF6CB8FF, 0xFF9FDBFF, 0x88ACD2EC, 0x10BFDFEF, 0x00000000, 0x00000000, 0x00FFFFFF, 0x00FFFFFF,
  0x00000000, 0x00000000, 0x00000000, 0x00000000, 0x00000000, 0x00000000, 0x00000000, 0x00000000,
  0x00000000, 0x3A60A2E0, 0xFF56AFF8, 0xFD0076DF, 0xFD0576E6, 0xFD0578E4, 0xFE067EE1, 0xFF0580EB,
  0xFC027CE8, 0xFB027AE4, 0xF90573E2, 0xF90572DD, 0xFF5EB9FF, 0xDC94C8F3, 0x89D2ECF9, 0x00FFFFFF,
  0x00000000, 0x00FFFFFF, 0x000B0500, 0x00000000, 0x00000000, 0x00000000, 0x00000000, 0x00000000,
  0x00000000, 0x00000000, 0x00000000, 0x00000000, 0x00000000, 0x00000000, 0x00000000, 0x00000000,
  0x00000000, 0x00000000, 0x00000000, 0x00000000, 0x00FFFFFF, 0xF590C5F1, 0xF63B98EF, 0xFE5FAAE8,
  0xFB51A0E9, 0xFC51A4EB, 0xF37CBCF2, 0x9BB3D7F0, 0x48E6F4F7, 0x00000000, 0x00000000, 0x00000000,
  0x00000000, 0x00000000, 0x00000000, 0x00000000, 0x00000000, 0x00000000, 0x00000000, 0x00000000,
  0x00000000, 0xC87FB3E5, 0xFF1983EA, 0xFF007AE8, 0xFE0A81EA, 0xFF037DEE, 0xFD047DE3, 0xFB047CE6,
  0xFA006EE1, 0xFF2092FF, 0xFF73B9FC, 0xA780C0F4, 0x00FFFFFF, 0x00040000, 0x00FFFFFF, 0x00000000,
  0x2CFFFFF3, 0xA3B3E2FF, 0xA189C2F2, 0x7BE4EEEE, 0x00FFFFFF, 0x00000000, 0x00000000, 0x00000000,
  0x00000000, 0x00000000, 0x00000000, 0x00000000, 0x00000000, 0x00000000, 0x00000000, 0x00000000,
  0x00000000, 0x00000000, 0x00000000, 0x00000000, 0x00FFFFFF, 0xFFABDEFF, 0xFF65B3FA, 0xF754A7F0,
  0xFD5BA8EA, 0xFE57A9ED, 0xFF58B2FF, 0xF568B4F5, 0xDD9CCEF8, 0x59EDF3F6, 0x31FFFFF9, 0x00000000,
  0x00000000, 0x00000000, 0x00000000, 0x00000000, 0x00000000, 0x00000000, 0x00000000, 0x00000000,
  0x00FFFFFF, 0xD788C0EA, 0xFF0378E0, 0xFD0281E5, 0xFD0380E5, 0xF50072E4, 0xFF0078E3, 0xFF35A1FB,
  0xDB64AFED, 0xA7C4EBFF, 0x00FFFFFF, 0x00000000, 0x00FFFFFF, 0x00FFFFFF, 0x00000000, 0x53C4E0E9,
  0xEF75B5E8, 0xFF35A5FF, 0xFF178CFB, 0xF2429FF3, 0xAFB7D9F3, 0x00080501, 0x00000000, 0x00FFFFFF,
  0x00000000, 0x00000000, 0x00000000, 0x00000000, 0x00000000, 0x00000000, 0x00FFFFFF, 0x00FFFFFF,
  0x12E2FFFF, 0x00020000, 0x15F2FFFF, 0x00000000, 0x00000000, 0x86C2DEF5, 0xE27AB9F2, 0xFF64BDFF,
  0xFE5DABF1, 0xF85AA9EA, 0xFA5AA9EA, 0xFF57AAEF, 0xFF60B7FF, 0xE785C0F3, 0xC8C4E0F4, 0x27FFFFF8,
  0x00FFFFFF, 0x00000000, 0x00000000, 0x00000000, 0x00000000, 0x00000000, 0x00000000, 0x00000000,
  0x00000000, 0x7AABD7F0, 0xFF348EDD, 0xFF006CE2, 0xFF117FE5, 0xFF3F9EF5, 0xE173BCF5, 0x8FC0E6F9,
  0x128DC6F0, 0x00FFFFFF, 0x00000000, 0x00000000, 0x00FFFFFF, 0x00FFFFFF, 0x0D75C4FF, 0xE499CEF4,
  0xFF2E91EB, 0xFB0A85ED, 0xF11D8CEB, 0xFF1E90F8, 0xE882B6E4, 0x00FFFFFF, 0x00000000, 0x00000000,
  0x00000000, 0x00FFFFFF, 0x0BD0E7E7, 0x00000000, 0x00000000, 0x00FFFFFF, 0x00FFFFFF, 0x59F3F3F9,
  0xCF9DDBFF, 0xD085C6F6, 0xBAB3D9F6, 0x36FFFFF5, 0x00000000, 0x00FFFFFF, 0x5BE8F6F9, 0x9987C8FF,
  0xF266B5FD, 0xFF58AFFE, 0xFC5BAAEE, 0xFD5BA9EB, 0xF959A7EA, 0xFF5BACF3, 0xFF73BAF9, 0xBAA1D4FF,
  0x30CFE4F9, 0x00000000, 0x00000000, 0x00000000, 0x00000000, 0x00000000, 0x00000000, 0x00000000,
  0x00000000, 0x00FFFFFF, 0xFFECF8FF, 0xC475B6F0, 0xCC9ECDF0, 0x89CCE8F5, 0x00FFFFFF, 0x00000000,
  0x00000000, 0x08DFFFFF, 0x00000000, 0x00000000, 0x00000000, 0x00000000, 0x8B73B9EC, 0xFF59BCFF,
  0xFA0579E1, 0xFE248BE8, 0xF6228AE9, 0xFF0A89FE, 0xE087C1F5, 0x00FFFFFF, 0x00000000, 0x3FCEE6EE,
  0x99B9DDFB, 0xCD99D2FD, 0x9CABCDED, 0x00FFFFFF, 0x00000000, 0x00000000, 0x67C6E1F0, 0xFF92CCFB,
  0xFF3FA4F6, 0xFF42A3F6, 0xFA47A1F5, 0xAF97CEFF, 0x00020000, 0x00000000, 0x00FFFFFF, 0x07FFFF91,
  0x96ADD1EE, 0xF679B9F3, 0xFD4EA1EE, 0xFE51A2EE, 0xFE5BA9EE, 0xFC53A7EC, 0xF855A7EE, 0xFF77C9FF,
  0xF080BCEC, 0x7394C0E2, 0x00000000, 0x00000000, 0x00000000, 0x00000000, 0x00000000, 0x00000000,
  0x00000000, 0x00000000, 0x87FFFFF7, 0x00FFFFFF, 0x00000000, 0x00000000, 0x00000000, 0x00000000,
  0x00000000, 0x00000000, 0x00000000, 0x00000000, 0x00FFFFFF, 0x5DA4D3F6, 0xFF54ADF3, 0xFE1686E5,
  0xFF1A87E7, 0xF91E8AEA, 0xFF1C91FA, 0xCF42A0F7, 0x4BE0E7EE, 0x00000000, 0x00000000, 0xE991C7ED,
  0xFF4CA4F0, 0xFF2FA2FF, 0xF32F91E2, 0x9C94CAF6, 0x00000000, 0x00FFFFFF, 0x7ADDEEF4, 0xFF6EB3F2,
  0xF93D97EA, 0xF84BA3ED, 0xFD459AEB, 0xFF8FD1FF, 0x00FFFFFF, 0x00000000, 0x00000000, 0x00000000,
  0x1DC1DBED, 0x9CB2D2F0, 0xFF99D9FF, 0xFF67B6FD, 0xFB52A3EC, 0xFC5AA6EA, 0xFE5AA7E9, 0xFD4EA4EF,
  0xFF57A8F0, 0xFFAEE5FF, 0x74F8FFFF, 0x00000000, 0x00000000, 0x00000000, 0x00000000, 0x00000000,
  0x00FFFFFF, 0x00000000, 0x30FFFFF4, 0x30F9F9F4, 0x00FFFFFF, 0x00000000, 0x0100FFFF, 0x00000000,
  0x00000000, 0x00000000, 0x00000000, 0x00000000, 0x00FFFFFF, 0xD16BB9FB, 0xFF309DFA, 0xFC1381E3,
  0xFC1D8AE7, 0xFA198CEE, 0xFC2D93F0, 0x969FCCEF, 0x15FFF2F2, 0x00000000, 0x57D0E4F0, 0xFF75BDF9,
  0xF71683E5, 0xFA399AEB, 0xFD2C91E6, 0xFF96E7FF, 0x2AC8ECFF, 0x00000000, 0x44DDFBFF, 0xFF70BEFD,
  0xF33593E6, 0xFF44A2EA, 0xFA3E9BE8, 0xFF4CA4F3, 0xB4B9DFF6, 0x00000000, 0x03AAFFFF, 0x00000000,
  0x00000000, 0x00000000, 0x5899C7ED, 0xD483BFF1, 0xFF7DCAFF, 0xFB5FA8EE, 0xF956A3E9, 0xFC5AA8F1,
  0xFB55A5F1, 0xFF6AB5FC, 0x76C8E5F8, 0x00000000, 0x00000000, 0x00000000, 0x00000000, 0x00000000,
  0x00000000, 0x00000000, 0x00000000, 0x00000000, 0x00000000, 0x00000000, 0x00000000, 0x00000000,
  0x00000000, 0x00000000, 0x00000000, 0x00FFFFFF, 0x887BC1F9, 0xFF35A6FF, 0xF61685E6, 0xFE208AE7,
  0xF71487EB, 0xFF2798FC, 0xD07ABCF5, 0x00FFFFFF, 0x00000000, 0x00FFFFFF, 0x68E6F2FA, 0xF248A5F0,
  0xFF2D91E8, 0xFE3496EA, 0xFF1E90F1, 0xDE57ADF4, 0x00FFFFFF, 0x00000000, 0x00FFFFFF, 0xD691CAF6,
  0xFF3E9EF4, 0xFF46A0F0, 0xFD429FEE, 0xF93C97EC, 0xE780BCF1, 0x0E91C8EC, 0x00000000, 0x00000000,
  0x00000000, 0x00000000, 0x00000000, 0x00FFFFFF, 0xA5A5D6FF, 0xF879C0FC, 0xFF6AC1FF, 0xF255A9EF,
  0xFE4AA2F0, 0xE870B0EC, 0xADC9DEED, 0x00000000, 0x00000000, 0x00000000, 0x00000000, 0x00000000,
  0x00000000, 0x00000000, 0x00000000, 0x00000000, 0x00000000, 0x00000000, 0x00000000, 0x00000000,
  0x00000000, 0x00000000, 0x0BD0E7FF, 0x4BD6EAF8, 0xE13CA3F9, 0xFF2291F0, 0xFB1A88E8, 0xFB1485E9,
  0xFF2693F2, 0xE756AAEF, 0x6CECFAFC, 0x00FFFFFF, 0x00000000, 0x00000000, 0x86ABD7F9, 0xFF4CAFFF,
  0xF82C8CE8, 0xFE3293E8, 0xF81F8EEE, 0xF675B8EC, 0x27D7EBEB, 0x00000000, 0x00030000, 0xACC5E7FF,
  0xFF6CBEFF, 0xFD489CEC, 0xFF48A2EF, 0xFC419FED, 0xFF6ECAFF, 0x7FBEDCF0, 0x00000000, 0x00000000,
  0x00000000, 0x00000000, 0x00000000, 0x00FFFFFF, 0x00FFFFFF, 0x59C2E2FC, 0xBB81C4F9, 0xFF73C2FF,
  0xFF84D0FF, 0xA7A0CCEF, 0x00000000, 0x00000000, 0x00000000, 0x00000000, 0x00000000, 0x00000000,
  0x00000000, 0x00000000, 0x00000000, 0x00000000, 0x00000000, 0x00000000, 0x00000000, 0x00000000,
  0x00000000, 0x00000000, 0x72D6E8EF, 0xE263B4F3, 0xFF1897FF, 0xF81986E8, 0xFE1D89EB, 0xF80F82E7,
  0xFF5ABAFF, 0x7A8CC6F6, 0x00FFFFFF, 0x00000000, 0x00000000, 0x00FFFFFF, 0x9AC3E1F5, 0xFB3897EB,
  0xFD2890EA, 0xFD3494E8, 0xFF3099F3, 0xCA7FC1F4, 0x000A0200, 0x00000000, 0x00000000, 0x13F1FFFF,
  0xF684C2F4, 0xFA2C8FE7, 0xFE44A0EA, 0xFD429FE8, 0xFF3998EC, 0xD382C1FA, 0x00FFFFFF, 0x00000000,
  0x00000000, 0x00000000, 0x00000000, 0x00000000, 0x00000000, 0x00FFFFFF, 0x00FFFFFF, 0x68B2DFFA,
  0x81D3F5FF, 0x00FFFFFF, 0x00000000, 0x00000000, 0x00000000, 0x00000000, 0x00000000, 0x00000000,
  0x00000000, 0x00000000, 0x00000000, 0x00000000, 0x00000000, 0x00000000, 0x00000000, 0x00000000,
  0x00000000, 0x3BB1D8ED, 0xF594C5EA, 0xFC1C8AE8, 0xFD1C8AE3, 0xFB2488E4, 0xFF1384F2, 0xFF3B9EF7,
  0xA874B9EF, 0x00000000, 0x00000000, 0x00000000, 0x0100FFFF, 0x00000000, 0x9C93CAFA, 0xFF39A3FF,
  0xFB2C96E9, 0xFE3193E9, 0xFC218AE7, 0xE196C9F0, 0x00FFFFFF, 0x00000000, 0x00FFFFFF, 0x00FFFFFF,
  0xE2BFE3F5, 0xFF409AE8, 0xFE429DEF, 0xFF49A0EC, 0xF83E94E6, 0xFE63AFF3, 0x52E3F5FB, 0x00000000,
  0x00FFFFFF, 0x00000000, 0x00000000, 0x00000000, 0x00000000, 0x00000000, 0x00000000, 0x00000000,
  0x00000000, 0x00000000, 0x00000000, 0x00000000, 0x00000000, 0x00000000, 0x00000000, 0x00000000,
  0x00000000, 0x00000000, 0x00000000, 0x00000000, 0x00000000, 0x00000000, 0x00000000, 0x00000000,
  0x00000000, 0x8FC2E2F2, 0xFF57AEFB, 0xFD0977E3, 0xFC208BE9, 0xFE1889E8, 0xFE1888EA, 0xED64ADE9,
  0x2D71B5E8, 0x00000000, 0x00000000, 0x00000000, 0x00000000, 0x09AAC6E2, 0xDC95C6ED, 0xFF3790E8,
  0xFD2891EA, 0xFA2C8FED, 0xFF42A4FA, 0xB792CEF3, 0x00000000, 0x00000000, 0x00FFFFFF, 0x00000000,
  0x00FFFFFF, 0xFF92D8FF, 0xFC3C98ED, 0xFE47A0ED, 0xFE489FE9, 0xFF4BABFC, 0xE7A4D6F3, 0x000A0400,
  0x00FFFFFF, 0x00000000, 0x00000000, 0x00000000, 0x00000000, 0x00000000, 0x00000000, 0x00000000,
  0x00000000, 0x00000000, 0x00000000, 0x00000000, 0x00000000, 0x00000000, 0x00000000, 0x00000000,
  0x00000000, 0x00000000, 0x00000000, 0x00000000, 0x00000000, 0x00000000, 0x00000000, 0x00000000,
  0x00000000, 0xB38BBEF0, 0xFF1E8BF3, 0xFD2088EE, 0xFD218BEB, 0xFF0482E6, 0xFF5AB0F6, 0x7C9CCBEE,
  0x00000000, 0x00000000, 0x00000000, 0x00000000, 0x00000000, 0x000E0000, 0xC374BCFB, 0xFF2893F7,
  0xFE3197EB, 0xFC3394EC, 0xFF369AEF, 0xA6ADD8F2, 0x00FFFFFF, 0x00FFFFFF, 0x00FFFFFF, 0x00000000,
  0x20EFFFFF, 0xAC89BFE8, 0xFF409AEB, 0xFC3E9DE9, 0xFE44A0EC, 0xFB3596EE, 0xF368B1ED, 0x3AB4D7F1,
  0x00000000, 0x00000000, 0x00000000, 0x00000000, 0x00000000, 0x00000000, 0x00000000, 0x00000000,
  0x00000000, 0x00000000, 0x00000000, 0x00000000, 0x00000000, 0x00000000, 0x00000000, 0x00000000,
  0x00000000, 0x00000000, 0x00000000, 0x00000000, 0x00000000, 0x00000000, 0x00000000, 0x00000000,
  0x00000000, 0x00000000, 0x00000000, 0xF71787EE, 0xFF1987E9, 0xFD3996E1, 0xD6A3CCEB, 0x109FCFEF,
  0x00000000, 0x00000000, 0x00000000, 0x00000000, 0x00000000, 0x1790D2F3, 0xFF69B9F6, 0xFB3294E6,
  0xFD2D97E4, 0xF9248BE6, 0xFF56AEFB, 0x8AB6DAF0, 0x00000000, 0x00FFFFFF, 0x00000000, 0x00FFFFFF,
  0x00000000, 0x4FF8FFFF, 0xFF83D1FF, 0xFC3F9AEB, 0xFF4AA0EE, 0xFB449EF0, 0xFF46A2EE, 0xEAB1DDF9,
  0x00FFFFFF, 0x00000000, 0x00000000, 0x00000000, 0x00000000, 0x00000000, 0x00000000, 0x00000000,
  0x00000000, 0x00000000, 0x00000000, 0x00000000, 0x00000000, 0x00000000, 0x00000000, 0x00000000,
  0x00000000, 0x00000000, 0x00000000, 0x00000000, 0x00000000, 0x00000000, 0x00000000, 0x00000000,
  0x00000000, 0x00000000, 0x00000000, 0x00000000, 0x00000000, 0xDF9DCAEC, 0x4FF2F8F2, 0x00000000,
  0x00000000, 0x00000000, 0x00000000, 0x00000000, 0x00000000, 0x7CFFFFF8, 0xFF82D0FF, 0xFD1E84E2,
  0xFF3298E8, 0xF93393EA, 0xFF4BA9FA, 0x71B6DDFA, 0x00000000, 0x00000000, 0x00000000, 0x00000000,
  0x00000000, 0x00000000, 0xE59DCEF6, 0xFA419FEC, 0xFB439FE6, 0xFE4EA0E7, 0xFF43A0EF, 0xED8ACAFD,
  0x00FFFFFF, 0x00000000, 0x00000000, 0x00000000, 0x00000000, 0x00000000, 0x00000000, 0x00000000,
  0x00000000, 0x00000000, 0x00000000, 0x00000000, 0x00000000, 0x00000000, 0x00000000, 0x00000000,
  0x00000000, 0x00000000, 0x00000000, 0x00000000, 0x00000000, 0x00000000, 0x00000000, 0x00000000,
  0x00000000, 0x00000000, 0x00000000, 0x00000000, 0x00000000, 0x00000000, 0x00000000, 0x00000000,
  0x00000000, 0x00000000, 0x00000000, 0x00000000, 0x00000000, 0x4EC4E1FB, 0xFF4AA4F6, 0xFD3191E5,
  0xFF3598EB, 0xFA1D88E6, 0xFF69BCFF, 0x75E7F8F6, 0x00000000, 0x00000000, 0x00000000, 0x00000000,
  0x03AAFFFF, 0x00000000, 0x9ACAEEFF, 0xFF52AEFA, 0xFE3297EA, 0xFF47A2F4, 0xF4288AE6, 0xFF87C7FB,
  0x3DD9EAEE, 0x00000000, 0x00000000, 0x00000000, 0x00000000, 0x00000000, 0x00000000, 0x00000000,
  0x00000000, 0x00000000, 0x00000000, 0x00000000, 0x00000000, 0x00000000, 0x00000000, 0x00000000,
  0x00000000, 0x00000000, 0x00000000, 0x00000000, 0x00000000, 0x00000000, 0x00000000, 0x00000000,
  0x00000000, 0x00000000, 0x00000000, 0x00000000, 0x00000000, 0x00000000, 0x00000000, 0x00000000,
  0x00000000, 0x00000000, 0x00000000, 0x00000000, 0x00000000, 0x8FCBE4F2, 0xFF66C0FF, 0xF8258BE2,
  0xFE3693E7, 0xF83192EC, 0xFF6CC0FF, 0x2589C7F8, 0x00000000, 0x00000000, 0x00000000, 0x00000000,
  0x00000000, 0x00000000, 0x00FFFFFF, 0xFC96C8EE, 0xFF57AEF9, 0xFF379BF1, 0xFF66B6FB, 0xD596CBF1,
  0x00000000, 0x00000000, 0x00000000, 0x00000000, 0x00000000, 0x00000000, 0x00000000, 0x00000000,
  0x00000000, 0x00000000, 0x00000000, 0x00000000, 0x00000000, 0x00000000, 0x00000000, 0x00000000,
  0x00000000, 0x00000000, 0x00000000, 0x00000000, 0x00000000, 0x00000000, 0x00000000, 0x00000000,
  0x00000000, 0x00000000, 0x00000000, 0x00000000, 0x00000000, 0x00000000, 0x00000000, 0x00000000,
  0x00000000, 0x00000000, 0x00000000, 0x00000000, 0x00000000, 0x7DC5E2F2, 0xFF4CA1ED, 0xF81D8FF1,
  0xF82D95EC, 0xFF2E9AFC, 0xC46DB6F3, 0x00110600, 0x00000000, 0x00000000, 0x00000000, 0x00000000,
  0x00000000, 0x00000000, 0x00000000, 0x509FC8EB, 0xC89BCAF2, 0xEAA2D2F7, 0x92BEDCF2, 0x3ACEE4F1,
  0x00000000, 0x00000000, 0x00000000, 0x00000000, 0x00000000, 0x00000000, 0x00000000, 0x00000000,
  0x00000000, 0x00000000, 0x00000000, 0x00000000, 0x00000000, 0x00000000, 0x00000000, 0x00000000,
  0x00000000, 0x00000000, 0x00000000, 0x00000000, 0x00000000, 0x00000000, 0x00000000, 0x00000000,
  0x00000000, 0x00000000, 0x00000000, 0x00000000, 0x00000000, 0x00000000, 0x00000000, 0x00000000,
  0x00000000, 0x00000000, 0x00000000, 0x00000000, 0x00000000, 0x2FF4FFFF, 0xFA82BEEB, 0xFF2897F3,
  0xFA2A93EC, 0xFA3893ED, 0xB0AACCE9, 0x15DAE6E6, 0x00000000, 0x00000000, 0x00000000, 0x00000000,
  0x00000000, 0x00000000, 0x00000000, 0x00000000, 0x00000000, 0x00FFFFFF, 0x00000000, 0x00000000,
  0x00000000, 0x00000000, 0x00000000, 0x00000000, 0x00000000, 0x00000000, 0x00000000, 0x00000000,
  0x00000000, 0x00000000, 0x00000000, 0x00000000, 0x00000000, 0x00000000, 0x00000000, 0x00000000,
};

static const unsigned g_splash_sp02_w = 56u;
static const unsigned g_splash_sp02_h = 56u;
static const uint32_t g_splash_sp02_px[3136] = {
  0x00000000, 0x00000000, 0x00000000, 0x00000000, 0x00000000, 0x00000000, 0x00000000, 0x00000000,
  0x00000000, 0x00000000, 0x00000000, 0x00000000, 0x00000000, 0x00000000, 0x00000000, 0x00000000,
  0x00000000, 0x00000000, 0x00000000, 0x00000000, 0x00000000, 0x00000000, 0x00000000, 0x00000000,
  0x00000000, 0x00000000, 0x00000000, 0x00000000, 0x00000000, 0x86E0F3FF, 0xA7E8F7FF, 0x60F1FCFF,
  0x00000000, 0x00000000, 0x00000000, 0x00000000, 0x00000000, 0x00000000, 0x00000000, 0x00000000,
  0x00000000, 0x00000000, 0x00000000, 0x00000000, 0x00000000, 0x00000000, 0x00000000, 0x00000000,
  0x00000000, 0x00000000, 0x00000000, 0x00000000, 0x00000000, 0x00000000, 0x00000000, 0x00000000,
  0x00000000, 0x00000000, 0x00000000, 0x00000000, 0x00000000, 0x00000000, 0x00000000, 0x00000000,
  0x00000000, 0x00000000, 0x00000000, 0x00000000, 0x00000000, 0x00000000, 0x00000000, 0x00000000,
  0x00000000, 0x00000000, 0x00000000, 0x00000000, 0x00000000, 0x00000000, 0x00000000, 0x00000000,
  0x00000000, 0x00000000, 0x0100FFFF, 0x0EECFFFF, 0xC5DFEBF5, 0xFFF0FFFF, 0xFFD5EDFF, 0x00FFFFFF,
  0x82EBFBFF, 0x00000000, 0x00000000, 0x00000000, 0x00000000, 0x00000000, 0x00000000, 0x00000000,
  0x00000000, 0x00000000, 0x00000000, 0x00000000, 0x00000000, 0x00000000, 0x00000000, 0x00000000,
  0x00000000, 0x00000000, 0x00000000, 0x00000000, 0x00000000, 0x00000000, 0x00000000, 0x00000000,
  0x00000000, 0x00000000, 0x00000000, 0x00000000, 0x00000000, 0x00000000, 0x00000000, 0x00000000,
  0x00000000, 0x00000000, 0x00000000, 0x00000000, 0x00000000, 0x00000000, 0x00000000, 0x00000000,
  0xC3ECF1F8, 0x20FFF7F7, 0x17E8F3FF, 0x00FFFFFF, 0x00000000, 0x00000000, 0x00000000, 0x00000000,
  0x00000000, 0x00000000, 0x00000000, 0x00FFFFFF, 0xEBE3F1FC, 0xFECDE5FB, 0xF7C7E1F9, 0xFFD3EDFF,
  0xF0DDF0FB, 0x00000000, 0x00000000, 0x00000000, 0x00000000, 0x00000000, 0x00000000, 0x00000000,
  0x00000000, 0x00000000, 0x00000000, 0x00000000, 0x00000000, 0x00000000, 0x00000000, 0x00000000,
  0x00000000, 0x00000000, 0x00000000, 0x00000000, 0x00000000, 0x00000000, 0x00000000, 0x00000000,
  0x00000000, 0x00000000, 0x00000000, 0x00000000, 0x00000000, 0x00000000, 0x00000000, 0x00000000,
  0x00000000, 0x00000000, 0x00000000, 0x00000000, 0x00000000, 0x00000000, 0x00FFFFFF, 0xADEBF4FA,
  0xFFF2FFFF, 0x50E2F2FF, 0x76F6FFFF, 0x00FFFFFF, 0x00000000, 0x00000000, 0x00000000, 0x00000000,
  0x00000000, 0x00000000, 0x00000000, 0x4BEAF8FB, 0xFFF9FFFF, 0xF5C5E3FB, 0xFFCCE7FF, 0xFEC9E2FA,
  0xEFDEF0FB, 0x17FFFFF3, 0x00000000, 0x00000000, 0x00000000, 0x00000000, 0x00000000, 0x00000000,
  0x00000000, 0x00000000, 0x00000000, 0x00000000, 0x00000000, 0x00000000, 0x00000000, 0x00000000,
  0x00000000, 0x00000000, 0x00000000, 0x00000000, 0x00000000, 0x00000000, 0x00000000, 0x00000000,
  0x00000000, 0x00000000, 0x00000000, 0x00000000, 0x00000000, 0x00000000, 0x00000000, 0x00000000,
  0x00000000, 0x00000000, 0x00000000, 0x00000000, 0x00000000, 0x00000000, 0x00FFFFFF, 0x00FFFFFF,
  0xFFE9F9FF, 0xF5E4F2FF, 0x00FFFFFF, 0x96F4F8FB, 0x0CE9E9E9, 0x00000000, 0x00000000, 0x00000000,
  0x00000000, 0x00000000, 0x00000000, 0x3DF6FAFA, 0xFADBF1FC, 0xFBC7E4FC, 0xFEC9E4FC, 0xFFD3EAFD,
  0xC7EAFBFF, 0x00FFFFFF, 0x00000000, 0x00000000, 0x00000000, 0x00000000, 0x00000000, 0x00000000,
  0x00000000, 0x00000000, 0x1FF6EEF6, 0x00030101, 0x00000000, 0x00000000, 0x00000000, 0x00000000,
  0x00000000, 0x00000000, 0x00000000, 0x00000000, 0x00000000, 0x00000000, 0x00000000, 0x00000000,
  0x00000000, 0x00000000, 0x00000000, 0x00000000, 0x00000000, 0x00000000, 0x00000000, 0x00000000,
  0x00000000, 0x00000000, 0x00000000, 0x00000000, 0x00000000, 0x00000000, 0x1AF5FFFF, 0x00FFFFFF,
  0xEDE5EFFA, 0xFFE8F4FF, 0x00FFFFFF, 0x00FFFFFF, 0x00000000, 0x00000000, 0x00000000, 0x00000000,
  0x00000000, 0x00FFFFFF, 0x00000000, 0x60F7FFFF, 0xFFF6FFFF, 0xFAC8E3F9, 0xFDCBE4FA, 0xFFD2EEFF,
  0xB0E4F6FF, 0x00000000, 0x027F7FFF, 0x00000000, 0x00000000, 0x00000000, 0x00000000, 0x00000000,
  0x31E4EFF9, 0xBBD4E5F1, 0xFBCFE6F7, 0xB2E0FFFF, 0x4FE8F2F8, 0x0CD4E9FF, 0x00000000, 0x00000000,
  0x00000000, 0x00000000, 0x00000000, 0x00000000, 0x00000000, 0x00000000, 0x00000000, 0x00000000,
  0x00000000, 0x00000000, 0x00000000, 0x00000000, 0x00000000, 0x00000000, 0x00000000, 0x00000000,
  0x00000000, 0x00000000, 0x00000000, 0x00000000, 0x00000000, 0x00000000, 0x00000000, 0x00FFFFFF,
  0x42E3EFFB, 0xFFE6F3FF, 0xF7E4EFFF, 0x00FFFFFF, 0x65F9FFFF, 0x00000000, 0x00000000, 0x00000000,
  0x00000000, 0x00000000, 0x00000000, 0x7BE1EEF6, 0xFFDBF0FF, 0xFDCBE1F7, 0xFCCBE2F9, 0xFFDCF7FF,
  0xB2E8F7FC, 0x00000000, 0x00000000, 0x00000000, 0x00000000, 0x00000000, 0x00000000, 0x00020000,
  0xD4DCF0FC, 0xFBBEE0FA, 0xF6A8D4F9, 0xFFCEFAFF, 0xE4C9E4FD, 0x4BF1F8F8, 0x00000000, 0x00000000,
  0x00000000, 0x00000000, 0x00000000, 0x00000000, 0x00000000, 0x00000000, 0x00000000, 0x00000000,
  0x00000000, 0x00000000, 0x00000000, 0x00000000, 0x00000000, 0x00000000, 0x00000000, 0x00000000,
  0x00000000, 0x00000000, 0x00000000, 0x00000000, 0x00000000, 0x00000000, 0x00FFFFFF, 0x57F3F6FC,
  0xE7F5FDFF, 0xFFF9FFFF, 0xF7E0EDFD, 0x00FFFFFF, 0x00FFFFFF, 0x00FFFFFF, 0x00000000, 0x00000000,
  0x00000000, 0x00FFFFFF, 0x00000000, 0x9DE0EEFB, 0xFFD6F0FF, 0xFCCDE3F7, 0xFDCCE2F7, 0xFFEBFFFF,
  0x7CEAFAFF, 0x00000000, 0x00000000, 0x00000000, 0x00000000, 0x00000000, 0x00000000, 0x5CE0F3FC,
  0xFFCCF2FF, 0xFFB4DCFB, 0xFBB4D8F0, 0xF8B1D9F7, 0xFAC7E9FF, 0x55E7F6FF, 0x00000000, 0x00000000,
  0x00000000, 0x00000000, 0x00000000, 0x00000000, 0x00000000, 0x00000000, 0x00000000, 0x00000000,
  0x00000000, 0x00000000, 0x00000000, 0x00000000, 0x00000000, 0x00000000, 0x00000000, 0x00000000,
  0x00000000, 0x00000000, 0x00000000, 0x00000000, 0x00000000, 0x00000000, 0x00000000, 0x31F4F4FF,
  0xE4F2F8FC, 0xFFF1FDFF, 0xFAE3EFFC, 0xFFE4EFFF, 0x43E8F3FF, 0x00FFFFFF, 0x00000000, 0x00000000,
  0x00000000, 0x00000000, 0x00000000, 0xC6E9F7FD, 0xFFD6EFFF, 0xFCC9E2F9, 0xFBC8E1FA, 0xFFD9F0FF,
  0x69F0FAFF, 0x00000000, 0x00000000, 0x00000000, 0x00000000, 0x00000000, 0x02FFFF7F, 0xCBCCE9FC,
  0xFFB4D8FB, 0xFCB6D5F8, 0xFCB5D7F9, 0xFFB6DBFF, 0xFFE7FFFF, 0x4ED1E1EB, 0x00000000, 0x00000000,
  0x00000000, 0x00000000, 0x00000000, 0x00000000, 0x00000000, 0x00000000, 0x00000000, 0x00000000,
  0x00000000, 0x00000000, 0x00000000, 0x00000000, 0x00000000, 0x00000000, 0x00000000, 0x00000000,
  0x00000000, 0x00000000, 0x00000000, 0x00000000, 0x00000000, 0x00000000, 0x00000000, 0x00000000,
  0x8DECF2F9, 0xF5EFF8FD, 0xFFF1FCFF, 0xFFF0FDFF, 0xEDE6F2FB, 0xFFF1FBFF, 0x00FFFFFF, 0x00000000,
  0x00000000, 0x00000000, 0x00000000, 0xD1E9F8FF, 0xFDCFE6F9, 0xFFCDE6FE, 0xF9C8E2F9, 0xFFE7FEFF,
  0x5AEEFCFF, 0x00000000, 0x00000000, 0x00000000, 0x00000000, 0x18E9E9F4, 0xACCFEAF9, 0xFFD5FFFF,
  0xFEB4D7F6, 0xFEB6D7F3, 0xFAADD7F8, 0xFCBEDEF9, 0x6CD4E9FC, 0x00000000, 0x00000000, 0x00000000,
  0x00000000, 0x00000000, 0x00000000, 0x00000000, 0x00000000, 0x00000000, 0x00000000, 0x00000000,
  0x00000000, 0x00000000, 0x00000000, 0x00000000, 0x00000000, 0x00000000, 0x00000000, 0x00000000,
  0x00000000, 0x00000000, 0x00000000, 0x00000000, 0x00000000, 0x00000000, 0x00000000, 0x00000000,
  0x30E9F4F9, 0xDCECF5FB, 0xFFEEF9FF, 0xFBE5F1FF, 0xFBE4F0FD, 0x00FFFFFF, 0x7DECF0F6, 0x00000000,
  0x00000000, 0x00000000, 0x00FFFFFF, 0xF2E8F9FF, 0xFFD1E9FD, 0xFFCCE6FD, 0xFECAE3FA, 0xECDCF0FF,
  0x00FFFFFF, 0x00000000, 0x00000000, 0x00000000, 0x00000000, 0x5EDEEEF6, 0xF8BDE3FB, 0xF8ABD5FA,
  0xFBB1D8F5, 0xFAB1DBF7, 0xFFCDF8FF, 0xF2CDE3F3, 0x2BE7E7ED, 0x00000000, 0x00000000, 0x00000000,
  0x00000000, 0x00000000, 0x00000000, 0x00000000, 0x00000000, 0x00000000, 0x00000000, 0x00000000,
  0x00000000, 0x00000000, 0x00000000, 0x00000000, 0x00000000, 0x00000000, 0x00000000, 0x00000000,
  0x00000000, 0x00000000, 0x00000000, 0x00000000, 0x00000000, 0x00000000, 0x00000000, 0x00000000,
  0x00000000, 0x86EAF3F9, 0x00FFFFFF, 0xFBDFECFB, 0xFFE4F1FF, 0xFFE8F4FF, 0xD5EFF4FA, 0x17E8F3F3,
  0x00000000, 0x00000000, 0x41F3F7FB, 0xFFF1FFFF, 0xF8C6DEF6, 0xFFCCE5FA, 0xF8C7DEF6, 0x00FFFFFF,
  0x23F7FFFF, 0x00000000, 0x00000000, 0x00000000, 0x5FD6E9F4, 0xF5C9ECFF, 0xFFC5EEFF, 0xFDB7D7F4,
  0xFBB1D5F3, 0xFDB2D9FA, 0xCFCBE6FB, 0x00FFFFFF, 0x00000000, 0x00000000, 0x00000000, 0x00000000,
  0x00000000, 0x00000000, 0x00000000, 0x00000000, 0x00000000, 0x00000000, 0x00000000, 0x00000000,
  0x00000000, 0x00000000, 0x00000000, 0x00000000, 0x00000000, 0x00000000, 0x00000000, 0x00000000,
  0x00000000, 0x00000000, 0x00000000, 0x00000000, 0x00000000, 0x00000000, 0x00000000, 0x00000000,
  0x00000000, 0x25F8FFFF, 0x00FFFFFF, 0xFDE5F0FB, 0xFBE2EFFC, 0xFFF2FEFF, 0xE9F4FBFD, 0x46F0F4F7,
  0x00000000, 0x00000000, 0x44F7FFFF, 0xF4DDF0FF, 0xFECAE3FB, 0xFFCCE5FC, 0xFFD4EBFF, 0xE3E9F9FD,
  0x00000000, 0x00000000, 0x00000000, 0x00FFFFFF, 0xD4CDE6FA, 0xFEB4DAFC, 0xF6B2D2F8, 0xFAB6D7F7,
  0xFFB7DEFD, 0xFFE0FFFF, 0x83E1E9F5, 0x06FFD4D4, 0x00000000, 0x00000000, 0x00000000, 0x00000000,
  0x00000000, 0x00000000, 0x00000000, 0x00000000, 0x00000000, 0x00000000, 0x00000000, 0x00000000,
  0x00000000, 0x00000000, 0x00000000, 0x00000000, 0x00000000, 0x00000000, 0x00000000, 0x00000000,
  0x00000000, 0x00000000, 0x00000000, 0x00000000, 0x00000000, 0x00000000, 0x00000000, 0x00000000,
  0x00000000, 0x00000000, 0x8FF6FFFF, 0x00FFFFFF, 0xF8E1EDF9, 0xFFE8F3FE, 0xCAF4FDFF, 0x24F7FFFF,
  0x00000000, 0x00000000, 0x5EEEF6FC, 0xFFF3FFFF, 0xF8C6E2FB, 0xF5C6E1FC, 0xFFCFE6FD, 0xD9E8F6FD,
  0x08FFDFFF, 0x00000000, 0x24E2E9F7, 0xBBD2EAFA, 0xFFCDF4FF, 0xFFB2DAFB, 0xFEB3D7F5, 0xFCAAD4F9,
  0xF9B9E2FD, 0x99D8F0FF, 0x00000000, 0x00000000, 0x00000000, 0x00000000, 0x00000000, 0x00000000,
  0x00000000, 0x00000000, 0x00000000, 0x00FFFFFF, 0x00000000, 0x00000000, 0x00000000, 0x00000000,
  0x00000000, 0x00000000, 0x00000000, 0x00000000, 0x00000000, 0x00000000, 0x00000000, 0x00000000,
  0x00000000, 0x00000000, 0x00000000, 0x00000000, 0x00000000, 0x00000000, 0x00000000, 0x00000000,
  0x00000000, 0x00000000, 0x00FFFFFF, 0xFFF8FFFF, 0xFFE8F4FF, 0xFFF6FFFF, 0x7BE1F0FC, 0x18E9E9F4,
  0x00000000, 0x00000000, 0x00000000, 0xE0E4F1FC, 0xFFDDF1FF, 0x00FFFFFF, 0xFEE4F6FF, 0x61ECF9FF,
  0x00000000, 0x00000000, 0x9CE3F0FA, 0xFFCEEDFF, 0xF5AFD5F6, 0xFBB4D8F4, 0xFCB3D8F7, 0xFFCDF5FF,
  0xD7CFE6F6, 0x3CE9EEF6, 0x00000000, 0x00000000, 0x00000000, 0x00000000, 0x00000000, 0x00000000,
  0x00000000, 0x00000000, 0x0AE5E5FF, 0x00FFFFFF, 0x00000000, 0x00000000, 0x00000000, 0x00000000,
  0x00000000, 0x00000000, 0x00000000, 0x00000000, 0x00000000, 0x00000000, 0x00000000, 0x00000000,
  0x00000000, 0x00000000, 0x00000000, 0x00000000, 0x00000000, 0x00000000, 0x00000000, 0x00000000,
  0x00000000, 0x00000000, 0x00000000, 0x36F5FAFF, 0x47E5F4FF, 0x00FFFFFF, 0x00FFFFFF, 0x89F0F9FB,
  0x00FFFFFF, 0x00FFFFFF, 0x00000000, 0x27F8FFFF, 0x6EE7F3FA, 0x9CE1EEF6, 0x32EFF9FF, 0x00000000,
  0x00000000, 0x00FFFFFF, 0xECD8EFFD, 0xFFB5E2FF, 0xFFB4D9F7, 0xFDB3D6F1, 0xF9ABD1F4, 0xEACBE9FD,
  0x34EBF0FA, 0x00000000, 0x00000000, 0x00000000, 0x00000000, 0x00000000, 0x00000000, 0x00000000,
  0x00FFFFFF, 0x77D8E9F6, 0xD3D2E5EF, 0xC4D9EFFF, 0x45F3FBFF, 0x00000000, 0x00000000, 0x00000000,
  0x00000000, 0x00000000, 0x00000000, 0x00000000, 0x00000000, 0x00000000, 0x00000000, 0x00000000,
  0x00000000, 0x00000000, 0x00000000, 0x00000000, 0x00000000, 0x00000000, 0x00000000, 0x00000000,
  0x00000000, 0x00000000, 0x00000000, 0x00FFFFFF, 0x29F8F8FF, 0x9CEEF6FB, 0x47F7FFFF, 0x00000000,
  0x00000000, 0x00000000, 0x00000000, 0x00000000, 0x00000000, 0x00000000, 0x00000000, 0x00000000,
  0x00000000, 0x04BFBFFF, 0xDCD5EAFC, 0xFFB5DDFF, 0xF2A9D4F9, 0xFFBADEFC, 0xFFE0FFFF, 0x9DDEF6FF,
  0x0CFFFFE9, 0x00000000, 0x00000000, 0x00000000, 0x00000000, 0x00000000, 0x00000000, 0x66D2E8FF,
  0xC7C4E2FC, 0xFFCBF0FF, 0xFFA1CAF3, 0xFFB4E6FF, 0xD7B7D9F1, 0xCDE7F2F5, 0x00000000, 0x00000000,
  0x00000000, 0x00000000, 0x00000000, 0x00000000, 0x00000000, 0x00000000, 0x00000000, 0x00000000,
  0x00000000, 0x00000000, 0x00000000, 0x00000000, 0x00000000, 0x00000000, 0x00000000, 0x00000000,
  0x00000000, 0x00000000, 0x00000000, 0x00000000, 0x08DFDFDF, 0x00000000, 0x00000000, 0x00000000,
  0x00000000, 0x00000000, 0x00000000, 0x00000000, 0x00000000, 0x00000000, 0x00000000, 0x00000000,
  0x00000000, 0x00000000, 0x6CCFE5FA, 0xFFD8F4FF, 0xFFE0FFFF, 0xE1CEEBFF, 0x84D4EDFF, 0x00000000,
  0x00000000, 0x00000000, 0x00000000, 0x10EFEFFF, 0x3EFFFFF6, 0x5DD0EBFF, 0xB3BCDFFF, 0xFFC4F0FF,
  0xFFA8DAFF, 0xFA91C6F5, 0xFC94C8F5, 0xFB99CBF3, 0xFF9AC9F1, 0xB1D6E9FA, 0x00000000, 0x00000000,
  0x00000000, 0x00000000, 0x00000000, 0x00000000, 0x00000000, 0x00000000, 0x00000000, 0x00000000,
  0x00000000, 0x00000000, 0x00000000, 0x00000000, 0x00000000, 0x00000000, 0x00000000, 0x00000000,
  0x00000000, 0x00000000, 0x00000000, 0x00000000, 0x00FFFFFF, 0x00000000, 0x00000000, 0x00000000,
  0x00000000, 0x00000000, 0x00000000, 0x00000000, 0x00000000, 0x00000000, 0x00000000, 0x00000000,
  0x00000000, 0x00000000, 0x00000000, 0x4BEAF1FB, 0x79E9FFFF, 0x51E8F2F5, 0x11FFFFE1, 0x00000000,
  0x00000000, 0x00FFFFFF, 0x2DEEEEEE, 0x7ED4E8F8, 0xD6BFE1FF, 0xFFADDBFF, 0xFFB3E5FF, 0xF695CCF4,
  0xFA94C8F0, 0xFF9ACAF2, 0xFD99C9F3, 0xF799C9F1, 0xFFCBF8FF, 0x9ACDE6FB, 0x00000000, 0x00000000,
  0x00000000, 0x00000000, 0x00000000, 0x00000000, 0x00000000, 0x00000000, 0x00000000, 0x00000000,
  0x00000000, 0x00000000, 0x00000000, 0x00000000, 0x00000000, 0x00000000, 0x00000000, 0x00000000,
  0x00000000, 0x00000000, 0x00000000, 0x00000000, 0x00000000, 0x00000000, 0x00000000, 0x00000000,
  0x00000000, 0x00000000, 0x00000000, 0x00000000, 0x00000000, 0x00000000, 0x00000000, 0x00000000,
  0x00000000, 0x00000000, 0x00000000, 0x00000000, 0x00000000, 0x00FFFFFF, 0x00000000, 0x00000000,
  0x5BC6E0F0, 0x79C8D9E9, 0xB5B8DEFC, 0xF2A8D9FF, 0xFFAADFFF, 0xF89CCDF6, 0xF898C9F2, 0xFE9BCBF3,
  0xFF9AC7F0, 0xFC98C6F2, 0xFFACDCFF, 0xFFB3E1FF, 0xAFBADCFF, 0x23CCE9FF, 0x00000000, 0x00000000,
  0x00000000, 0x00000000, 0x00000000, 0x00000000, 0x00000000, 0x00000000, 0x00000000, 0x00000000,
  0x00000000, 0x00000000, 0x00000000, 0x00000000, 0x00000000, 0x00000000, 0x00000000, 0x00000000,
  0x00000000, 0x00000000, 0x00000000, 0x00000000, 0x00000000, 0x00000000, 0x00000000, 0x00000000,
  0x00000000, 0x00000000, 0x00000000, 0x00000000, 0x00000000, 0x00000000, 0x00000000, 0x00000000,
  0x00000000, 0x00000000, 0x00000000, 0x00000000, 0x00FFFFFF, 0x00000000, 0x00FFFFFF, 0x86DAEAF5,
  0xFFCCFAFF, 0xFAA1D2F9, 0xFFA8E1FF, 0xFE9CCFF7, 0xF699CAF2, 0xF89AC9F1, 0xFF9BCBF7, 0xFC90C3F1,
  0xFFA5D2FC, 0xFFC0EFFF, 0xC2AEDAFD, 0x55BDDEFC, 0x00080300, 0x00000000, 0x00000000, 0x00000000,
  0x00000000, 0x00000000, 0x00000000, 0x00000000, 0x00000000, 0x00000000, 0x00000000, 0x00000000,
  0x00000000, 0x0100FFFF, 0x00000000, 0x00FFFFFF, 0x00000000, 0x00000000, 0x00000000, 0x00000000,
  0x00000000, 0x00000000, 0x00000000, 0x00000000, 0x00000000, 0x00000000, 0x00000000, 0x00000000,
  0x00000000, 0x00000000, 0x00000000, 0x00000000, 0x00000000, 0x00000000, 0x00000000, 0x00000000,
  0x00000000, 0x00000000, 0x00000000, 0x00000000, 0x00000000, 0x00000000, 0x00FFFFFF, 0xC3C2E4FF,
  0xFF94CDFD, 0xFF9AC8F3, 0xF89DC9F2, 0xF89AC7EF, 0xFC9DCAF3, 0xFFA3D6FF, 0xF7A5D2FF, 0xFFBEE4FF,
  0xE9BEDFF9, 0x68BCDFF7, 0x00000000, 0x00000000, 0x00000000, 0x00000000, 0x00000000, 0x00000000,
  0x00000000, 0x5BBEE5F3, 0x00FFFFFF, 0x00FFFFFF, 0x00FFFFFF, 0x00FFFFFF, 0x00070200, 0x00160C02,
  0x00000000, 0x00000000, 0x00000000, 0x00000000, 0x00000000, 0x00000000, 0x00000000, 0x00000000,
  0x00000000, 0x00000000, 0x00000000, 0x00000000, 0x00000000, 0x00000000, 0x00000000, 0x00000000,
  0x00000000, 0x00000000, 0x00000000, 0x00000000, 0x00000000, 0x00000000, 0x00000000, 0x00000000,
  0x00000000, 0x00000000, 0x00000000, 0x00000000, 0x00000000, 0x00000000, 0x3CE1F2FA, 0xFFD3F8FF,
  0xF593C6F4, 0xF99BC6F1, 0xF799C9F5, 0xFFA5D5FF, 0xFFA3D1FD, 0xEDB4D8FA, 0xACC3DBF3, 0x5BCCE0F3,
  0x03AAAAFF, 0x00000000, 0x00000000, 0x00000000, 0x00000000, 0x00000000, 0x00000000, 0x00000000,
  0xA9579EE0, 0xFF56BAFF, 0xFF3496E4, 0xFB4FA2E7, 0xF15EAFED, 0xF476BBEE, 0xD173BDF1, 0xC990C9F6,
  0xB1B2DAF4, 0x8888C3F0, 0x86D7F1FD, 0x6ACEEEF7, 0x00FFFFFF, 0x00060000, 0x00000000, 0x00FFFFFF,
  0x00FFFFFF, 0x00FFFFFF, 0x00000000, 0x00000000, 0x00000000, 0x00000000, 0x00000000, 0x00000000,
  0x00000000, 0x00000000, 0x00000000, 0x00000000, 0x00000000, 0x00000000, 0x00000000, 0x00000000,
  0x00000000, 0x00000000, 0x00000000, 0x00000000, 0x00000000, 0x00000000, 0x00000000, 0xBABFDCF4,
  0xFFB2E1FF, 0xFFB2E9FF, 0xFFB0E5FF, 0xD3B7D9FA, 0xC0C9E5FB, 0x65DEEDF4, 0x17D2DDF3, 0x00000000,
  0x00000000, 0x00000000, 0x00000000, 0x00000000, 0x00000000, 0x00000000, 0x00000000, 0x00000000,
  0xFF1380EA, 0xFF0077EA, 0xFF0478E4, 0xFB0071E5, 0xFF027DE3, 0xF60069DB, 0xFF087CE6, 0xFF007AEC,
  0xFF1584E6, 0xFF1589F2, 0xFF3091EB, 0xFF2D9AF8, 0xFF56B1FE, 0xC589C3F2, 0x4FF5F8F2, 0x00000000,
  0x00FFFFFF, 0x00000000, 0x00000000, 0x00000000, 0x00000000, 0x00000000, 0x00000000, 0x00000000,
  0x00000000, 0x00000000, 0x00000000, 0x00000000, 0x00000000, 0x00000000, 0x00000000, 0x00000000,
  0x00000000, 0x00000000, 0x00000000, 0x00000000, 0x00000000, 0x00000000, 0x00000000, 0x22D9F0FF,
  0x8ED3E9F9, 0xC1C3E0F5, 0x80CFEBFD, 0x2DFFFFF9, 0x20EFF7F7, 0x00000000, 0x00000000, 0x00000000,
  0x00000000, 0x00000000, 0x00000000, 0x00000000, 0x00000000, 0x00000000, 0x00000000, 0x00000000,
  0xFF0076E0, 0xFD0480E1, 0xFF0781EC, 0xFF067DEB, 0xFE077EE1, 0xFF057FE7, 0xFD047AE7, 0xFF077EE9,
  0xFB0279E8, 0xFE087FE8, 0xFB0075DF, 0xF80076E3, 0xFF0075E7, 0xFE2283DC, 0xACC8E1ED, 0x08DFDFDF,
  0x00000000, 0x00000000, 0x00000000, 0x00000000, 0x00000000, 0x00000000, 0x00000000, 0x00000000,
  0x00000000, 0x00000000, 0x00000000, 0x00000000, 0x00000000, 0x00000000, 0x00000000, 0x00000000,
  0x00000000, 0x00000000, 0x00000000, 0x00000000, 0x00000000, 0x00000000, 0x00000000, 0x00000000,
  0x00000000, 0x00000000, 0x00000000, 0x00000000, 0x00000000, 0x00000000, 0x00000000, 0x00000000,
  0x00000000, 0x00000000, 0x00000000, 0x00000000, 0x00000000, 0x00000000, 0x00000000, 0x00000000,
  0xFF0069DF, 0xF90075E2, 0xF90076E6, 0xFD0680E9, 0xFC017AE2, 0xFE067EE9, 0xFC027DE8, 0xFF0482EA,
  0xFF0581ED, 0xFF0280EA, 0xFF0581E3, 0xFF077BE3, 0xF7047EEC, 0xFF017BEF, 0xC395CAF4, 0x00FFFFFF,
  0x00000000, 0x00000000, 0x00000000, 0x00000000, 0x00000000, 0x00000000, 0x00000000, 0x00000000,
  0x00000000, 0x00000000, 0x00000000, 0x00000000, 0x00000000, 0x00000000, 0x00000000, 0x00000000,
  0x00000000, 0x00000000, 0x00000000, 0x00000000, 0x00000000, 0x00000000, 0x00000000, 0x00000000,
  0x00000000, 0x00000000, 0x00000000, 0x00000000, 0x00000000, 0x00000000, 0x00000000, 0x00000000,
  0x00000000, 0x00000000, 0x00000000, 0x00000000, 0x00000000, 0x00000000, 0x00000000, 0x00000000,
  0xE468ADEE, 0xFF3496EB, 0xFF3A99F2, 0xFF1489F0, 0xFF1889E9, 0xFF006FE4, 0xFF1080EA, 0xF30068E1,
  0xFF0778E2, 0xF70072E2, 0xFE0076E4, 0xF80071E5, 0xFE057DE6, 0xFF40A8FF, 0xA5B7E6FF, 0x00FFFFFF,
  0x00000000, 0x00000000, 0x00000000, 0x00000000, 0x00000000, 0x00000000, 0x00000000, 0x00000000,
  0x00000000, 0x00000000, 0x00000000, 0x00000000, 0x00000000, 0x00000000, 0x00000000, 0x00000000,
  0x00000000, 0x00000000, 0x00000000, 0x00000000, 0x00000000, 0x00000000, 0x00000000, 0x00000000,
  0x2BEDF3F3, 0x82DDE9EF, 0x9DBCDBF6, 0xA3BBD9F2, 0x65BADEF7, 0x8BDCEEF3, 0x77C7E5F8, 0x58F0F6F9,
  0x45ECF7FF, 0x31FFFFF9, 0x11FFFFE1, 0x00000000, 0x00FFFFFF, 0x00000000, 0x00000000, 0x00000000,
  0x00FFFFFF, 0x6BCAE7F5, 0xA9DCF2FA, 0x8F9CD0F7, 0xA5B0DEF8, 0xB39BCFF3, 0xCA94D1FC, 0xF682BFF7,
  0xF461ACEE, 0xFF6CC0FF, 0xFA3B95ED, 0xFF45A6FF, 0xEE459CE3, 0x9377B7E8, 0x00000000, 0x00000000,
  0x00000000, 0x00000000, 0x00000000, 0x00000000, 0x00000000, 0x00000000, 0x00000000, 0x00000000,
  0x00000000, 0x00000000, 0x00000000, 0x00000000, 0x00000000, 0x00000000, 0x00000000, 0x00000000,
  0x00000000, 0x00000000, 0x00000000, 0x00000000, 0x00000000, 0x00000000, 0x00000000, 0x00000000,
  0xA3C6E4FB, 0xEB9BCAFA, 0xFF89CAFF, 0xFF8ED4FF, 0xFF91D5FF, 0xFF93CCF9, 0xFFA4E0FF, 0xFF9FD2FB,
  0xFFACE2FF, 0xFBA8D2FA, 0xFFB8E0FF, 0xE0ABD4F7, 0xD9BDDCF5, 0x83DBF3FF, 0x00FFFFFF, 0x00000000,
  0x00000000, 0x00000000, 0x00000000, 0x00000000, 0x00000000, 0x000A0200, 0x00FFFFFF, 0x00FFFFFF,
  0x00000000, 0x00FFFFFF, 0x00FFFFFF, 0x89D7EEF9, 0x00FFFFFF, 0x00FFFFFF, 0x00000000, 0x00000000,
  0x00000000, 0x00000000, 0x00000000, 0x00000000, 0x00000000, 0x00000000, 0x00000000, 0x00000000,
  0x00000000, 0x00000000, 0x00000000, 0x00000000, 0x00000000, 0x00000000, 0x00000000, 0x00000000,
  0x00000000, 0x00000000, 0x00000000, 0x00000000, 0x00000000, 0x00000000, 0x00000000, 0x43EBFBF7,
  0xFFB9EBFF, 0xFF7ABEF8, 0xFA80C1F2, 0xFB79BCF3, 0xFC84BDEF, 0xFB7CBBF0, 0xFA81BEF1, 0xF874B9F1,
  0xF879BAEF, 0xFF7BBAF0, 0xF976BDF5, 0xFF7DC3FD, 0xF67EB9F1, 0xFFA3DDFF, 0xFFBBE5FF, 0x79D4ECF8,
  0x00000000, 0x00FFFFFF, 0x00000000, 0x00000000, 0x00000000, 0x08DFFFFF, 0x00000000, 0x00000000,
  0x00FFFFFF, 0x00FFFFFF, 0x00FFFFFF, 0x00000000, 0x00000000, 0x00040100, 0x17FFFFF3, 0x00000000,
  0x00000000, 0x00000000, 0x00000000, 0x00000000, 0x00000000, 0x00000000, 0x00000000, 0x00000000,
  0x00000000, 0x00000000, 0x00000000, 0x00000000, 0x00000000, 0x00000000, 0x00000000, 0x00000000,
  0x00000000, 0x00000000, 0x00000000, 0x00000000, 0x00000000, 0x00000000, 0x00000000, 0x37D0F1FF,
  0xFFBBECFF, 0xF477B7EE, 0xFD80BFF4, 0xFC7EBCF2, 0xFF82C0F1, 0xFE82BFF0, 0xFF81C0F6, 0xFF81C1FA,
  0xFF84BDF0, 0xFF88BFF2, 0xFF80BEF4, 0xFF80BFF5, 0xFC84BDEF, 0xF975B6F2, 0xFF86C2F6, 0xCBD4ECFB,
  0x00000000, 0x00000000, 0x00000000, 0x00000000, 0x00000000, 0x00000000, 0x00000000, 0x00000000,
  0x00FFFFFF, 0x00080300, 0x00000000, 0x35C0DDEB, 0x4CEEF1EE, 0x60D1F1FF, 0x00FFFFFF, 0x00FFFFFF,
  0x00000000, 0x00000000, 0x00000000, 0x00000000, 0x00000000, 0x00000000, 0x00000000, 0x00000000,
  0x00000000, 0x00000000, 0x00000000, 0x00000000, 0x00000000, 0x00000000, 0x00000000, 0x00000000,
  0x00000000, 0x00000000, 0x00000000, 0x00000000, 0x00000000, 0x00000000, 0x00000000, 0x00000000,
  0x89A5CEEE, 0xFE97C8F2, 0xFF8DD4FF, 0xFF84C2F8, 0xF673B6EE, 0xFF87C4F8, 0xFD7BBBF2, 0xFF7DBFF5,
  0xF574B9F0, 0xFB7ABCF2, 0xFC7DBFEE, 0xFD7CBBF4, 0xFA7FBEEE, 0xFD7DBEF9, 0xFFA7E5FF, 0x8CE0F5FF,
  0x00000000, 0x00000000, 0x00000000, 0x00000000, 0x00000000, 0x00000000, 0x00000000, 0x00FFFFFF,
  0x00000000, 0x205FAFEF, 0xA2A3D6FA, 0xFF81BEEC, 0xF3419AE6, 0xFF67CDFF, 0xB779B7EF, 0x3FFFFFEA,
  0x00000000, 0x00000000, 0x00000000, 0x00000000, 0x00000000, 0x00000000, 0x00000000, 0x00000000,
  0x00000000, 0x00000000, 0x00000000, 0x00000000, 0x00000000, 0x00000000, 0x00000000, 0x00000000,
  0x00000000, 0x00000000, 0x00000000, 0x00000000, 0x00000000, 0x00000000, 0x00000000, 0x00000000,
  0x0DC4D7EB, 0x57F0FCFF, 0xADCBE8FA, 0xC5C3E5FD, 0xDCB2D8F9, 0xFDB3D8FB, 0xE1A7D1F8, 0xF99DCDF6,
  0xFFB6ECFF, 0xF594C9F6, 0xFF98D1FF, 0xFF86BFF5, 0xFF8ED1FF, 0xEC8AC2F8, 0xDCB7D9F4, 0x1FFFFFF6,
  0x00000000, 0x00000000, 0x00000000, 0x00000000, 0x00000000, 0x00000000, 0x00FFFFFF, 0x54E6F2FB,
  0x9976BAF1, 0xFF55A8E9, 0xFF4EB4FF, 0xFB107EE4, 0xFF0680EC, 0xF7158CF3, 0xFA1383EF, 0xBBB5D7F4,
  0x00FFFFFF, 0x00000000, 0x00000000, 0x00000000, 0x00000000, 0x00000000, 0x00000000, 0x00000000,
  0x00000000, 0x00000000, 0x00000000, 0x00000000, 0x00000000, 0x00000000, 0x00000000, 0x00000000,
  0x00000000, 0x00000000, 0x00000000, 0x00000000, 0x00000000, 0x00000000, 0x00000000, 0x00FFFFFF,
  0x00000000, 0x00000000, 0x01FFFF00, 0x00000000, 0x00050000, 0x00000000, 0x05FFFF99, 0x1AFFFFEB,
  0x47F7FFFF, 0x5ADFEEF9, 0x8FCDE4F9, 0xB5DBF2FF, 0xEED0EDFF, 0x81DBEBF7, 0x4AE6F1ED, 0x00000000,
  0x00000000, 0x00000000, 0x00000000, 0x00000000, 0x1AFFFFF5, 0x2CFFFFF9, 0x9473BBF8, 0xEC52ABF8,
  0xFF3CA9FF, 0xFF1B88E6, 0xFE0A7FE3, 0xFF2087E8, 0xFB228CE7, 0xF32189E4, 0xFF2294FC, 0xD793C0E7,
  0x00FFFFFF, 0x00000000, 0x00000000, 0x00000000, 0x00000000, 0x00000000, 0x00000000, 0x00000000,
  0x00000000, 0x00000000, 0x00000000, 0x00000000, 0x00000000, 0x00000000, 0x00000000, 0x00000000,
  0x00000000, 0x00000000, 0x00000000, 0x00000000, 0x00000000, 0x00000000, 0x45CBDDEC, 0x7EE4F4FA,
  0x64F7FFFF, 0x09E2FFFF, 0x00000000, 0x00000000, 0x010000FF, 0x00000000, 0x00000000, 0x00000000,
  0x00000000, 0x00000000, 0x00000000, 0x00000000, 0x00FFFFFF, 0x00FFFFFF, 0x00000000, 0x00000000,
  0x00000000, 0x00000000, 0x3AB8DBED, 0x92CEE4EF, 0xC282C2F4, 0xD53FA6FB, 0xFF30A4FF, 0xFF218EEC,
  0xF71383E5, 0xFE1C86E3, 0xFC1D8BE7, 0xF81B8AEB, 0xFE208BEB, 0xFF1692FF, 0xF63C9CF5, 0xA7B8D7EF,
  0x00010000, 0x00000000, 0x00000000, 0x00000000, 0x00000000, 0x00000000, 0x00000000, 0x00000000,
  0x00000000, 0x00000000, 0x00000000, 0x00000000, 0x00000000, 0x00000000, 0x00000000, 0x00000000,
  0x00000000, 0x00000000, 0x00000000, 0x00000000, 0x00FFFFFF, 0xB5CAE7F7, 0xFE99C5EC, 0xFF83C3F9,
  0xFFADE3FF, 0x7BB4D1EA, 0x00FFFFFF, 0x00000000, 0x00000000, 0x00000000, 0x00000000, 0x00000000,
  0x00000000, 0x00000000, 0x00000000, 0x00000000, 0x00000000, 0x00000000, 0x00000000, 0x00000000,
  0x00000000, 0x65D6EAF2, 0xFF9ADAFF, 0xFF50A3E9, 0xFF1189EE, 0xFF1991F5, 0xF71987E7, 0xFC1B88E8,
  0xFE1F8AE9, 0xF91586EA, 0xF81A8BED, 0xFF1F96FF, 0xF23296F0, 0xB35CAAF5, 0x86BAD7F1, 0x00FFFFFF,
  0x00000000, 0x00000000, 0x00000000, 0x00000000, 0x00000000, 0x00000000, 0x00000000, 0x00000000,
  0x00000000, 0x00000000, 0x00000000, 0x00000000, 0x00000000, 0x00000000, 0x00000000, 0x00000000,
  0x00000000, 0x00000000, 0x00000000, 0x00000000, 0x00FFFFFF, 0xF99FCBF1, 0xFD5BA9F0, 0xFF6DB4F3,
  0xFE68B0F0, 0xFF72B7F1, 0xFFC1ECFF, 0x48BFDFF7, 0x00000000, 0x00000000, 0x00000000, 0x00000000,
  0x00000000, 0x00000000, 0x00000000, 0x00000000, 0x00000000, 0x00000000, 0x00000000, 0x00000000,
  0x00000000, 0xD366ACF0, 0xFB1D83E6, 0xFD0A78E4, 0xFC2089E4, 0xFA2288E3, 0xFD2089EA, 0xFD1083E9,
  0xF71184E8, 0xFF32A0FF, 0xFF3E9EF0, 0xD574B9F3, 0x7EBADCF2, 0x2DFFFFE8, 0x027FFFFF, 0x00000000,
  0x00000000, 0x4DE1EEF1, 0x00FFFFFF, 0x00FFFFFF, 0x00000000, 0x00000000, 0x00000000, 0x00000000,
  0x00000000, 0x00000000, 0x00000000, 0x00000000, 0x00000000, 0x00000000, 0x00000000, 0x00000000,
  0x00000000, 0x00000000, 0x00000000, 0x00000000, 0x2ACEE6F8, 0xFF96D0FF, 0xFA6CB4F7, 0xF971B3F0,
  0xFE6CB3F0, 0xFE61AFF0, 0xFF7DC4FD, 0xDD93CCFA, 0x53E9F8FB, 0x010000FF, 0x00000000, 0x00000000,
  0x00000000, 0x00000000, 0x00000000, 0x00000000, 0x00000000, 0x00000000, 0x00000000, 0x00000000,
  0x00000000, 0x00000000, 0xFC1F88EE, 0xFE248BEE, 0xFC1B8DEB, 0xFF1585E9, 0xFF1084F2, 0xFF3398F4,
  0xFF5EBAFF, 0xBB72B9F5, 0x7AB3DBF6, 0x00FFFFFF, 0x00FFFFFF, 0x00000000, 0x00000000, 0x41C0DFEF,
  0xE090C6EC, 0xFF7AC3FE, 0xE977C0FF, 0xB3B0D8F6, 0x25CEDCF1, 0x00000000, 0x00000000, 0x00000000,
  0x00000000, 0x00000000, 0x00000000, 0x00000000, 0x00000000, 0x00FFFFFF, 0x00FFFFFF, 0x00000000,
  0x00000000, 0x00000000, 0x00000000, 0x00000000, 0x00FFFFFF, 0xD2A8D9FF, 0xFF80CEFF, 0xF964ACEE,
  0xFE72B4EF, 0xFF72B4EF, 0xF967B1F0, 0xFF6DBCFF, 0xFF98D4FF, 0xB8A9D4F3, 0x00FFFFFF, 0x00000000,
  0x00000000, 0x00000000, 0x00000000, 0x00000000, 0x00000000, 0x00000000, 0x00000000, 0x00000000,
  0x00000000, 0x00000000, 0xF81586EE, 0xFE1B87E7, 0xFF0480E5, 0xFF2A93E8, 0xFF59AFF5, 0xAB75B4E8,
  0x4270B9EF, 0x00000000, 0x00FFFFFF, 0x00000000, 0x00000000, 0x00000000, 0x00FFFFFF, 0xB89DCEF3,
  0xFF4BA2EE, 0xF31080E5, 0xFF2A9AF9, 0xEE499FE6, 0x61DFF1FC, 0x00000000, 0x00000000, 0x00FFFFFF,
  0x00FFFFFF, 0x00FFFFFF, 0x00000000, 0x00000000, 0x00000000, 0x00000000, 0x00000000, 0x32C6DBEF,
  0x75E2EBEF, 0x6BCFEEFF, 0x00FFFFFF, 0x00000000, 0x00FFFFFF, 0x2FF4FFF9, 0xE59BCBF2, 0xFF7DBCF3,
  0xFF70B9FB, 0xFA6BAEED, 0xFE6FB5F4, 0xFD6EB1ED, 0xFA68B3F2, 0xFF71BAF9, 0xFFBCE5FF, 0x6CC6E9FF,
  0x00020000, 0x00000000, 0x00000000, 0x00FFFFFF, 0x00000000, 0x00000000, 0x00000000, 0x00000000,
  0x00000000, 0x00000000, 0x00000000, 0xFA3B95E3, 0xFF73B9EE, 0xCE9DC9EE, 0x5C9BCAEE, 0x00000000,
  0x00000000, 0x00000000, 0x00000000, 0x00000000, 0x00000000, 0x01000000, 0x96A6D6F8, 0xFF4AADFF,
  0xFF2992EC, 0xFE3596E7, 0xF43295EA, 0xFF3F9FF3, 0x84A8D6F9, 0x00000000, 0x00000000, 0x1ECCE5EE,
  0x56F9F6F9, 0x46DEF4FF, 0x00FFFFFF, 0x00030100, 0x00000000, 0x00000000, 0x00FFFFFF, 0xF6B5D8F3,
  0xFF81BFF9, 0xFF6FC2FF, 0xFE92C4EA, 0x4189B4DF, 0x00000000, 0x00000000, 0x2DD1E2EE, 0x80BDE3FF,
  0xFF95DBFF, 0xFF6DB1ED, 0xFD6CB5F3, 0xFD6DB2EF, 0xFE6DB5F6, 0xFB64ABEE, 0xFF7CBFFB, 0xEA8CC7FA,
  0x9ACEE4F1, 0x22CAE1F0, 0x00040200, 0x00FFFFFF, 0x00FFFFFF, 0x00000000, 0x00000000, 0x00000000,
  0x00000000, 0x00000000, 0x00000000, 0xB7CBE3F2, 0x64F4F7F2, 0x0D9CC4EB, 0x00000000, 0x00000000,
  0x00000000, 0x00000000, 0x00000000, 0x00000000, 0x00000000, 0x5AEEF9F9, 0xFD6EB4F0, 0xF92E8FEA,
  0xFA2F90E8, 0xFF3396EC, 0xFE1E90F0, 0xFF6EC7FF, 0x63C6E5FF, 0x00000000, 0x1AFFFFF5, 0xD8B4D8EE,
  0xFF78B9F1, 0xFF7CD3FF, 0xC98ACAF8, 0x00FFFFFF, 0x00000000, 0x00000000, 0x6CC3E5FA, 0xFC74B7F1,
  0xF6419BEF, 0xFC50A6ED, 0xFF68B6FC, 0xC19AC8F4, 0x00000000, 0x00000000, 0x00000000, 0x00000000,
  0x68BADAF2, 0xD09BD0FA, 0xFF87D3FF, 0xF867ADEA, 0xFE6CB4F6, 0xFF71B3F1, 0xF96CB2F3, 0xFF67B2FA,
  0xFF96D4FF, 0xC0B1E0FC, 0x00FFFFFF, 0x00000000, 0x00FFFFFF, 0x00000000, 0x00000000, 0x00000000,
  0x00000000, 0x00000000, 0x00000000, 0x00000000, 0x00000000, 0x00000000, 0x00000000, 0x00000000,
  0x00000000, 0x00000000, 0x00000000, 0x00000000, 0x32BCD6EA, 0xD582C0F6, 0xFF339FFD, 0xFC2A94EB,
  0xFE3394E9, 0xF7248EEA, 0xFF40A1F1, 0xB095CCF3, 0x00000000, 0x00000000, 0x4CD6F8FF, 0xFF7AC3FF,
  0xF72F8DE6, 0xF944A1EF, 0xFF3A99F0, 0xCAA4D0F6, 0x1CFFFFEC, 0x00000000, 0xA2C0DFF8, 0xFF83CCFF,
  0xF452A7F2, 0xFE5FA8E8, 0xF94C9FEB, 0xFF9CDFFF, 0x56ABD2ED, 0x00000000, 0x0100FFFF, 0x00000000,
  0x00FFFFFF, 0x00FFFFFF, 0xC8ACD8F9, 0xFF83C3F9, 0xFF6EBDFE, 0xFA66B0EE, 0xFF71B6F3, 0xFE6FB1EB,
  0xF368B0F0, 0xFF8BD2FF, 0x68BCDFF5, 0x00000000, 0x00000000, 0x00000000, 0x00000000, 0x00000000,
  0x00000000, 0x00000000, 0x00000000, 0x00000000, 0x00000000, 0x00000000, 0x00000000, 0x00000000,
  0x00000000, 0x00000000, 0x00000000, 0x00060000, 0xB29CCCF3, 0xFF4FA3F5, 0xF9268CE5, 0xFE2E96EB,
  0xFE3091E6, 0xFF309DFA, 0xDA79BCF0, 0x2ABCDAE6, 0x00000000, 0x00000000, 0x7ABEE1F8, 0xFC59ABF1,
  0xFA419CE9, 0xFA49A2EB, 0xFF47A4FC, 0xDC80C2FF, 0x00070000, 0x00FFFFFF, 0x00FFFFFF, 0xE37ABBF7,
  0xFF5CB0FD, 0xFB5AA7EA, 0xFF51A6EE, 0xFA67B1F1, 0x85B9D8EF, 0x03AAFFFF, 0x00000000, 0x00000000,
  0x00000000, 0x00000000, 0x2CE2F3F9, 0x9AC1E4FB, 0xFF98D3FB, 0xFD68B2F1, 0xFD6FB2F2, 0xFA70B4EF,
  0xF964B2F4, 0xFF8FD7FF, 0x92D1EBF6, 0x00000000, 0x00000000, 0x00000000, 0x00000000, 0x00000000,
  0x00000000, 0x00000000, 0x00000000, 0x00000000, 0x00000000, 0x00000000, 0x00000000, 0x00000000,
  0x00000000, 0x00000000, 0x16E7F3FF, 0x8797D3F7, 0xFF52B0FF, 0xFF2992F1, 0xFE2E96ED, 0xFB2D90ED,
  0xF9298CE8, 0xFF6CB3EE, 0x65EAF7FC, 0x00000000, 0x00000000, 0x00080000, 0xBFA5D5F9, 0xFF47A6FD,
  0xFF46A3F1, 0xFF43A1EA, 0xF53F93E1, 0xFFA6D8FD, 0x00FFFFFF, 0x00000000, 0x1DFFFFF6, 0x8799CFFD,
  0xFF6AC2FF, 0xF75BA9ED, 0xFA59AAEA, 0xFF58B2FF, 0xE18DC7F4, 0x4FE5F2F5, 0x00000000, 0x00FFFFFF,
  0x00FFFFFF, 0x00000000, 0x00000000, 0x00000000, 0x67CDE1EB, 0xD7A4D0F9, 0xFF8ED2FF, 0xFE5FAEF8,
  0xF46EB1F2, 0xF799C8F1, 0x73EDF6FA, 0x00FFFFFF, 0x00000000, 0x00000000, 0x00000000, 0x00000000,
  0x00000000, 0x00000000, 0x00000000, 0x00000000, 0x00000000, 0x00000000, 0x00000000, 0x00000000,
  0x00000000, 0x00000000, 0x7FFCFFF8, 0xFF8FDAFF, 0xFD2F8FE2, 0xFA2C94E2, 0xFF3195EA, 0xFF2C91EE,
  0xFF4BAEFD, 0x9E9AD0F2, 0x067FAAD4, 0x00000000, 0x00000000, 0x00000000, 0xECB1DEFF, 0xFF4399EC,
  0xFD459DEC, 0xFC419FEE, 0xFF47A0F0, 0xC6ADD9F7, 0x00000000, 0x00FFFFFF, 0x00000000, 0x1DFFFFDB,
  0xD775BAF9, 0xFF58AEFB, 0xF95CAAEB, 0xFF58A9EE, 0xF767B4F6, 0x97C3E0F8, 0x0FEEFFFF, 0x00000000,
  0x00000000, 0x00000000, 0x00000000, 0x00000000, 0x00FFFFFF, 0x00FFFFFF, 0xB0C9E9FA, 0xD8A6D6FB,
  0xFFB4DAF8, 0x83C8DDEB, 0x0DD7EBEB, 0x00000000, 0x00000000, 0x00000000, 0x00000000, 0x00000000,
  0x00000000, 0x00000000, 0x00000000, 0x00000000, 0x00000000, 0x00000000, 0x00000000, 0x00000000,
  0x00000000, 0x42C8E3F3, 0xD977BEFA, 0xFF2189EB, 0xFE2D8FE4, 0xFE3197E6, 0xF7278CE7, 0xFF429DED,
  0xC09CCDED, 0x00FFFFFF, 0x00000000, 0x00FFFFFF, 0x18F4FFFF, 0x00FFFFFF, 0xF297CDF4, 0xFB2A8DE6,
  0xFF4AA0ED, 0xFD42A0EE, 0xFE3896EC, 0xA7AED7F5, 0x00000000, 0x00FFFFFF, 0x00000000, 0x25D5E3EA,
  0xCC9ECBF1, 0xFE54A5F1, 0xFE5AA7ED, 0xFB59A7E9, 0xFF60B7FF, 0xD495CAF5, 0x00FFFFFF, 0x00000000,
  0x00000000, 0x00000000, 0x00000000, 0x00000000, 0x00000000, 0x00000000, 0x00FFFFFF, 0x00FFFFFF,
  0x28D8EBF2, 0x00000000, 0x00000000, 0x00000000, 0x00000000, 0x00000000, 0x00000000, 0x00000000,
  0x00000000, 0x00000000, 0x00000000, 0x00000000, 0x00000000, 0x00000000, 0x00000000, 0x00000000,
  0x00000000, 0xBCB4D7EE, 0xFF51AFFD, 0xF8298EE3, 0xFF3597EA, 0xFD2D93E9, 0xFF2D94F1, 0xEB71B9F5,
  0x4ABDDCF1, 0x00020100, 0x00FFFFFF, 0x00FFFFFF, 0x00000000, 0x3AD3F1FA, 0xFF8CC7F4, 0xFB3E9CEB,
  0xFE44A1EB, 0xFB3E9EE9, 0xFF60BEFF, 0x8CB4D6F0, 0x00000000, 0x00000000, 0x00000000, 0x00000000,
  0x97B1D3F1, 0xFF83CAFF, 0xFD4CA0EE, 0xFD5BA9EC, 0xFB59A9ED, 0xFF6FB3F0, 0xAAC9E4F6, 0x10FFFFEF,
  0x00000000, 0x00000000, 0x00000000, 0x00000000, 0x00000000, 0x00000000, 0x00000000, 0x00000000,
  0x00000000, 0x00000000, 0x00000000, 0x00000000, 0x00000000, 0x00000000, 0x00000000, 0x00000000,
  0x00000000, 0x00000000, 0x00000000, 0x00000000, 0x00000000, 0x00000000, 0x00000000, 0x00000000,
  0x00FFFFFF, 0xFF91CBFB, 0xFF1689EF, 0xFE3693E5, 0xFB3091EA, 0xF7268BE8, 0xFF71C2FF, 0x80DBEFF5,
  0x00000000, 0x00000000, 0x00000000, 0x00000000, 0x00000000, 0x00FFFFFF, 0xFF94DAFF, 0xFE3897ED,
  0xFF48A0EE, 0xFE499DE8, 0xFF59B3FF, 0x4FB1DBFB, 0x00000000, 0x00000000, 0x00000000, 0x00000000,
  0x299BC7F2, 0xFF84BFF1, 0xFF59A8F0, 0xFE58A7ED, 0xFC52A6EC, 0xFF66B8FF, 0xC89ACFFF, 0x00FFFFFF,
  0x00000000, 0x00000000, 0x00000000, 0x00000000, 0x00000000, 0x00000000, 0x00000000, 0x00000000,
  0x00000000, 0x00000000, 0x00000000, 0x00000000, 0x00000000, 0x00000000, 0x00000000, 0x00000000,
  0x00000000, 0x00000000, 0x00000000, 0x00000000, 0x00000000, 0x00000000, 0x00000000, 0x00000000,
  0x00FFFFFF, 0xD477B6E4, 0xFF2292F0, 0xF31F91F0, 0xFF2F97F5, 0xFF56B5FF, 0x9D95CEFA, 0x19CCEAF4,
  0x00000000, 0x00000000, 0x00000000, 0x00FFFFFF, 0x00000000, 0x25D5EAF8, 0xFE55A2E3, 0xFD429DEE,
  0xFF48A1EC, 0xF93D94E6, 0xFF6AB4F9, 0x00FFFFFF, 0x00000000, 0x00000000, 0x00000000, 0x00000000,
  0x00000000, 0x898BC5F5, 0xFF7BC9FF, 0xF854A1E9, 0xFE5CA9EA, 0xF651A5EE, 0xFF84CFFF, 0x599ACBF3,
  0x00000000, 0x00000000, 0x00000000, 0x00000000, 0x00000000, 0x00000000, 0x00000000, 0x00000000,
  0x00000000, 0x00000000, 0x00000000, 0x00000000, 0x00000000, 0x00000000, 0x00000000, 0x00000000,
  0x00000000, 0x00000000, 0x00000000, 0x00000000, 0x00000000, 0x00000000, 0x00000000, 0x00000000,
  0x00000000, 0xA9B9DAF4, 0xFF73BCFF, 0xFF389CF9, 0xF24DA0EE, 0xA690C4F1, 0x00060000, 0x00000000,
  0x00000000, 0x00000000, 0x00000000, 0x00000000, 0x00000000, 0x55EAFFFF, 0xFF77C9FF, 0xFB3B9AE9,
  0xFF44A1E9, 0xF9419CEB, 0xFF71BFFA, 0x40CBE7F7, 0x00000000, 0x010000FF, 0x00000000, 0x00000000,
  0x00020100, 0x3AE9F6FF, 0xEA87C7FF, 0xFF62ADF1, 0xFC5AA5E9, 0xFF51A5F0, 0xFF68B8FE, 0xCE8ABCE2,
  0x00000000, 0x00000000, 0x00000000, 0x00000000, 0x00000000, 0x00000000, 0x00000000, 0x00000000,
  0x00000000, 0x00000000, 0x00000000, 0x00000000, 0x00000000, 0x00000000, 0x00000000, 0x00000000,
  0x00000000, 0x00000000, 0x00000000, 0x00000000, 0x00000000, 0x00000000, 0x00000000, 0x00000000,
  0x00000000, 0x00FFFFFF, 0x81CDE9F3, 0xA4A6D1F4, 0x9BDAE9F1, 0x30F4EFE4, 0x00000000, 0x00000000,
  0x00000000, 0x00000000, 0x00000000, 0x00FFFFFF, 0x00000000, 0x8DC8E7FB, 0xFF489DED, 0xFC429CEB,
  0xFF47A0F1, 0xFC3596EF, 0xF080BFEE, 0x00FFFFFF, 0x03AAAAFF, 0x00000000, 0x00000000, 0x00000000,
  0x00000000, 0x00FFFFFF, 0x949ED3FD, 0xFF71C8FF, 0xF655A6EF, 0xFC5BAAF3, 0xFA4EA0EC, 0xFFC2F4FF,
  0x49F8FFFF, 0x00000000, 0x00000000, 0x00000000, 0x00000000, 0x00000000, 0x00000000, 0x00000000,
  0x00000000, 0x00000000, 0x00000000, 0x00000000, 0x00000000, 0x00000000, 0x00000000, 0x00000000,
  0x00000000, 0x00000000, 0x00000000, 0x00000000, 0x00000000, 0x00000000, 0x00000000, 0x00000000,
  0x00000000, 0x00000000, 0x00FFFFFF, 0x00000000, 0x04BFBFBF, 0x00000000, 0x00000000, 0x00000000,
  0x00000000, 0x00000000, 0x00000000, 0x00FFFFFF, 0x00000000, 0xB2BFE6FD, 0xFF4FAEF9, 0xFA409EE6,
  0xFE489DE8, 0xFB3898EA, 0xFD7DBCEC, 0x00FFFFFF, 0x00000000, 0x00000000, 0x00000000, 0x00000000,
  0x00000000, 0x00000000, 0x29FFFFF2, 0xD572BBF7, 0xFF5DB1F7, 0xFD4BA3F0, 0xFF5FAAF1, 0xAEB1D7F7,
  0x00000000, 0x00000000, 0x00000000, 0x00000000, 0x00000000, 0x00000000, 0x00000000, 0x00000000,
  0x00000000, 0x00000000, 0x00000000, 0x00000000, 0x00000000, 0x00000000, 0x00000000, 0x00000000,
  0x00000000, 0x00000000, 0x00000000, 0x00000000, 0x00000000, 0x00000000, 0x00000000, 0x00000000,
  0x00000000, 0x00000000, 0x00FFFFFF, 0x00FFFFFF, 0x00000000, 0x00000000, 0x00000000, 0x00000000,
  0x00000000, 0x00000000, 0x00000000, 0x00000000, 0x00FFFFFF, 0xD8B4DBF5, 0xFF3F9DEE, 0xFF43A0EE,
  0xFD50A4ED, 0xFF44A4F4, 0xF8A1D6FB, 0x00FFFFFF, 0x00000000, 0x00000000, 0x00000000, 0x00000000,
  0x00000000, 0x00000000, 0x00FFFFFF, 0x73AAD7F8, 0xFFA2EBFF, 0xD872B8F3, 0xD094C1EB, 0x96DEEAEF,
  0x00000000, 0x00000000, 0x00000000, 0x00000000, 0x00000000, 0x00000000, 0x00000000, 0x00000000,
  0x00000000, 0x00000000, 0x00000000, 0x00000000, 0x00000000, 0x00000000, 0x00000000, 0x00000000,
  0x00000000, 0x00000000, 0x00000000, 0x00000000, 0x00000000, 0x00000000, 0x00000000, 0x00000000,
  0x00000000, 0x00000000, 0x00000000, 0x00000000, 0x00000000, 0x00000000, 0x00000000, 0x00000000,
  0x00000000, 0x00000000, 0x00000000, 0x00000000, 0x00000000, 0xA3A4CCEC, 0xFF70C4FF, 0xFA3496ED,
  0xF52D90EC, 0xFC53A3EA, 0xA3B5DFFB, 0x00000000, 0x00000000, 0x00000000, 0x00000000, 0x00000000,
  0x00000000, 0x00000000, 0x00000000, 0x00000000, 0x59E2FCFF, 0x6DF3FAFA, 0x00000000, 0x00000000,
  0x00000000, 0x00000000, 0x00000000, 0x00000000, 0x00000000, 0x00000000, 0x00000000, 0x00000000,
  0x00000000, 0x00000000, 0x00000000, 0x00000000, 0x00000000, 0x00000000, 0x00000000, 0x00000000,
  0x00000000, 0x00000000, 0x00000000, 0x00000000, 0x00000000, 0x00000000, 0x00000000, 0x00000000,
  0x00000000, 0x00000000, 0x00000000, 0x00000000, 0x00000000, 0x00000000, 0x00000000, 0x00000000,
  0x00000000, 0x00000000, 0x00000000, 0x00000000, 0x00000000, 0x1E90C3EE, 0xEBABD4F5, 0xF06DB6F4,
  0xFF7FC9FF, 0xFF92CAF3, 0x44D2E4EC, 0x00000000, 0x00FFFFFF, 0x00000000, 0x00000000, 0x00000000,
  0x00000000, 0x00000000, 0x00000000, 0x00000000, 0x00000000, 0x00000000, 0x00000000, 0x00000000,
  0x00000000, 0x00000000, 0x00000000, 0x00000000, 0x00000000, 0x00000000, 0x00000000, 0x00000000,
  0x00000000, 0x00000000, 0x00000000, 0x00000000, 0x00000000, 0x00000000, 0x00000000, 0x00000000,
};

static const unsigned g_splash_sp03_w = 56u;
static const unsigned g_splash_sp03_h = 56u;
static const uint32_t g_splash_sp03_px[3136] = {
  0x00FFFFFF, 0x00FFFFFF, 0x00FFFFFF, 0x00FFFFFF, 0x00FFFFFF, 0x00FFFFFF, 0x00FFFFFF, 0x00FFFFFF,
  0x00FFFFFF, 0x00FFFFFF, 0x00FFFFFF, 0x00FFFFFF, 0x00FFFFFF, 0x00FFFFFF, 0x00FFFFFF, 0x00FFFFFF,
  0x00FFFFFF, 0x00FFFFFF, 0x00FFFFFF, 0x00FFFFFF, 0x00FFFFFF, 0x00FFFFFF, 0x00FFFFFF, 0x00FFFFFF,
  0x00FFFFFF, 0x00FFFFFF, 0x00FFFFFF, 0x00FFFFFF, 0x00FFFFFF, 0xB9ECF5FB, 0xE0EAF3F9, 0x4EF4F8FD,
  0x00FFFFFF, 0x00FFFFFF, 0x00FFFFFF, 0x00FFFFFF, 0x00FFFFFF, 0x00FFFFFF, 0x00FFFFFF, 0x00FFFFFF,
  0x00FFFFFF, 0x00FFFFFF, 0x00FFFFFF, 0x00FFFFFF, 0x00FFFFFF, 0x00FFFFFF, 0x00FFFFFF, 0x00FFFFFF,
  0x00FFFFFF, 0x00FFFFFF, 0x00FFFFFF, 0x00FFFFFF, 0x00FFFFFF, 0x00FFFFFF, 0x00FFFFFF, 0x00FFFFFF,
  0x00FFFFFF, 0x00FFFFFF, 0x00FFFFFF, 0x00FFFFFF, 0x00FFFFFF, 0x00FFFFFF, 0x00FFFFFF, 0x00FFFFFF,
  0x00FFFFFF, 0x00FFFFFF, 0x00FFFFFF, 0x00FFFFFF, 0x00FFFFFF, 0x00FFFFFF, 0x00FFFFFF, 0x00FFFFFF,
  0x00FFFFFF, 0x00FFFFFF, 0x00FFFFFF, 0x00FFFFFF, 0x00FFFFFF, 0x00FFFFFF, 0x00FFFFFF, 0x00FFFFFF,
  0x00FFFFFF, 0x00FFFFFF, 0x00FFFFFF, 0x00FFFFFF, 0xFFF5FEFF, 0xFFE9F8FE, 0xF7E5F5FF, 0x00FFFFFF,
  0x36F7FBFE, 0x00FFFFFF, 0x00FFFFFF, 0x00FFFFFF, 0x00FFFFFF, 0x00FFFFFF, 0x00FFFFFF, 0x00FFFFFF,
  0x00FFFFFF, 0x00FFFFFF, 0x00FFFFFF, 0x00FFFFFF, 0x00FFFFFF, 0x00FFFFFF, 0x00FFFFFF, 0x00FFFFFF,
  0x00FFFFFF, 0x00FFFFFF, 0x00FFFFFF, 0x00FFFFFF, 0x00FFFFFF, 0x00FFFFFF, 0x00FFFFFF, 0x00FFFFFF,
  0x00FFFFFF, 0x00FFFFFF, 0x00FFFFFF, 0x00FFFFFF, 0x00FFFFFF, 0x00FFFFFF, 0x00FFFFFF, 0x00FFFFFF,
  0x00FFFFFF, 0x00FFFFFF, 0x00FFFFFF, 0x00FFFFFF, 0x00FFFFFF, 0x00FFFFFF, 0x00FFFFFF, 0x00FFFFFF,
  0x00FFFFFF, 0x00FFFFFF, 0x00FFFFFF, 0x00FFFFFF, 0x00FFFFFF, 0x00FFFFFF, 0x00FFFFFF, 0x00FFFFFF,
  0x00FFFFFF, 0x00FFFFFF, 0x00FFFFFF, 0x00FFFFFF, 0xFFF0F8FF, 0xF9E4F1FB, 0xF7E3F1FF, 0xFFEEFCFF,
  0x8FF7FBFF, 0x00FFFFFF, 0x00FFFFFF, 0x00FFFFFF, 0x00FFFFFF, 0x00FFFFFF, 0x00FFFFFF, 0x00FFFFFF,
  0x00FFFFFF, 0x00FFFFFF, 0x00FFFFFF, 0x00FFFFFF, 0x00FFFFFF, 0x00FFFFFF, 0x00FFFFFF, 0x00FFFFFF,
  0x00FFFFFF, 0x00FFFFFF, 0x00FFFFFF, 0x00FFFFFF, 0x00FFFFFF, 0x00FFFFFF, 0x00FFFFFF, 0x00FFFFFF,
  0x00FFFFFF, 0x00FFFFFF, 0x00FFFFFF, 0x00FFFFFF, 0x00FFFFFF, 0x00FFFFFF, 0x00FFFFFF, 0x00FFFFFF,
  0x00FFFFFF, 0x00FFFFFF, 0x00FFFFFF, 0x00FFFFFF, 0x00FFFFFF, 0x00FFFFFF, 0x00FFFFFF, 0x00FFFFFF,
  0x00FFFFFF, 0x00FFFFFF, 0x00FFFFFF, 0x00FFFFFF, 0x00FFFFFF, 0x00FFFFFF, 0x00FFFFFF, 0x00FFFFFF,
  0x00FFFFFF, 0x00FFFFFF, 0x00FFFFFF, 0x00FFFFFF, 0x00FFFFFF, 0xF7E4F0FB, 0xF9E4F0FD, 0xFFF4FEFF,
  0x73F3F7FB, 0x00FFFFFF, 0x00FFFFFF, 0x00FFFFFF, 0x00FFFFFF, 0x00FFFFFF, 0x00FFFFFF, 0x00FFFFFF,
  0x00FFFFFF, 0x00FFFFFF, 0x00FFFFFF, 0x00FFFFFF, 0x00FFFFFF, 0x00FFFFFF, 0x00FFFFFF, 0x00FFFFFF,
  0x00FFFFFF, 0x00FFFFFF, 0x00FFFFFF, 0x00FFFFFF, 0x00FFFFFF, 0x00FFFFFF, 0x00FFFFFF, 0x00FFFFFF,
  0x00FFFFFF, 0x00FFFFFF, 0x00FFFFFF, 0x00FFFFFF, 0x00FFFFFF, 0x00FFFFFF, 0x00FFFFFF, 0x00FFFFFF,
  0x00FFFFFF, 0x00FFFFFF, 0x00FFFFFF, 0x00FFFFFF, 0x00FFFFFF, 0x00FFFFFF, 0x00FFFFFF, 0x00FFFFFF,
  0x00FFFFFF, 0x00FFFFFF, 0x00FFFFFF, 0x00FFFFFF, 0x00FFFFFF, 0x00FFFFFF, 0x00FFFFFF, 0x00FFFFFF,
  0x00FFFFFF, 0x00FFFFFF, 0x00FFFFFF, 0x79F2F7FC, 0xFFF4FDFF, 0xF9E3F1FD, 0xF7E4F0FF, 0xFFF8FFFF,
  0x29F6FAFD, 0x00FFFFFF, 0x00FFFFFF, 0x00FFFFFF, 0x00FFFFFF, 0x00FFFFFF, 0x00FFFFFF, 0x00FFFFFF,
  0x00FFFFFF, 0x00FFFFFF, 0x00FFFFFF, 0x00FFFFFF, 0x00FFFFFF, 0x00FFFFFF, 0x00FFFFFF, 0x00FFFFFF,
  0x00FFFFFF, 0x00FFFFFF, 0x00FFFFFF, 0x00FFFFFF, 0x00FFFFFF, 0x00FFFFFF, 0x00FFFFFF, 0x00FFFFFF,
  0x00FFFFFF, 0x00FFFFFF, 0x00FFFFFF, 0x00FFFFFF, 0x00FFFFFF, 0x00FFFFFF, 0x00FFFFFF, 0x00FFFFFF,
  0x00FFFFFF, 0x00FFFFFF, 0x00FFFFFF, 0x00FFFFFF, 0x00FFFFFF, 0x00FFFFFF, 0x00FFFFFF, 0x00FFFFFF,
  0x00FFFFFF, 0x00FFFFFF, 0x00FFFFFF, 0x00FFFFFF, 0x00FFFFFF, 0x00FFFFFF, 0x00FFFFFF, 0x00FFFFFF,
  0x00FFFFFF, 0x00FFFFFF, 0x00FFFFFF, 0xBAF4F7FC, 0xFFEEF9FF, 0xFBE4F1FD, 0xF7E4F1FF, 0xFFF7FFFF,
  0x2AF6FAFD, 0x00FFFFFF, 0x00FFFFFF, 0x00FFFFFF, 0x00FFFFFF, 0x00FFFFFF, 0x00FFFFFF, 0x00FFFFFF,
  0x00FFFFFF, 0xDAE1ECF6, 0xFFD6EBFC, 0xFFE1F5FF, 0x44F3F8FB, 0x00FFFFFF, 0x00FFFFFF, 0x00FFFFFF,
  0x00FFFFFF, 0x00FFFFFF, 0x00FFFFFF, 0x00FFFFFF, 0x00FFFFFF, 0x00FFFFFF, 0x00FFFFFF, 0x00FFFFFF,
  0x00FFFFFF, 0x00FFFFFF, 0x00FFFFFF, 0x00FFFFFF, 0x00FFFFFF, 0x00FFFFFF, 0x00FFFFFF, 0x00FFFFFF,
  0x00FFFFFF, 0x00FFFFFF, 0x00FFFFFF, 0x00FFFFFF, 0x00FFFFFF, 0x00FFFFFF, 0x00FFFFFF, 0x00FFFFFF,
  0x00FFFFFF, 0x00FFFFFF, 0x00FFFFFF, 0x00FFFFFF, 0x00FFFFFF, 0x00FFFFFF, 0x00FFFFFF, 0x00FFFFFF,
  0x00FFFFFF, 0x00FFFFFF, 0x00FFFFFF, 0xBAECF4FB, 0xFFEFF9FF, 0xFBE4F0FD, 0xF7E4F0FF, 0xFFF7FFFF,
  0x28F7FBFF, 0x00FFFFFF, 0x00FFFFFF, 0x00FFFFFF, 0x00FFFFFF, 0x00FFFFFF, 0x00FFFFFF, 0x00FFFFFF,
  0xDAE7F5FC, 0xFFD9EEFF, 0xF9CCE2F8, 0xFBCBE4F9, 0xFFE5F7FF, 0x00FFFFFF, 0x00FFFFFF, 0x00FFFFFF,
  0x00FFFFFF, 0x00FFFFFF, 0x00FFFFFF, 0x00FFFFFF, 0x00FFFFFF, 0x00FFFFFF, 0x00FFFFFF, 0x00FFFFFF,
  0x00FFFFFF, 0x00FFFFFF, 0x00FFFFFF, 0x00FFFFFF, 0x00FFFFFF, 0x00FFFFFF, 0x00FFFFFF, 0x00FFFFFF,
  0x00FFFFFF, 0x00FFFFFF, 0x00FFFFFF, 0x00FFFFFF, 0x00FFFFFF, 0x00FFFFFF, 0x00FFFFFF, 0x00FFFFFF,
  0x00FFFFFF, 0x00FFFFFF, 0x00FFFFFF, 0x00FFFFFF, 0x00FFFFFF, 0x00FFFFFF, 0x00FFFFFF, 0x00FFFFFF,
  0x00FFFFFF, 0x00FFFFFF, 0x00FFFFFF, 0xBAECF5FB, 0xFFEFF9FF, 0xFBE5F1FF, 0xF7E4F0FC, 0x00FFFFFF,
  0x00FFFFFF, 0x00FFFFFF, 0x00FFFFFF, 0x00FFFFFF, 0x00FFFFFF, 0x00FFFFFF, 0x00FFFFFF, 0x7BEDF7FC,
  0xFFDBF3FF, 0xF5C8E5FD, 0xFFCCE5FD, 0xF5CBE5FC, 0xFFDFF5FF, 0x00FFFFFF, 0x00FFFFFF, 0x00FFFFFF,
  0x00FFFFFF, 0x00FFFFFF, 0x00FFFFFF, 0x00FFFFFF, 0x00FFFFFF, 0x00FFFFFF, 0x00FFFFFF, 0x00FFFFFF,
  0x00FFFFFF, 0x00FFFFFF, 0x00FFFFFF, 0x00FFFFFF, 0x00FFFFFF, 0x00FFFFFF, 0x00FFFFFF, 0x00FFFFFF,
  0x00FFFFFF, 0x00FFFFFF, 0x00FFFFFF, 0x00FFFFFF, 0x00FFFFFF, 0x00FFFFFF, 0x00FFFFFF, 0x00FFFFFF,
  0x00FFFFFF, 0x00FFFFFF, 0x00FFFFFF, 0x00FFFFFF, 0x00FFFFFF, 0x00FFFFFF, 0x00FFFFFF, 0x00FFFFFF,
  0x00FFFFFF, 0x00FFFFFF, 0x00FFFFFF, 0xD9EBF4FA, 0xFFEAF5FF, 0xFBE5F1FF, 0xFBE4F0FC, 0xFFF1FBFF,
  0x00FFFFFF, 0x00FFFFFF, 0x00FFFFFF, 0x00FFFFFF, 0x00FFFFFF, 0x00FFFFFF, 0x45F2F9FD, 0xFFE4F7FF,
  0xF7CAE4FA, 0xFFC9E7FF, 0xFFCBE5FC, 0xFDCBE3FA, 0xF9DBEEFB, 0x00FFFFFF, 0x00FFFFFF, 0x00FFFFFF,
  0x00FFFFFF, 0x00FFFFFF, 0x00FFFFFF, 0x00FFFFFF, 0x00FFFFFF, 0x00FFFFFF, 0x00FFFFFF, 0x00FFFFFF,
  0x00FFFFFF, 0x00FFFFFF, 0x00FFFFFF, 0x00FFFFFF, 0x00FFFFFF, 0x00FFFFFF, 0x00FFFFFF, 0x00FFFFFF,
  0x00FFFFFF, 0x00FFFFFF, 0x00FFFFFF, 0x00FFFFFF, 0x00FFFFFF, 0x00FFFFFF, 0x00FFFFFF, 0x00FFFFFF,
  0x00FFFFFF, 0x00FFFFFF, 0x00FFFFFF, 0x00FFFFFF, 0x00FFFFFF, 0x00FFFFFF, 0x00FFFFFF, 0x00FFFFFF,
  0x00FFFFFF, 0x00FFFFFF, 0x00FFFFFF, 0xFFF6FEFF, 0xFBE3EFFB, 0xFDE4F0FF, 0xFFE7F3FF, 0xEDE8F1FA,
  0x00FFFFFF, 0x00FFFFFF, 0x00FFFFFF, 0x00FFFFFF, 0x00FFFFFF, 0x00FFFFFF, 0xE4DBECF9, 0xFFCFE5FA,
  0xFDCBE4FA, 0xFFCCE5FC, 0xF7CBE3F9, 0xFFE1F6FF, 0x61F3F9FD, 0x00FFFFFF, 0x00FFFFFF, 0x00FFFFFF,
  0x00FFFFFF, 0x00FFFFFF, 0x00FFFFFF, 0x00FFFFFF, 0x00FFFFFF, 0x00FFFFFF, 0x00FFFFFF, 0x00FFFFFF,
  0x00FFFFFF, 0x00FFFFFF, 0x00FFFFFF, 0x00FFFFFF, 0x5FE0F6FD, 0xF178B1E6, 0xCC4C9BE4, 0xF57DBEEB,
  0x45EDFBFD, 0x00FFFFFF, 0x00FFFFFF, 0x00FFFFFF, 0x00FFFFFF, 0x00FFFFFF, 0x00FFFFFF, 0x00FFFFFF,
  0x00FFFFFF, 0x00FFFFFF, 0x00FFFFFF, 0x00FFFFFF, 0x00FFFFFF, 0x00FFFFFF, 0x00FFFFFF, 0x00FFFFFF,
  0x00FFFFFF, 0x00FFFFFF, 0x00FFFFFF, 0xFFF2FCFF, 0xFBE4F0FC, 0xFDE4F1FF, 0xFFE6F3FF, 0xEFEFF4FB,
  0x00FFFFFF, 0x00FFFFFF, 0x00FFFFFF, 0x00FFFFFF, 0x00FFFFFF, 0xBAE4F0FB, 0xFFD3EBFF, 0xFBCDE3F8,
  0xFFCEE4FA, 0xF9CBE4FB, 0xFFD6EFFF, 0x9AE9F6FD, 0x00FFFFFF, 0x00FFFFFF, 0x00FFFFFF, 0x00FFFFFF,
  0x00FFFFFF, 0x00FFFFFF, 0x00FFFFFF, 0x00FFFFFF, 0x00FFFFFF, 0x00FFFFFF, 0x00FFFFFF, 0x00FFFFFF,
  0x00FFFFFF, 0x00FFFFFF, 0x00FFFFFF, 0x00FFFFFF, 0xFB5BA8E4, 0xFF0071DA, 0xFD037CEC, 0xFD0178E0,
  0xFF419BE3, 0x80C6E5F6, 0x00FFFFFF, 0x00FFFFFF, 0x00FFFFFF, 0x00FFFFFF, 0x00FFFFFF, 0x00FFFFFF,
  0x00FFFFFF, 0x00FFFFFF, 0x00FFFFFF, 0x00FFFFFF, 0x00FFFFFF, 0x00FFFFFF, 0x00FFFFFF, 0x00FFFFFF,
  0x00FFFFFF, 0x00FFFFFF, 0x00FFFFFF, 0xFFF3FDFF, 0xFBE4F0FB, 0xFBE4F0FC, 0xFFF0FAFF, 0xA5EFF4F9,
  0x00FFFFFF, 0x00FFFFFF, 0x00FFFFFF, 0x00FFFFFF, 0x69F1FAFF, 0xFFE1F7FF, 0xF7CAE4FB, 0xFFCEE5F9,
  0xFDCDE3F9, 0xFFCCE5FB, 0xF3E2F4FC, 0x00FFFFFF, 0x00FFFFFF, 0x00FFFFFF, 0x00FFFFFF, 0x00FFFFFF,
  0x00FFFFFF, 0x00FFFFFF, 0x00FFFFFF, 0x00FFFFFF, 0x00FFFFFF, 0x00FFFFFF, 0x00FFFFFF, 0x00FFFFFF,
  0x00FFFFFF, 0x00FFFFFF, 0x00FFFFFF, 0xFFECF1F8, 0xF71179D9, 0xFD0480E5, 0xFD067FE2, 0xFD0B7EE8,
  0xFB0275E6, 0xFF1A89E6, 0xF18ECAF3, 0x00FFFFFF, 0x00FFFFFF, 0x00FFFFFF, 0x00FFFFFF, 0x00FFFFFF,
  0x00FFFFFF, 0x00FFFFFF, 0x00FFFFFF, 0x00FFFFFF, 0x00FFFFFF, 0x00FFFFFF, 0x00FFFFFF, 0x00FFFFFF,
  0x00FFFFFF, 0x00FFFFFF, 0x00FFFFFF, 0xFFEEF9FF, 0xF9E4F1FD, 0xF9E4F0FC, 0xFFF4FDFF, 0x79F5F9FC,
  0x00FFFFFF, 0x00FFFFFF, 0x00FFFFFF, 0x56F4FBFE, 0xFFE7F9FF, 0xF5CDE4F8, 0xFFCCE5FC, 0xFFCBE5FC,
  0xFBC9E3FA, 0xFFE0F4FF, 0x2AF9FDFF, 0x00FFFFFF, 0x00FFFFFF, 0x00FFFFFF, 0x00FFFFFF, 0x00FFFFFF,
  0x00FFFFFF, 0x00FFFFFF, 0x00FFFFFF, 0x00FFFFFF, 0x00FFFFFF, 0x00FFFFFF, 0x00FFFFFF, 0x00FFFFFF,
  0x00FFFFFF, 0x00FFFFFF, 0x89FFFEF5, 0x88F0FBFD, 0xFF3691E8, 0xF90376E1, 0xFF0682E8, 0xFF027CEF,
  0xFF0A7DE4, 0xF9047EE2, 0xF90478DE, 0xFF51A9ED, 0x8BD9F0FB, 0x00FFFFFF, 0x00FFFFFF, 0x00FFFFFF,
  0x00FFFFFF, 0x00FFFFFF, 0x00FFFFFF, 0x00FFFFFF, 0x00FFFFFF, 0x00FFFFFF, 0x00FFFFFF, 0x00FFFFFF,
  0x00FFFFFF, 0x00FFFFFF, 0x00FFFFFF, 0x00FFFFFF, 0xF7E4F3FF, 0xF3E2F0FD, 0x00FFFFFF, 0x00FFFFFF,
  0x00FFFFFF, 0x00FFFFFF, 0x00FFFFFF, 0xFDE1F0FB, 0xFBCDE3F8, 0xFFCBE5FB, 0xFFCCE5FC, 0xF9CBE4FB,
  0xFFDCF3FF, 0x6CEFF8FE, 0x00FFFFFF, 0x00FFFFFF, 0x00FFFFFF, 0x00FFFFFF, 0x00FFFFFF, 0x00FFFFFF,
  0x00FFFFFF, 0x00FFFFFF, 0x00FFFFFF, 0x00FFFFFF, 0x00FFFFFF, 0x00FFFFFF, 0x00FFFFFF, 0x00FFFFFF,
  0x00FFFFFF, 0x00FFFFFF, 0x37FCFCF7, 0x00FFFFFF, 0xA8BADDF3, 0xFF2E91E7, 0xF50575E2, 0xFD0680E9,
  0xFF077EE3, 0xFF047FE6, 0xFD097DE5, 0xF90375DF, 0xFF3096ED, 0xB5AFD7F2, 0x00FFFFFF, 0x00FFFFFF,
  0x00FFFFFF, 0x00FFFFFF, 0x00FFFFFF, 0x00FFFFFF, 0x00FFFFFF, 0x00FFFFFF, 0x00FFFFFF, 0x00FFFFFF,
  0x00FFFFFF, 0x00FFFFFF, 0x00FFFFFF, 0x6BF1F8FC, 0xFDEEF9FD, 0xFFF5FFFF, 0xA6F0F7FC, 0x00FFFFFF,
  0x00FFFFFF, 0x00FFFFFF, 0xB9ECF7FD, 0xFFD5EBFF, 0xFBCBE3FA, 0xFFCCE5FA, 0xFBCCE3F9, 0xFFD4ECFF,
  0xABE9F6FD, 0x00FFFFFF, 0x00FFFFFF, 0x00FFFFFF, 0x00FFFFFF, 0x00FFFFFF, 0x00FFFFFF, 0x00FFFFFF,
  0x00FFFFFF, 0x00FFFFFF, 0x00FFFFFF, 0x00FFFFFF, 0x00FFFFFF, 0x00FFFFFF, 0x00FFFFFF, 0x00FFFFFF,
  0x00FFFFFF, 0x00FFFFFF, 0x00FFFFFF, 0x00FFFFFF, 0x00FFFFFF, 0xB4D3EDF8, 0xFF58ABF1, 0xF90578DB,
  0xFB047CE5, 0xFF077EEB, 0xFF047DE9, 0xFF087EE8, 0xF9037BE7, 0xF90B7BE0, 0xFF79BCF0, 0x5DECFCFF,
  0x00FFFFFF, 0x00FFFFFF, 0x00FFFFFF, 0x00FFFFFF, 0x00FFFFFF, 0x00FFFFFF, 0x00FFFFFF, 0x00FFFFFF,
  0x00FFFFFF, 0x00FFFFFF, 0x00FFFFFF, 0x00FFFFFF, 0x00FFFFFF, 0x00FFFFFF, 0x00FFFFFF, 0x00FFFFFF,
  0x00FFFFFF, 0x00FFFFFF, 0xFFDDEBF9, 0xF9CAE3FC, 0xFFCBE5FD, 0xFDCCE4FA, 0xFBCCE2F8, 0xFDE3F4FD,
  0x00FFFFFF, 0x00FFFFFF, 0x00FFFFFF, 0x00FFFFFF, 0x00FFFFFF, 0x00FFFFFF, 0x00FFFFFF, 0x00FFFFFF,
  0x00FFFFFF, 0xADE5F4FD, 0xCAD1E5F5, 0xF9D3E5F5, 0x4AEDF6FC, 0x00FFFFFF, 0x00FFFFFF, 0x00FFFFFF,
  0x00FFFFFF, 0x00FFFFFF, 0x00FFFFFF, 0x00FFFFFF, 0x00FFFFFF, 0x00FFFFFF, 0x42F6FFFF, 0xE688C8F3,
  0xFF1682E4, 0xF50577E4, 0xFF0782E6, 0xFF027EEA, 0xFF087DE9, 0xFD077DE7, 0xFB0273DE, 0xFF44A0E9,
  0xB7C6E6F6, 0x00FFFFFF, 0x00FFFFFF, 0x00FFFFFF, 0x00FFFFFF, 0x00FFFFFF, 0x00FFFFFF, 0x00FFFFFF,
  0x00FFFFFF, 0x00FFFFFF, 0x00FFFFFF, 0x00FFFFFF, 0x00FFFFFF, 0x00FFFFFF, 0x00FFFFFF, 0x00FFFFFF,
  0x00FFFFFF, 0x00FFFFFF, 0xE4E7F5FF, 0xFFD0E7FD, 0xF3CBE5FD, 0xF7CBE3FC, 0xFFE9FAFF, 0x00FFFFFF,
  0x00FFFFFF, 0x00FFFFFF, 0x00FFFFFF, 0x00FFFFFF, 0x00FFFFFF, 0x00FFFFFF, 0x00FFFFFF, 0x61E0EDF6,
  0xFFCDEBFC, 0xFDB7E0F9, 0xFFB4DCFC, 0xF7B1D9FB, 0xFFD4F6FF, 0x34EFF8FC, 0x00FFFFFF, 0x00FFFFFF,
  0x00FFFFFF, 0x00FFFFFF, 0x00FFFFFF, 0x00FFFFFF, 0x00FFFFFF, 0x00FFFFFF, 0x00FFFFFF, 0x00FFFFFF,
  0xA6C6EAFC, 0xFF48A3F4, 0xF3066FE4, 0xFD077FE7, 0xFF0380EC, 0xFF027FE2, 0xFF0680E3, 0xF50575E5,
  0xFF3699EE, 0x5FE7F8FF, 0x00FFFFFF, 0x00FFFFFF, 0x00FFFFFF, 0x00FFFFFF, 0x00FFFFFF, 0x00FFFFFF,
  0x00FFFFFF, 0x00FFFFFF, 0x00FFFFFF, 0x00FFFFFF, 0x00FFFFFF, 0x00FFFFFF, 0x00FFFFFF, 0x00FFFFFF,
  0x00FFFFFF, 0x00FFFFFF, 0x31F4F8FC, 0xFDDEEDF8, 0xFBE3F5FF, 0xFFE4F5FF, 0x6BEDF5FC, 0x00FFFFFF,
  0x00FFFFFF, 0x00FFFFFF, 0x00FFFFFF, 0x00FFFFFF, 0x1EF4F9FB, 0x89D6E8F4, 0xFFC7E7FB, 0xFFBFE6FF,
  0xFBB1D5FA, 0xFBB6D6F9, 0xFDB5D8F2, 0xF9B3DAF4, 0xFFB8DCFE, 0x9EDCEBF9, 0x00FFFFFF, 0x00FFFFFF,
  0x00FFFFFF, 0x00FFFFFF, 0x00FFFFFF, 0x00FFFFFF, 0x00FFFFFF, 0x00FFFFFF, 0x00FFFFFF, 0x00FFFFFF,
  0x00FFFFFF, 0x68EEFEFF, 0xFF79BCF5, 0xF90D77DD, 0xF9037CE4, 0xFF097FE5, 0xFF077BE4, 0xFD0881E8,
  0xFF0475DC, 0xD7B3D6EC, 0x00FFFFFF, 0x00FFFFFF, 0x00FFFFFF, 0x00FFFFFF, 0x00FFFFFF, 0x00FFFFFF,
  0x00FFFFFF, 0x00FFFFFF, 0x00FFFFFF, 0x00FFFFFF, 0x00FFFFFF, 0x00FFFFFF, 0x00FFFFFF, 0x00FFFFFF,
  0x00FFFFFF, 0x00FFFFFF, 0x00FFFFFF, 0x00FFFFFF, 0x21F6FAFC, 0x00FFFFFF, 0x00FFFFFF, 0x00FFFFFF,
  0x00FFFFFF, 0x00FFFFFF, 0x58EBF5FB, 0xC7CFE5F5, 0xFFC9ECFF, 0xFFBAE4FE, 0xFBAED8FC, 0xF7B2D9FA,
  0xFFB8D7F3, 0xFFB6D8F8, 0xFBB4D8FB, 0xF3B2D8F9, 0xFFC7E9FF, 0x70E8F6FE, 0x00FFFFFF, 0x00FFFFFF,
  0x00FFFFFF, 0x00FFFFFF, 0x00FFFFFF, 0x00FFFFFF, 0x00FFFFFF, 0x00FFFFFF, 0x00FFFFFF, 0x00FFFFFF,
  0x00FFFFFF, 0x00FFFFFF, 0x00FFFFFF, 0xD9A6D6F5, 0xFF2A8EED, 0xF90373E5, 0xF9057EE9, 0xF1077CEB,
  0xFF1983E4, 0x83CDE4F1, 0x00FFFFFF, 0x00FFFFFF, 0x00FFFFFF, 0x00FFFFFF, 0x00FFFFFF, 0x00FFFFFF,
  0x00FFFFFF, 0x00FFFFFF, 0x00FFFFFF, 0x00FFFFFF, 0x00FFFFFF, 0x00FFFFFF, 0x00FFFFFF, 0x00FFFFFF,
  0x00FFFFFF, 0x00FFFFFF, 0x00FFFFFF, 0x00FFFFFF, 0x00FFFFFF, 0x00FFFFFF, 0x00FFFFFF, 0x00FFFFFF,
  0xA8E2F0F9, 0xF3CEE6F8, 0xFFC7E9FF, 0xFFB5DDFE, 0xF7B2D6FC, 0xF9B7D7F8, 0xFFB7D8F4, 0xFFB4D9F5,
  0xF9B1DBF8, 0xF9AED8F6, 0xFFB6DCFC, 0xFDC2E0FB, 0xE9CCE3F3, 0x00FFFFFF, 0x00FFFFFF, 0x00FFFFFF,
  0x00FFFFFF, 0x00FFFFFF, 0x00FFFFFF, 0x00FFFFFF, 0x00FFFFFF, 0x00FFFFFF, 0x00FFFFFF, 0x00FFFFFF,
  0x00FFFFFF, 0x00FFFFFF, 0x11F7FBFE, 0x00FFFFFF, 0xAAD5ECF8, 0xFF5AAAEC, 0xFD258BE0, 0xF73093E5,
  0xFF95D1F9, 0x00FFFFFF, 0x00FFFFFF, 0x00FFFFFF, 0x00FFFFFF, 0x00FFFFFF, 0x00FFFFFF, 0x00FFFFFF,
  0x00FFFFFF, 0x00FFFFFF, 0x00FFFFFF, 0x00FFFFFF, 0x00FFFFFF, 0x00FFFFFF, 0x00FFFFFF, 0x00FFFFFF,
  0x00FFFFFF, 0x00FFFFFF, 0x00FFFFFF, 0x00FFFFFF, 0x00FFFFFF, 0x00FFFFFF, 0x00FFFFFF, 0xCAE1F3FD,
  0xFFC3E7FF, 0xF9B2D7F7, 0xF5B4DAF9, 0xFBB3D9F9, 0xFFB5D8F7, 0xFDB5D8F8, 0xF7B5D9F9, 0xFBB1D5F7,
  0xFFBAE1FE, 0xFFC6E6FB, 0xE9CEE1F2, 0x36EEF5FB, 0x00FFFFFF, 0x00FFFFFF, 0x00FFFFFF, 0x00FFFFFF,
  0x00FFFFFF, 0x00FFFFFF, 0x00FFFFFF, 0x00FFFFFF, 0x00FFFFFF, 0x00FFFFFF, 0x00FFFFFF, 0x00FFFFFF,
  0x00FFFFFF, 0x00FFFFFF, 0x00FFFFFF, 0x00FFFFFF, 0x00FFFFFF, 0x00FFFFFF, 0x88DBEDF3, 0x2CE5F3F7,
  0x00FFFFFF, 0x00FFFFFF, 0x00FFFFFF, 0x00FFFFFF, 0x00FFFFFF, 0x00FFFFFF, 0x00FFFFFF, 0x00FFFFFF,
  0x00FFFFFF, 0x00FFFFFF, 0x00FFFFFF, 0x00FFFFFF, 0x00FFFFFF, 0x00FFFFFF, 0x00FFFFFF, 0x00FFFFFF,
  0x00FFFFFF, 0x00FFFFFF, 0x00FFFFFF, 0x00FFFFFF, 0x00FFFFFF, 0x00FFFFFF, 0x00FFFFFF, 0xFFCEE6FD,
  0xF3AED9FC, 0xFFB3D9F8, 0xFFB6D8F2, 0xFFB5D9F6, 0xF9B0D8F9, 0xFDADD9FC, 0xFDBCE5FF, 0xFFD0E9FD,
  0xABD9E5F4, 0x1CF4F9FE, 0x00FFFFFF, 0x00FFFFFF, 0x00FFFFFF, 0x00FFFFFF, 0x00FFFFFF, 0x00FFFFFF,
  0x95B3D3EF, 0xFF98CDF0, 0xD7A6CEEB, 0xB9ACD5F1, 0x5FBFDFF6, 0x44D2E8F7, 0x47DEF1FA, 0x51EBF7FC,
  0x00FFFFFF, 0x00FFFFFF, 0x00FFFFFF, 0x00FFFFFF, 0x00FFFFFF, 0x00FFFFFF, 0x00FFFFFF, 0x00FFFFFF,
  0x00FFFFFF, 0x00FFFFFF, 0x00FFFFFF, 0x00FFFFFF, 0x00FFFFFF, 0x00FFFFFF, 0x00FFFFFF, 0x00FFFFFF,
  0x00FFFFFF, 0x00FFFFFF, 0x00FFFFFF, 0x00FFFFFF, 0x00FFFFFF, 0x00FFFFFF, 0x00FFFFFF, 0x00FFFFFF,
  0x00FFFFFF, 0x00FFFFFF, 0x00FFFFFF, 0x00FFFFFF, 0x00FFFFFF, 0x00FFFFFF, 0x00FFFFFF, 0xFFCCE4FA,
  0xF7ADD6F9, 0xF5B4DBFA, 0xF9B3D8F7, 0xFBAFD5F7, 0xFFC6E6FF, 0xEDCCE5F8, 0x94DEEEF9, 0x1BF9FDFE,
  0x00FFFFFF, 0x00FFFFFF, 0x00FFFFFF, 0x00FFFFFF, 0x00FFFFFF, 0x00FFFFFF, 0x00FFFFFF, 0x00FFFFFF,
  0xFF278EEF, 0xFB157EE3, 0xFD1885E6, 0xFF1B8EED, 0xFF2899F7, 0xFF359DF6, 0xFF3EA1F5, 0xFF4EA9F6,
  0xFF53A8EB, 0xFD5FADEA, 0xFF86C5F6, 0xE095C9ED, 0xAAA9D1EB, 0x37EBF9FD, 0x00FFFFFF, 0x00FFFFFF,
  0x00FFFFFF, 0x00FFFFFF, 0x00FFFFFF, 0x00FFFFFF, 0x00FFFFFF, 0x00FFFFFF, 0x00FFFFFF, 0x00FFFFFF,
  0x00FFFFFF, 0x00FFFFFF, 0x00FFFFFF, 0x00FFFFFF, 0x00FFFFFF, 0x00FFFFFF, 0x00FFFFFF, 0x00FFFFFF,
  0x00FFFFFF, 0x00FFFFFF, 0x00FFFFFF, 0x00FFFFFF, 0x00FFFFFF, 0x00FFFFFF, 0x00FFFFFF, 0x83E4F3FE,
  0xFFD6F7FF, 0xF9C9E8FF, 0xFDC5E6FF, 0xFFD1EFFF, 0x69EAF3FA, 0x00FFFFFF, 0x00FFFFFF, 0x00FFFFFF,
  0x00FFFFFF, 0x00FFFFFF, 0x00FFFFFF, 0x00FFFFFF, 0x00FFFFFF, 0x00FFFFFF, 0x00FFFFFF, 0x00FFFFFF,
  0xF92089EF, 0xFF2289EE, 0xFD2189E8, 0xFB218BE4, 0xF91C89E9, 0xF71C88E7, 0xF71A88E7, 0xF71886E6,
  0xFB1584E6, 0xFD1184E5, 0xF91181E1, 0xFD1583EA, 0xF71D8BE8, 0xFF82C5FA, 0x2FF5FFFF, 0x00FFFFFF,
  0x00FFFFFF, 0x00FFFFFF, 0x00FFFFFF, 0x00FFFFFF, 0x00FFFFFF, 0x00FFFFFF, 0x00FFFFFF, 0x00FFFFFF,
  0x00FFFFFF, 0x00FFFFFF, 0x00FFFFFF, 0x00FFFFFF, 0x00FFFFFF, 0x00FFFFFF, 0x00FFFFFF, 0x00FFFFFF,
  0x00FFFFFF, 0x00FFFFFF, 0x00FFFFFF, 0x00FFFFFF, 0x00FFFFFF, 0x00FFFFFF, 0x00FFFFFF, 0x00FFFFFF,
  0x3FF0F8FB, 0x56E7F0F7, 0x2EF2F7FC, 0x00FFFFFF, 0x00FFFFFF, 0x00FFFFFF, 0x00FFFFFF, 0x00FFFFFF,
  0x00FFFFFF, 0x00FFFFFF, 0x00FFFFFF, 0x00FFFFFF, 0x00FFFFFF, 0x00FFFFFF, 0x00FFFFFF, 0x00FFFFFF,
  0xFB1A89EC, 0xFD208AEA, 0xFD1A8DEB, 0xFD2389E7, 0xFD2189EB, 0xFF1E8BEB, 0xFF208BEA, 0xFF218BE8,
  0xFF218AE5, 0xFF1F8BE8, 0xFF248AEA, 0xFD1E8CEA, 0xF3178FF3, 0xFF248AED, 0x7BBCD9EB, 0x00FFFFFF,
  0x00FFFFFF, 0x00FFFFFF, 0x00FFFFFF, 0x00FFFFFF, 0x00FFFFFF, 0x00FFFFFF, 0x00FFFFFF, 0x00FFFFFF,
  0x00FFFFFF, 0x00FFFFFF, 0x00FFFFFF, 0x00FFFFFF, 0x00FFFFFF, 0x00FFFFFF, 0x00FFFFFF, 0x00FFFFFF,
  0x00FFFFFF, 0x00FFFFFF, 0x00FFFFFF, 0x00FFFFFF, 0x00FFFFFF, 0x00FFFFFF, 0x00FFFFFF, 0x00FFFFFF,
  0x00FFFFFF, 0x00FFFFFF, 0x00FFFFFF, 0x00FFFFFF, 0x00FFFFFF, 0x00FFFFFF, 0x00FFFFFF, 0x00FFFFFF,
  0x00FFFFFF, 0x00FFFFFF, 0x00FFFFFF, 0x00FFFFFF, 0x00FFFFFF, 0x00FFFFFF, 0x00FFFFFF, 0x00FFFFFF,
  0xFF3291E3, 0xFF1886E1, 0xFF1488E4, 0xFF1486EB, 0xFF1786EF, 0xF91485E8, 0xF71486E9, 0xF71788EC,
  0xF7198AEC, 0xF7198CED, 0xF7218BEA, 0xF7238BE8, 0xF52089E6, 0xFF218DF0, 0xAAC6E1F5, 0x00FFFFFF,
  0x00FFFFFF, 0x00FFFFFF, 0x00FFFFFF, 0x00FFFFFF, 0x00FFFFFF, 0x00FFFFFF, 0x00FFFFFF, 0x00FFFFFF,
  0x00FFFFFF, 0x00FFFFFF, 0x00FFFFFF, 0x00FFFFFF, 0x00FFFFFF, 0x00FFFFFF, 0x00FFFFFF, 0x00FFFFFF,
  0x00FFFFFF, 0x00FFFFFF, 0x00FFFFFF, 0x00FFFFFF, 0x00FFFFFF, 0x00FFFFFF, 0x00FFFFFF, 0x00FFFFFF,
  0x00FFFFFF, 0x00FFFFFF, 0x00FFFFFF, 0x00FFFFFF, 0x00FFFFFF, 0x00FFFFFF, 0x00FFFFFF, 0x00FFFFFF,
  0x00FFFFFF, 0x00FFFFFF, 0x00FFFFFF, 0x00FFFFFF, 0x00FFFFFF, 0x00FFFFFF, 0x00FFFFFF, 0x00FFFFFF,
  0xB0D0E7F2, 0xDEA5CFEC, 0xE08CC2EE, 0xE075B8EC, 0xDE66ADEA, 0xF564B1F0, 0xFF5CAEF4, 0xFF49A3EF,
  0xFF3B9BEF, 0xFF3096F2, 0xFF2791F0, 0xFF2191F9, 0xFF198BF4, 0xFF6DAAE2, 0x5DF4FEFE, 0x00FFFFFF,
  0x00FFFFFF, 0x00FFFFFF, 0x00FFFFFF, 0x00FFFFFF, 0x00FFFFFF, 0x00FFFFFF, 0x00FFFFFF, 0x00FFFFFF,
  0x00FFFFFF, 0x00FFFFFF, 0x00FFFFFF, 0x00FFFFFF, 0x00FFFFFF, 0x00FFFFFF, 0x00FFFFFF, 0x00FFFFFF,
  0x00FFFFFF, 0x00FFFFFF, 0x00FFFFFF, 0x00FFFFFF, 0x00FFFFFF, 0x00FFFFFF, 0x00FFFFFF, 0x00FFFFFF,
  0x00FFFFFF, 0x94D4E7F6, 0xFFBEE1F9, 0xBEBED8EE, 0x74C8E0F4, 0x7BD2E7F9, 0x78DAECFA, 0x7FE0F1FB,
  0x2FE9F5FF, 0x1AF1F8FD, 0x22F6FAFD, 0x00FFFFFF, 0x00FFFFFF, 0x00FFFFFF, 0x00FFFFFF, 0x00FFFFFF,
  0x00FFFFFF, 0x00FFFFFF, 0x00FFFFFF, 0x00FFFFFF, 0x00FFFFFF, 0x00FFFFFF, 0x1DF7FCFC, 0x4DEAF9FB,
  0x82DBF1F9, 0x78C9E5F7, 0x7CB6D8EF, 0x70A2C9F0, 0xB5AFD5F6, 0x63F3FDFD, 0x00FFFFFF, 0x00FFFFFF,
  0x00FFFFFF, 0x00FFFFFF, 0x00FFFFFF, 0x00FFFFFF, 0x00FFFFFF, 0x00FFFFFF, 0x00FFFFFF, 0x00FFFFFF,
  0x00FFFFFF, 0x00FFFFFF, 0x00FFFFFF, 0x00FFFFFF, 0x00FFFFFF, 0x00FFFFFF, 0x00FFFFFF, 0x00FFFFFF,
  0x00FFFFFF, 0x00FFFFFF, 0x00FFFFFF, 0x00FFFFFF, 0x00FFFFFF, 0x00FFFFFF, 0x00FFFFFF, 0x00FFFFFF,
  0xC1D3EBFC, 0xFFA6D7FF, 0xF992CAF9, 0xFF9BD0FC, 0xFFA4D8FF, 0xFFA5D7FF, 0xFFA8D7FF, 0xFFABD8FF,
  0xFFAFDBFF, 0xFFB5DBFF, 0xFFBBDFFF, 0xF7BCDEFB, 0xF7C8E3FB, 0xF5C9E1EF, 0x9EE6F4FA, 0x00FFFFFF,
  0x00FFFFFF, 0x00FFFFFF, 0x00FFFFFF, 0x00FFFFFF, 0x00FFFFFF, 0x00FFFFFF, 0x00FFFFFF, 0x00FFFFFF,
  0x00FFFFFF, 0x00FFFFFF, 0x00FFFFFF, 0x00FFFFFF, 0x00FFFFFF, 0x00FFFFFF, 0x00FFFFFF, 0x00FFFFFF,
  0x00FFFFFF, 0x00FFFFFF, 0x00FFFFFF, 0x00FFFFFF, 0x00FFFFFF, 0x00FFFFFF, 0x00FFFFFF, 0x00FFFFFF,
  0x00FFFFFF, 0x00FFFFFF, 0x00FFFFFF, 0x00FFFFFF, 0x00FFFFFF, 0x00FFFFFF, 0x00FFFFFF, 0x00FFFFFF,
  0x00FFFFFF, 0x00FFFFFF, 0x00FFFFFF, 0x00FFFFFF, 0x00FFFFFF, 0x00FFFFFF, 0x00FFFFFF, 0x00FFFFFF,
  0xFFB7D7F2, 0xF595C8F5, 0xFFA2CAF1, 0xFB9FCAF3, 0xF79CCCF5, 0xF79CCCF5, 0xF79BCCF6, 0xF79BCCF5,
  0xF79BCBF4, 0xF797CCF5, 0xF795CBF5, 0xF996CAF7, 0xF997C9F5, 0xF79BC7F5, 0xFFBCE1FF, 0x4CF4FDFF,
  0x00FFFFFF, 0x00FFFFFF, 0x00FFFFFF, 0x00FFFFFF, 0x00FFFFFF, 0x00FFFFFF, 0x00FFFFFF, 0x00FFFFFF,
  0x00FFFFFF, 0x00FFFFFF, 0x00FFFFFF, 0x00FFFFFF, 0x00FFFFFF, 0x00FFFFFF, 0x00FFFFFF, 0x00FFFFFF,
  0x00FFFFFF, 0x00FFFFFF, 0x00FFFFFF, 0x00FFFFFF, 0x00FFFFFF, 0x00FFFFFF, 0x00FFFFFF, 0x00FFFFFF,
  0x00FFFFFF, 0x00FFFFFF, 0x00FFFFFF, 0x00FFFFFF, 0x00FFFFFF, 0x00FFFFFF, 0x00FFFFFF, 0x00FFFFFF,
  0x00FFFFFF, 0x00FFFFFF, 0x00FFFFFF, 0x00FFFFFF, 0x00FFFFFF, 0x00FFFFFF, 0x00FFFFFF, 0x00FFFFFF,
  0xD5C6E4FA, 0xFF98CCF9, 0xF598C9F6, 0xF99BCAF5, 0xFB9DC9F1, 0xFB9DCAF3, 0xFB9CCAF3, 0xFB9CCAF4,
  0xFF9ACBF6, 0xFF9DCBF2, 0xFF9DCBF1, 0xFF9ACBF3, 0xFF9ACCF6, 0xFB9BCCF6, 0xFF9DCAF0, 0xB9DAEAF1,
  0x00FFFFFF, 0x00FFFFFF, 0x00FFFFFF, 0x00FFFFFF, 0x00FFFFFF, 0x00FFFFFF, 0x00FFFFFF, 0x00FFFFFF,
  0x00FFFFFF, 0x00FFFFFF, 0x45F5FEFE, 0x9ABDDDF3, 0xF18BC3ED, 0xF98CC5EE, 0x7BD3E9F7, 0x00FFFFFF,
  0x00FFFFFF, 0x00FFFFFF, 0x00FFFFFF, 0x00FFFFFF, 0x00FFFFFF, 0x00FFFFFF, 0x00FFFFFF, 0x00FFFFFF,
  0x00FFFFFF, 0x00FFFFFF, 0x00FFFFFF, 0x00FFFFFF, 0x00FFFFFF, 0x00FFFFFF, 0x00FFFFFF, 0x00FFFFFF,
  0x00FFFFFF, 0x00FFFFFF, 0x00FFFFFF, 0x00FFFFFF, 0x00FFFFFF, 0x00FFFFFF, 0x00FFFFFF, 0x00FFFFFF,
  0x4AEBF4FB, 0xFFBBDDF7, 0xFFAFDFFF, 0xFDA9D3F9, 0xFFA5D3FC, 0xFFA2D0FC, 0xFFA2D1FD, 0xFFA0D0FD,
  0xFD96C7F3, 0xFD97C6F2, 0xFD99C7F3, 0xFB9AC8F4, 0xFB9BC9F3, 0xF79ACAF1, 0xFFA4CEF2, 0xBCE3F0FB,
  0x00FFFFFF, 0x00FFFFFF, 0x00FFFFFF, 0x00FFFFFF, 0x00FFFFFF, 0x00FFFFFF, 0x00FFFFFF, 0x00FFFFFF,
  0x4AE9F7FB, 0xC3A8D3F4, 0xFD63B1F3, 0xFF399CEF, 0xFB2B8EE9, 0xF5228BE9, 0xFF64B6FD, 0x6FE3F8FE,
  0x00FFFFFF, 0x00FFFFFF, 0x00FFFFFF, 0x00FFFFFF, 0x00FFFFFF, 0x00FFFFFF, 0x00FFFFFF, 0x00FFFFFF,
  0x00FFFFFF, 0x00FFFFFF, 0x00FFFFFF, 0x00FFFFFF, 0x00FFFFFF, 0x00FFFFFF, 0x00FFFFFF, 0x00FFFFFF,
  0x00FFFFFF, 0x00FFFFFF, 0x00FFFFFF, 0x00FFFFFF, 0x00FFFFFF, 0x00FFFFFF, 0x00FFFFFF, 0x00FFFFFF,
  0x00FFFFFF, 0x11F9FDFF, 0x4CEEF6FA, 0x62E7F1F8, 0x9ED4EBFC, 0xB0CCE4F7, 0xAAC7DEF4, 0xB7C0DBF4,
  0xFFBEDDF9, 0xFFB5DBF7, 0xFFAED7F9, 0xFFAAD7FC, 0xFDAAD5FB, 0xFFB1D7FE, 0xEDC6E2FC, 0x00FFFFFF,
  0x00FFFFFF, 0x00FFFFFF, 0x00FFFFFF, 0x00FFFFFF, 0x00FFFFFF, 0x00FFFFFF, 0x56D9EEFA, 0xE094C6EE,
  0xFF5CACF5, 0xFD3195EC, 0xF92B8DE9, 0xF93393EA, 0xFF3495E7, 0xFB3798EC, 0xFF2A92E7, 0xABA1C9ED,
  0x00FFFFFF, 0x00FFFFFF, 0x00FFFFFF, 0x00FFFFFF, 0x00FFFFFF, 0x00FFFFFF, 0x00FFFFFF, 0x00FFFFFF,
  0x00FFFFFF, 0x00FFFFFF, 0x00FFFFFF, 0x00FFFFFF, 0x00FFFFFF, 0x00FFFFFF, 0x00FFFFFF, 0x00FFFFFF,
  0x00FFFFFF, 0x00FFFFFF, 0x00FFFFFF, 0x00FFFFFF, 0x00FFFFFF, 0x00FFFFFF, 0x00FFFFFF, 0x00FFFFFF,
  0x00FFFFFF, 0x00FFFFFF, 0x00FFFFFF, 0x00FFFFFF, 0x00FFFFFF, 0x00FFFFFF, 0x00FFFFFF, 0x00FFFFFF,
  0x00FFFFFF, 0x00FFFFFF, 0x00FFFFFF, 0x11F4FAFF, 0x1FEDF4F9, 0x24F0F7FB, 0x00FFFFFF, 0x00FFFFFF,
  0x00FFFFFF, 0x00FFFFFF, 0x00FFFFFF, 0x00FFFFFF, 0xDECAEAF7, 0xFF7EC3F3, 0xFD49A7FA, 0xFD2F8EEC,
  0xF92D8EE6, 0xFB2F98EB, 0xFF3194EC, 0xFF3494E9, 0xFD3096EE, 0xF13095EB, 0xFF3A97E7, 0x77BBE0FA,
  0x00FFFFFF, 0x00FFFFFF, 0x00FFFFFF, 0x00FFFFFF, 0x00FFFFFF, 0x00FFFFFF, 0x00FFFFFF, 0x00FFFFFF,
  0x00FFFFFF, 0x00FFFFFF, 0x00FFFFFF, 0x00FFFFFF, 0x00FFFFFF, 0x00FFFFFF, 0x00FFFFFF, 0x00FFFFFF,
  0x00FFFFFF, 0x00FFFFFF, 0x00FFFFFF, 0x00FFFFFF, 0x00FFFFFF, 0x00FFFFFF, 0x70DFF0FA, 0xA5C8E0F1,
  0x83DAE9F5, 0x00FFFFFF, 0x00FFFFFF, 0x00FFFFFF, 0x00FFFFFF, 0x00FFFFFF, 0x00FFFFFF, 0x00FFFFFF,
  0x00FFFFFF, 0x00FFFFFF, 0x00FFFFFF, 0x00FFFFFF, 0x00FFFFFF, 0x00FFFFFF, 0x00FFFFFF, 0x00FFFFFF,
  0x00FFFFFF, 0x2BF9FFFF, 0xCFB4D7EF, 0xFF6EB9F8, 0xFB3191ED, 0xFD298AE3, 0xF73094E4, 0xFD3096EB,
  0xFF2D95EE, 0xFF3095EC, 0xFD3595E8, 0xF72C93EA, 0xFB2493F2, 0xFD3DA0F4, 0xFF98CDFB, 0x1FF8FFFF,
  0x00FFFFFF, 0x00FFFFFF, 0x00FFFFFF, 0x00FFFFFF, 0x00FFFFFF, 0x00FFFFFF, 0x00FFFFFF, 0x00FFFFFF,
  0x00FFFFFF, 0x00FFFFFF, 0x00FFFFFF, 0x00FFFFFF, 0x00FFFFFF, 0x00FFFFFF, 0x00FFFFFF, 0x00FFFFFF,
  0x00FFFFFF, 0x00FFFFFF, 0x00FFFFFF, 0x00FFFFFF, 0x00FFFFFF, 0xD9D0EDFB, 0xFF94CFFF, 0xFB89C3FC,
  0xFF91C8FB, 0xF7ADD4F4, 0x23F0F8FD, 0x00FFFFFF, 0x00FFFFFF, 0x00FFFFFF, 0x00FFFFFF, 0x00FFFFFF,
  0x00FFFFFF, 0x00FFFFFF, 0x00FFFFFF, 0x00FFFFFF, 0x00FFFFFF, 0x00FFFFFF, 0x00FFFFFF, 0x00FFFFFF,
  0x00FFFFFF, 0xE2A6D2F5, 0xFF3293EA, 0xF72690E6, 0xFD3493E6, 0xFF3396E7, 0xFF2E97E5, 0xFF3195EA,
  0xFB3594EE, 0xF92D8DEA, 0xFD298FE9, 0xFF52AAF3, 0xE080BDEC, 0x73C7E4F5, 0x00FFFFFF, 0x00FFFFFF,
  0x00FFFFFF, 0x00FFFFFF, 0x00FFFFFF, 0x00FFFFFF, 0x00FFFFFF, 0x00FFFFFF, 0x00FFFFFF, 0x00FFFFFF,
  0x00FFFFFF, 0x00FFFFFF, 0x00FFFFFF, 0x00FFFFFF, 0x00FFFFFF, 0x00FFFFFF, 0x00FFFFFF, 0x00FFFFFF,
  0x00FFFFFF, 0x00FFFFFF, 0x00FFFFFF, 0x00FFFFFF, 0x00FFFFFF, 0xFFB1DFFF, 0xEF7ABBEF, 0xF982C2F2,
  0xF97BC1F5, 0xFB7AC0F6, 0xFF9ECFF3, 0xA0D3EAF5, 0x00FFFFFF, 0x00FFFFFF, 0x00FFFFFF, 0x00FFFFFF,
  0x00FFFFFF, 0x00FFFFFF, 0x00FFFFFF, 0x00FFFFFF, 0x00FFFFFF, 0x00FFFFFF, 0x00FFFFFF, 0x00FFFFFF,
  0x70E8FAFA, 0xFF54A4E3, 0xF52195F6, 0xFF3794E5, 0xFF3394E9, 0xFF3196EB, 0xF93393E9, 0xF92A8DEA,
  0xFF3395EA, 0xFF5DB2F2, 0xDE92C7EE, 0x74DCEFFA, 0x00FFFFFF, 0x00FFFFFF, 0x00FFFFFF, 0x00FFFFFF,
  0x66E1F2FA, 0xF3ACD3EE, 0xB0B3D6F3, 0x44EBF9FF, 0x00FFFFFF, 0x00FFFFFF, 0x00FFFFFF, 0x00FFFFFF,
  0x00FFFFFF, 0x00FFFFFF, 0x00FFFFFF, 0x00FFFFFF, 0x00FFFFFF, 0x00FFFFFF, 0x00FFFFFF, 0x00FFFFFF,
  0x00FFFFFF, 0x00FFFFFF, 0x00FFFFFF, 0x00FFFFFF, 0x00FFFFFF, 0xDC9EC8ED, 0xFF7EBDF5, 0xFD82BFF5,
  0xFF81BEF4, 0xFD84BDF0, 0xF97FBDF1, 0xFD8CC8FA, 0xFFC0E0F8, 0x32F5FCFE, 0x00FFFFFF, 0x00FFFFFF,
  0x00FFFFFF, 0x00FFFFFF, 0x00FFFFFF, 0x00FFFFFF, 0x00FFFFFF, 0x00FFFFFF, 0x00FFFFFF, 0x00FFFFFF,
  0x7BF0FBFC, 0xFF5EA5E9, 0xF32292EE, 0xF93196EF, 0xF73192ED, 0xF9268CE6, 0xFD3899EC, 0xFF6DB6F4,
  0xB4A9D2ED, 0x57EBFBFE, 0x00FFFFFF, 0x00FFFFFF, 0x00FFFFFF, 0x00FFFFFF, 0x00FFFFFF, 0x56DCF2FC,
  0xFF76C1FF, 0xF74698E6, 0xFB41A2F1, 0xFF8AD0FF, 0x1AF7FCFE, 0x00FFFFFF, 0x00FFFFFF, 0x00FFFFFF,
  0x00FFFFFF, 0x00FFFFFF, 0x00FFFFFF, 0x00FFFFFF, 0x00FFFFFF, 0x00FFFFFF, 0x00FFFFFF, 0x00FFFFFF,
  0x00FFFFFF, 0x00FFFFFF, 0x00FFFFFF, 0x00FFFFFF, 0x00FFFFFF, 0x82D8EEFD, 0xFF99D2FF, 0xF57CBAF1,
  0xFD80C0F2, 0xFF82BFF0, 0xFF82BFF3, 0xF981BEF2, 0xFB7EBDF1, 0xFFA7D5FC, 0xA0E2F2FA, 0x00FFFFFF,
  0x00FFFFFF, 0x00FFFFFF, 0x00FFFFFF, 0x00FFFFFF, 0x00FFFFFF, 0x00FFFFFF, 0x00FFFFFF, 0x00FFFFFF,
  0x00FFFFFF, 0xFDACD7F2, 0xFF449BEE, 0xFD3697F0, 0xFD4EA7F3, 0xFF7CC0F6, 0xC1BADFF3, 0x00FFFFFF,
  0x00FFFFFF, 0x00FFFFFF, 0x00FFFFFF, 0x00FFFFFF, 0x00FFFFFF, 0x00FFFFFF, 0x58F1FEFF, 0xFF7BBDF4,
  0xF33F99E9, 0xFD4AA0EC, 0xF548A1EE, 0xFF4AA2ED, 0x8BC3E2F7, 0x00FFFFFF, 0x00FFFFFF, 0x00FFFFFF,
  0x00FFFFFF, 0x00FFFFFF, 0x00FFFFFF, 0x00FFFFFF, 0x00FFFFFF, 0x00FFFFFF, 0x00FFFFFF, 0x3BEFF9FD,
  0xF9BADDF6, 0xCAAACDEB, 0xB5CDE7F8, 0x00FFFFFF, 0x00FFFFFF, 0x00FFFFFF, 0x9DD9EBF6, 0xFFA6D6FD,
  0xF77CBBF1, 0xF981BEF1, 0xFF81BFF4, 0xFF7FBFF8, 0xFD7FC0F4, 0xF77DBAF0, 0xFF98CAFA, 0xC1CDE6F5,
  0x00FFFFFF, 0x00FFFFFF, 0x00FFFFFF, 0x00FFFFFF, 0x00FFFFFF, 0x00FFFFFF, 0x00FFFFFF, 0x00FFFFFF,
  0x00FFFFFF, 0x00FFFFFF, 0x94D1E7F7, 0xA0B4D0E9, 0x4BD9ECF7, 0x00FFFFFF, 0x00FFFFFF, 0x00FFFFFF,
  0x00FFFFFF, 0x00FFFFFF, 0x00FFFFFF, 0x00FFFFFF, 0x00FFFFFF, 0x00FFFFFF, 0xFFA5D7FF, 0xF73E98EB,
  0xFF45A1F1, 0xFF44A1E9, 0xF9489FEE, 0xFF49A3F8, 0x97C5E2F7, 0x00FFFFFF, 0x00FFFFFF, 0x13F6FCFE,
  0xBCC5E2F6, 0xE8B3D3EE, 0x7FD3E8F6, 0x00FFFFFF, 0x00FFFFFF, 0x00FFFFFF, 0x00FFFFFF, 0xF1A1CCF0,
  0xFF6AB0F1, 0xFB6CB4F2, 0xFF7CC0FB, 0xCAD2ECFC, 0x00FFFFFF, 0x00FFFFFF, 0x00FFFFFF, 0x25F3FAFB,
  0xFDBADCF9, 0xFF92C8FC, 0xF97FBDF3, 0xFF80C0F6, 0xFF84BDF0, 0xFF85BEEF, 0xF97BBEF4, 0xFD82C1FA,
  0xFDAFD6F5, 0x44EDF8FB, 0x00FFFFFF, 0x00FFFFFF, 0x00FFFFFF, 0x00FFFFFF, 0x00FFFFFF, 0x00FFFFFF,
  0x00FFFFFF, 0x00FFFFFF, 0x00FFFFFF, 0x00FFFFFF, 0x00FFFFFF, 0x00FFFFFF, 0x00FFFFFF, 0x00FFFFFF,
  0x00FFFFFF, 0x00FFFFFF, 0x00FFFFFF, 0x00FFFFFF, 0x00FFFFFF, 0xE4BFE4F7, 0xFF459CE9, 0xFD499CED,
  0xFF469FEC, 0xFF45A2EE, 0xF54295E3, 0xFF83C4FC, 0x2DF8FFFF, 0x00FFFFFF, 0x27F9FEFF, 0xFFABD6F8,
  0xF95BA9F0, 0xF752A4F4, 0xFF71C0FF, 0xA8CDEEFD, 0x00FFFFFF, 0x00FFFFFF, 0x80E5F3FD, 0xFF7EC2FB,
  0xF76BB3F7, 0xFB75B5EF, 0xFF69B1F2, 0xEB8ABDEA, 0x00FFFFFF, 0x00FFFFFF, 0x00FFFFFF, 0x00FFFFFF,
  0x00FFFFFF, 0x77D2E4F5, 0xFF9CCDF7, 0xF77BBBEF, 0xFB7FC0F5, 0xFF84BEF3, 0xFF7FBFF5, 0xFB7CC0F4,
  0xF782BCF2, 0xFFB4DBFC, 0x3FF0FAFD, 0x00FFFFFF, 0x00FFFFFF, 0x00FFFFFF, 0x00FFFFFF, 0x00FFFFFF,
  0x00FFFFFF, 0x00FFFFFF, 0x00FFFFFF, 0x00FFFFFF, 0x00FFFFFF, 0x00FFFFFF, 0x00FFFFFF, 0x00FFFFFF,
  0x00FFFFFF, 0x00FFFFFF, 0x00FFFFFF, 0x00FFFFFF, 0xDAE0F9FF, 0xFF5CA7E7, 0xFB409DEC, 0xFF48A0EB,
  0xFF45A1EF, 0xF9419BED, 0xFF68B1EE, 0xA2E0F8FF, 0x00FFFFFF, 0x00FFFFFF, 0x4BEAF6F9, 0xFF79B7F0,
  0xF353A8F3, 0xFD5EABEB, 0xF94FA5ED, 0xF982B5E2, 0x00FFFFFF, 0x00FFFFFF, 0x4CE9F8FD, 0xFF88C9FF,
  0xF76AB2F3, 0xFF70B4F0, 0xFD6BB4F3, 0xFF6FB9F4, 0xD9CDEAF9, 0x00FFFFFF, 0x00FFFFFF, 0x00FFFFFF,
  0x00FFFFFF, 0x00FFFFFF, 0x55EBF5FA, 0xFFB7DFFF, 0xF983C1F4, 0xFB7DC0EE, 0xFF81BFF8, 0xFF84BDF2,
  0xFB86BFF1, 0xFF7FBAEF, 0xDCC7E6F7, 0x00FFFFFF, 0x00FFFFFF, 0x00FFFFFF, 0x00FFFFFF, 0x00FFFFFF,
  0x00FFFFFF, 0x00FFFFFF, 0x00FFFFFF, 0x00FFFFFF, 0x00FFFFFF, 0x00FFFFFF, 0x00FFFFFF, 0x00FFFFFF,
  0x00FFFFFF, 0x00FFFFFF, 0x00FFFFFF, 0x20F9FFFF, 0xF975B4E7, 0xFD3E99EB, 0xFF45A0F0, 0xFF44A1EA,
  0xFB42A1ED, 0xFF489FED, 0xB7B7DCF7, 0x00FFFFFF, 0x00FFFFFF, 0x00FFFFFF, 0x6CD3E9F8, 0xFF68B5FA,
  0xF958A8F1, 0xFF5FA8E9, 0xF953A3EE, 0xFF91C4F4, 0x00FFFFFF, 0x00FFFFFF, 0x00FFFFFF, 0xF19ECAEE,
  0xFF68AFEF, 0xFD73B4F0, 0xFF71B4EF, 0xFB66B1EF, 0xFF9BCDF5, 0x00FFFFFF, 0x00FFFFFF, 0x00FFFFFF,
  0x00FFFFFF, 0x00FFFFFF, 0x00FFFFFF, 0x00FFFFFF, 0xD3C5DFF7, 0xFF8FC2F8, 0xFB7ABAF0, 0xF981C1F1,
  0xF981C0FB, 0xF977B8F3, 0xFFC4E3F9, 0x00FFFFFF, 0x00FFFFFF, 0x00FFFFFF, 0x00FFFFFF, 0x00FFFFFF,
  0x00FFFFFF, 0x00FFFFFF, 0x00FFFFFF, 0x00FFFFFF, 0x00FFFFFF, 0x00FFFFFF, 0x00FFFFFF, 0x00FFFFFF,
  0x00FFFFFF, 0x00FFFFFF, 0x00FFFFFF, 0xE8A4D4F6, 0xFF439BE8, 0xFD469FF0, 0xFF469EEC, 0xFF4B9EE9,
  0xFB3D9AEB, 0xFD92C6EF, 0x00FFFFFF, 0x00FFFFFF, 0x00FFFFFF, 0x00FFFFFF, 0x37C8DDF3, 0xFF67B7FF,
  0xF75BA8ED, 0xFF5AAAED, 0xFD52A4EC, 0xFF96C7EE, 0x00FFFFFF, 0x00FFFFFF, 0x00FFFFFF, 0x62DAEFFC,
  0xFF7DC4FF, 0xF771B2EF, 0xFF70B4F2, 0xF96CB4F2, 0xFF7EC2FA, 0x63DBEFFB, 0x00FFFFFF, 0x00FFFFFF,
  0x00FFFFFF, 0x00FFFFFF, 0x00FFFFFF, 0x00FFFFFF, 0x00FFFFFF, 0xA2E2F5FF, 0xFFA7D6FC, 0xFB8CC6FB,
  0xFB87C1F6, 0xFFB2DDFF, 0x82ECF9FE, 0x00FFFFFF, 0x00FFFFFF, 0x00FFFFFF, 0x00FFFFFF, 0x00FFFFFF,
  0x00FFFFFF, 0x00FFFFFF, 0x00FFFFFF, 0x00FFFFFF, 0x00FFFFFF, 0x00FFFFFF, 0x00FFFFFF, 0x00FFFFFF,
  0x00FFFFFF, 0x00FFFFFF, 0xC5C2E6FB, 0xFF4FA0EE, 0xFB459EEC, 0xFF44A1E9, 0xFF49A0EA, 0xF94197E9,
  0xFF76BAF8, 0x24F7FDFF, 0x00FFFFFF, 0x00FFFFFF, 0x00FFFFFF, 0x00FFFFFF, 0x7FB8D5ED, 0xFF5FAFF9,
  0xF95CABEE, 0xFB5AABEC, 0xFF5BADF5, 0xAAA8D0F0, 0x00FFFFFF, 0x00FFFFFF, 0x00FFFFFF, 0x00FFFFFF,
  0xFD93C8F3, 0xFF6AAFEC, 0xFF6DB5F5, 0xFD72B3EE, 0xFF66B0F0, 0xFBA3CFF1, 0x00FFFFFF, 0x00FFFFFF,
  0x00FFFFFF, 0x00FFFFFF, 0x00FFFFFF, 0x00FFFFFF, 0x00FFFFFF, 0x00FFFFFF, 0xB9EFFCFF, 0x7CD1E4F5,
  0xAFCDE5F2, 0x47F1FCFD, 0x00FFFFFF, 0x00FFFFFF, 0x00FFFFFF, 0x00FFFFFF, 0x00FFFFFF, 0x00FFFFFF,
  0x00FFFFFF, 0x00FFFFFF, 0x00FFFFFF, 0x00FFFFFF, 0x00FFFFFF, 0x00FFFFFF, 0x00FFFFFF, 0x00FFFFFF,
  0x00FFFFFF, 0x86E6FBFF, 0xFF67B5F4, 0xF73C9EEB, 0xFF489FEB, 0xFF45A0F1, 0xF7419DEC, 0xFF5CB1F5,
  0x6CDCEFFA, 0x00FFFFFF, 0x00FFFFFF, 0x00FFFFFF, 0x00FFFFFF, 0x00FFFFFF, 0xC3A8D0F0, 0xFF58A9F4,
  0xFB5CABEE, 0xFB5AAAEC, 0xFF5CAEF5, 0xA6B5DAF3, 0x00FFFFFF, 0x00FFFFFF, 0x00FFFFFF, 0x00FFFFFF,
  0x7CCFEBF9, 0xFF78BFFA, 0xF970B4F0, 0xFF6FB4F2, 0xF96AB5F5, 0xFF7FC0F6, 0x80E5F6FD, 0x00FFFFFF,
  0x00FFFFFF, 0x00FFFFFF, 0x00FFFFFF, 0x00FFFFFF, 0x00FFFFFF, 0x00FFFFFF, 0x00FFFFFF, 0x00FFFFFF,
  0x00FFFFFF, 0x00FFFFFF, 0x00FFFFFF, 0x00FFFFFF, 0x00FFFFFF, 0x00FFFFFF, 0x00FFFFFF, 0x00FFFFFF,
  0x00FFFFFF, 0x00FFFFFF, 0x00FFFFFF, 0x00FFFFFF, 0x00FFFFFF, 0x00FFFFFF, 0x00FFFFFF, 0x00FFFFFF,
  0x00FFFFFF, 0xF398C7EC, 0xFF3898EB, 0xFF46A2EA, 0xFF4A9EE7, 0xFB449FF3, 0xFF4CA2EC, 0xC8B4DCF4,
  0x00FFFFFF, 0x00FFFFFF, 0x00FFFFFF, 0x00FFFFFF, 0x00FFFFFF, 0x00FFFFFF, 0xFF97C5F0, 0xFD52A2EE,
  0xFF5CA9EE, 0xFB5AAAEB, 0xFF60B0F5, 0xA8C4E1F8, 0x00FFFFFF, 0x00FFFFFF, 0x00FFFFFF, 0x00FFFFFF,
  0x1EF8FEFF, 0xFF93CBF8, 0xF96DB0EB, 0xFF6CB5F6, 0xFF70B5F4, 0xF967AEEE, 0xFFBBE2FF, 0x00FFFFFF,
  0x00FFFFFF, 0x00FFFFFF, 0x00FFFFFF, 0x00FFFFFF, 0x00FFFFFF, 0x00FFFFFF, 0x00FFFFFF, 0x00FFFFFF,
  0x00FFFFFF, 0x00FFFFFF, 0x00FFFFFF, 0x00FFFFFF, 0x00FFFFFF, 0x00FFFFFF, 0x00FFFFFF, 0x00FFFFFF,
  0x00FFFFFF, 0x00FFFFFF, 0x00FFFFFF, 0x00FFFFFF, 0x00FFFFFF, 0x00FFFFFF, 0x00FFFFFF, 0x00FFFFFF,
  0x00FFFFFF, 0xFF8BC2F0, 0xF53C99E8, 0xFF47A2F4, 0xFB4CA1EA, 0xFB3B99E7, 0xEF85C0EE, 0x00FFFFFF,
  0x00FFFFFF, 0x00FFFFFF, 0x00FFFFFF, 0x00FFFFFF, 0x00FFFFFF, 0x00FFFFFF, 0xFF84BEEF, 0xFD54A4F0,
  0xFF5CA9EE, 0xF95AA9EC, 0xFF68B4F5, 0x7BD0E7F7, 0x00FFFFFF, 0x00FFFFFF, 0x00FFFFFF, 0x00FFFFFF,
  0x00FFFFFF, 0xC8BDE1F9, 0xFF6CB5F4, 0xFD6DB4F4, 0xFF71B3F1, 0xF76BB1F2, 0xFF8AC6FB, 0x49F1F9FB,
  0x00FFFFFF, 0x00FFFFFF, 0x00FFFFFF, 0x00FFFFFF, 0x00FFFFFF, 0x00FFFFFF, 0x00FFFFFF, 0x00FFFFFF,
  0x00FFFFFF, 0x00FFFFFF, 0x00FFFFFF, 0x00FFFFFF, 0x00FFFFFF, 0x00FFFFFF, 0x00FFFFFF, 0x00FFFFFF,
  0x00FFFFFF, 0x00FFFFFF, 0x00FFFFFF, 0x00FFFFFF, 0x00FFFFFF, 0x00FFFFFF, 0x00FFFFFF, 0x00FFFFFF,
  0x00FFFFFF, 0xB4C8E6FA, 0xFF57ABF2, 0xF73B99EC, 0xF93D97E8, 0xFF82C7FD, 0x88EDFEFF, 0x00FFFFFF,
  0x00FFFFFF, 0x00FFFFFF, 0x00FFFFFF, 0x00FFFFFF, 0x00FFFFFF, 0x11F6FDFF, 0xFF7DBDF5, 0xFB56A6EF,
  0xFF5BAAEE, 0xFB56A9EE, 0xFF6FB2EF, 0xA8DFEFF7, 0x00FFFFFF, 0x00FFFFFF, 0x00FFFFFF, 0x00FFFFFF,
  0x00FFFFFF, 0x41F4FEFF, 0xFF8FCEF9, 0xF968B3EE, 0xFF6DB5F4, 0xFD6FB4F4, 0xFF6CB1F3, 0xD5B9DBF1,
  0x00FFFFFF, 0x00FFFFFF, 0x00FFFFFF, 0x00FFFFFF, 0x00FFFFFF, 0x00FFFFFF, 0x00FFFFFF, 0x00FFFFFF,
  0x00FFFFFF, 0x00FFFFFF, 0x00FFFFFF, 0x00FFFFFF, 0x00FFFFFF, 0x00FFFFFF, 0x00FFFFFF, 0x00FFFFFF,
  0x00FFFFFF, 0x00FFFFFF, 0x00FFFFFF, 0x00FFFFFF, 0x00FFFFFF, 0x00FFFFFF, 0x00FFFFFF, 0x00FFFFFF,
  0x00FFFFFF, 0x00FFFFFF, 0x9DC7E0F2, 0xFF8DC6F2, 0xEF95C8EC, 0x59E8F5FA, 0x00FFFFFF, 0x00FFFFFF,
  0x00FFFFFF, 0x00FFFFFF, 0x00FFFFFF, 0x00FFFFFF, 0x00FFFFFF, 0x44EFF8FE, 0xFF80C2FE, 0xF75AA4EB,
  0xFF5DAAEB, 0xF954A7EE, 0xFF79BBF5, 0x66E6F5F7, 0x00FFFFFF, 0x00FFFFFF, 0x00FFFFFF, 0x00FFFFFF,
  0x00FFFFFF, 0x00FFFFFF, 0xD5B3D6F0, 0xFF6AB2F6, 0xFD74B3EF, 0xFF72B4EC, 0xF76BB0F0, 0xFF97D1F9,
  0x4BF6FFFF, 0x00FFFFFF, 0x00FFFFFF, 0x00FFFFFF, 0x00FFFFFF, 0x00FFFFFF, 0x00FFFFFF, 0x00FFFFFF,
  0x00FFFFFF, 0x00FFFFFF, 0x00FFFFFF, 0x00FFFFFF, 0x00FFFFFF, 0x00FFFFFF, 0x00FFFFFF, 0x00FFFFFF,
  0x00FFFFFF, 0x00FFFFFF, 0x00FFFFFF, 0x00FFFFFF, 0x00FFFFFF, 0x00FFFFFF, 0x00FFFFFF, 0x00FFFFFF,
  0x00FFFFFF, 0x00FFFFFF, 0x00FFFFFF, 0x00FFFFFF, 0x00FFFFFF, 0x00FFFFFF, 0x00FFFFFF, 0x00FFFFFF,
  0x00FFFFFF, 0x00FFFFFF, 0x00FFFFFF, 0x00FFFFFF, 0x00FFFFFF, 0x43E3F3FC, 0xFF76BFFC, 0xF75AA6EB,
  0xFF5DA9EB, 0xF753A6EF, 0xFF84C5FE, 0x38F5FAFC, 0x00FFFFFF, 0x00FFFFFF, 0x00FFFFFF, 0x00FFFFFF,
  0x00FFFFFF, 0x00FFFFFF, 0x4CF1FAFF, 0xFF8DC8FF, 0xF16CB2F4, 0xFD6FB7F4, 0xF367B3F5, 0xFF8CC8F4,
  0x3FF2FCFF, 0x00FFFFFF, 0x00FFFFFF, 0x00FFFFFF, 0x00FFFFFF, 0x00FFFFFF, 0x00FFFFFF, 0x00FFFFFF,
  0x00FFFFFF, 0x00FFFFFF, 0x00FFFFFF, 0x00FFFFFF, 0x00FFFFFF, 0x00FFFFFF, 0x00FFFFFF, 0x00FFFFFF,
  0x00FFFFFF, 0x00FFFFFF, 0x00FFFFFF, 0x00FFFFFF, 0x00FFFFFF, 0x00FFFFFF, 0x00FFFFFF, 0x00FFFFFF,
  0x00FFFFFF, 0x00FFFFFF, 0x00FFFFFF, 0x00FFFFFF, 0x00FFFFFF, 0x00FFFFFF, 0x00FFFFFF, 0x00FFFFFF,
  0x00FFFFFF, 0x00FFFFFF, 0x00FFFFFF, 0x00FFFFFF, 0x00FFFFFF, 0x43D9ECF7, 0xFF6EBCFB, 0xF757A8EF,
  0xFF5AA9F1, 0xFF52A6F1, 0xFF7EBBED, 0x00FFFFFF, 0x00FFFFFF, 0x00FFFFFF, 0x00FFFFFF, 0x00FFFFFF,
  0x00FFFFFF, 0x00FFFFFF, 0x00FFFFFF, 0xD5C0E3FA, 0xFF73BBFB, 0xF56CB1F2, 0xFF76BBF8, 0xE2B8DDF5,
  0x00FFFFFF, 0x00FFFFFF, 0x00FFFFFF, 0x00FFFFFF, 0x00FFFFFF, 0x00FFFFFF, 0x00FFFFFF, 0x00FFFFFF,
  0x00FFFFFF, 0x00FFFFFF, 0x00FFFFFF, 0x00FFFFFF, 0x00FFFFFF, 0x00FFFFFF, 0x00FFFFFF, 0x00FFFFFF,
  0x00FFFFFF, 0x00FFFFFF, 0x00FFFFFF, 0x00FFFFFF, 0x00FFFFFF, 0x00FFFFFF, 0x00FFFFFF, 0x00FFFFFF,
  0x00FFFFFF, 0x00FFFFFF, 0x00FFFFFF, 0x00FFFFFF, 0x00FFFFFF, 0x00FFFFFF, 0x00FFFFFF, 0x00FFFFFF,
  0x00FFFFFF, 0x00FFFFFF, 0x00FFFFFF, 0x00FFFFFF, 0x00FFFFFF, 0x43DFEEF8, 0xFF6AB5F4, 0xF157AAF0,
  0xFB5CABF4, 0xF951A1EB, 0xFD8EBEE5, 0x00FFFFFF, 0x00FFFFFF, 0x00FFFFFF, 0x00FFFFFF, 0x00FFFFFF,
  0x00FFFFFF, 0x00FFFFFF, 0x00FFFFFF, 0x00FFFFFF, 0xBCC4E3F6, 0xEDB2D4EF, 0xADC7DCEE, 0x5FF4FFFF,
  0x00FFFFFF, 0x00FFFFFF, 0x00FFFFFF, 0x00FFFFFF, 0x00FFFFFF, 0x00FFFFFF, 0x00FFFFFF, 0x00FFFFFF,
  0x00FFFFFF, 0x00FFFFFF, 0x00FFFFFF, 0x00FFFFFF, 0x00FFFFFF, 0x00FFFFFF, 0x00FFFFFF, 0x00FFFFFF,
  0x00FFFFFF, 0x00FFFFFF, 0x00FFFFFF, 0x00FFFFFF, 0x00FFFFFF, 0x00FFFFFF, 0x00FFFFFF, 0x00FFFFFF,
  0x00FFFFFF, 0x00FFFFFF, 0x00FFFFFF, 0x00FFFFFF, 0x00FFFFFF, 0x00FFFFFF, 0x00FFFFFF, 0x00FFFFFF,
  0x00FFFFFF, 0x00FFFFFF, 0x00FFFFFF, 0x00FFFFFF, 0x00FFFFFF, 0x00FFFFFF, 0xFFA1D9FF, 0xFB5BADF2,
  0xFB5AA8EF, 0xFF7DB9F2, 0xD3D3EEFB, 0x00FFFFFF, 0x00FFFFFF, 0x00FFFFFF, 0x00FFFFFF, 0x00FFFFFF,
  0x00FFFFFF, 0x00FFFFFF, 0x00FFFFFF, 0x00FFFFFF, 0x00FFFFFF, 0x00FFFFFF, 0x00FFFFFF, 0x00FFFFFF,
  0x00FFFFFF, 0x00FFFFFF, 0x00FFFFFF, 0x00FFFFFF, 0x00FFFFFF, 0x00FFFFFF, 0x00FFFFFF, 0x00FFFFFF,
  0x00FFFFFF, 0x00FFFFFF, 0x00FFFFFF, 0x00FFFFFF, 0x00FFFFFF, 0x00FFFFFF, 0x00FFFFFF, 0x00FFFFFF,
  0x00FFFFFF, 0x00FFFFFF, 0x00FFFFFF, 0x00FFFFFF, 0x00FFFFFF, 0x00FFFFFF, 0x00FFFFFF, 0x00FFFFFF,
  0x00FFFFFF, 0x00FFFFFF, 0x00FFFFFF, 0x00FFFFFF, 0x00FFFFFF, 0x00FFFFFF, 0x00FFFFFF, 0x00FFFFFF,
  0x00FFFFFF, 0x00FFFFFF, 0x00FFFFFF, 0x00FFFFFF, 0x00FFFFFF, 0x00FFFFFF, 0x66F0FCFF, 0x92B8D8F1,
  0xC7A7CBEA, 0x79DCECF5, 0x00FFFFFF, 0x00FFFFFF, 0x00FFFFFF, 0x00FFFFFF, 0x00FFFFFF, 0x00FFFFFF,
  0x00FFFFFF, 0x00FFFFFF, 0x00FFFFFF, 0x00FFFFFF, 0x00FFFFFF, 0x00FFFFFF, 0x00FFFFFF, 0x00FFFFFF,
  0x00FFFFFF, 0x00FFFFFF, 0x00FFFFFF, 0x00FFFFFF, 0x00FFFFFF, 0x00FFFFFF, 0x00FFFFFF, 0x00FFFFFF,
  0x00FFFFFF, 0x00FFFFFF, 0x00FFFFFF, 0x00FFFFFF, 0x00FFFFFF, 0x00FFFFFF, 0x00FFFFFF, 0x00FFFFFF,
};

static const unsigned g_splash_sp04_w = 56u;
static const unsigned g_splash_sp04_h = 56u;
static const uint32_t g_splash_sp04_px[3136] = {
  0x00000000, 0x00000000, 0x00000000, 0x00000000, 0x00000000, 0x00000000, 0x00000000, 0x00000000,
  0x00000000, 0x00000000, 0x00000000, 0x00000000, 0x00FFFFFF, 0x00000000, 0x00000000, 0x00000000,
  0x00FFFFFF, 0x00000000, 0x00000000, 0x00000000, 0x00000000, 0x00000000, 0x00000000, 0x00000000,
  0x00000000, 0x00000000, 0x00000000, 0x00000000, 0x00000000, 0x00000000, 0x00000000, 0x00000000,
  0x00000000, 0x00000000, 0x00000000, 0x00000000, 0x00000000, 0x00000000, 0x00000000, 0x00000000,
  0x00000000, 0x00000000, 0x00000000, 0x00000000, 0x00000000, 0x00000000, 0x00000000, 0x00000000,
  0x00000000, 0x00000000, 0x00000000, 0x00000000, 0x00000000, 0x00000000, 0x00000000, 0x00000000,
  0x00000000, 0x00000000, 0x00000000, 0x00000000, 0x00000000, 0x00000000, 0x00000000, 0x00000000,
  0x00000000, 0x00000000, 0x00000000, 0x00000000, 0x00000000, 0x00000000, 0x00FFFFFF, 0x7AABD7F0,
  0xD788C0EA, 0xC87FB3E5, 0x3A60A2E0, 0x00000000, 0x00000000, 0x00000000, 0x00000000, 0x00000000,
  0x00000000, 0x00000000, 0x00000000, 0x00000000, 0x00000000, 0x00000000, 0x00000000, 0x00000000,
  0x00000000, 0x00000000, 0x00000000, 0x00000000, 0x00000000, 0x00000000, 0x00000000, 0x00000000,
  0x00000000, 0x00000000, 0x00000000, 0x00000000, 0x00000000, 0x00000000, 0x00000000, 0x00000000,
  0x00000000, 0x00000000, 0x00000000, 0x00000000, 0x00000000, 0x00000000, 0x00000000, 0x00000000,
  0x00000000, 0x00000000, 0x00000000, 0x00000000, 0x00000000, 0x00000000, 0x00000000, 0x00000000,
  0x00000000, 0x00000000, 0x00000000, 0x00000000, 0x30FFFFF4, 0x87FFFFF7, 0xFFECF8FF, 0xFF348EDD,
  0xFF0378E0, 0xFF1983EA, 0xFF56AFF8, 0x72C4E8F6, 0x00050200, 0x00000000, 0x00000000, 0x00000000,
  0x00000000, 0x00000000, 0x00000000, 0x00000000, 0x00000000, 0x00000000, 0x00000000, 0x00000000,
  0x00000000, 0x00000000, 0x00000000, 0x00000000, 0x00000000, 0x00000000, 0x00000000, 0x00000000,
  0x00000000, 0x00000000, 0x00000000, 0x00000000, 0x00000000, 0x00000000, 0x00000000, 0x00000000,
  0x00000000, 0x00000000, 0x00000000, 0x00000000, 0x00000000, 0x00000000, 0x00000000, 0x00000000,
  0x00000000, 0x00000000, 0x00000000, 0x00000000, 0x00000000, 0x00000000, 0x00000000, 0x00000000,
  0x00000000, 0x00000000, 0x00000000, 0x00000000, 0x30F9F9F4, 0x00FFFFFF, 0xC475B6F0, 0xFF006CE2,
  0xFD0281E5, 0xFF007AE8, 0xFD0076DF, 0xC767B0E6, 0x00FFFFFF, 0x00000000, 0x00000000, 0x00000000,
  0x00000000, 0x00000000, 0x00000000, 0x00000000, 0x00000000, 0x00000000, 0x00000000, 0x00000000,
  0x00000000, 0x00000000, 0x00000000, 0x00000000, 0x00000000, 0x00000000, 0x00000000, 0x00000000,
  0x00000000, 0x00000000, 0x00000000, 0x00000000, 0x00000000, 0x00000000, 0x00000000, 0x00000000,
  0x00000000, 0x00000000, 0x00000000, 0x00000000, 0x00000000, 0x00000000, 0x00000000, 0x00000000,
  0x00000000, 0x00000000, 0x00000000, 0x00000000, 0x00000000, 0x00000000, 0x00000000, 0x00000000,
  0x00000000, 0x00000000, 0x00000000, 0x00000000, 0x00FFFFFF, 0x00000000, 0xCC9ECDF0, 0xFF117FE5,
  0xFD0380E5, 0xFE0A81EA, 0xFD0576E6, 0xFF429EEC, 0x00FFFFFF, 0x00000000, 0x00000000, 0x00000000,
  0x00000000, 0x00000000, 0x00000000, 0x00000000, 0x00000000, 0x00000000, 0x00000000, 0x00000000,
  0x00000000, 0x00000000, 0x00000000, 0x00000000, 0x00000000, 0x00000000, 0x00000000, 0x00000000,
  0x00000000, 0x00FFFFFF, 0x37F1F5FA, 0x00000000, 0x00000000, 0x00000000, 0x00000000, 0x00000000,
  0x00000000, 0x00000000, 0x00000000, 0x00000000, 0x00000000, 0x00000000, 0x00000000, 0x00000000,
  0x00000000, 0x00000000, 0x00000000, 0x00000000, 0x00000000, 0x00000000, 0x00000000, 0x00000000,
  0x00000000, 0x00000000, 0x00000000, 0x00000000, 0x00000000, 0x00000000, 0x89CCE8F5, 0xFF3F9EF5,
  0xF50072E4, 0xFF037DEE, 0xFD0578E4, 0xFF007FEF, 0xDA88C8F3, 0x00FFFFFF, 0x00000000, 0x00000000,
  0x00000000, 0x00000000, 0x00000000, 0x00000000, 0x00000000, 0x00000000, 0x00000000, 0x00000000,
  0x00000000, 0x00000000, 0x00000000, 0x00000000, 0x00000000, 0x00000000, 0x00000000, 0x00FFFFFF,
  0x20F7FFFF, 0x00FFFFFF, 0xEDECFAFD, 0xFFEBF6FD, 0xA7EFF4FA, 0x00000000, 0x00000000, 0x00000000,
  0x00000000, 0x00000000, 0x00000000, 0x00000000, 0x00000000, 0x00000000, 0x00000000, 0x00000000,
  0x00000000, 0x00000000, 0x00000000, 0x00000000, 0x00000000, 0x00000000, 0x00000000, 0x00000000,
  0x00000000, 0x00000000, 0x00000000, 0x00000000, 0x0100FFFF, 0x00000000, 0x00FFFFFF, 0xE173BCF5,
  0xFF0078E3, 0xFD047DE3, 0xFE067EE1, 0xF60073DE, 0xFA4CA3E9, 0x35CEEBFA, 0x00000000, 0x00000000,
  0x00000000, 0x00000000, 0x00000000, 0x00000000, 0x00000000, 0x00000000, 0x00000000, 0x00000000,
  0x00000000, 0x00000000, 0x00000000, 0x00000000, 0x00000000, 0x00000000, 0x00000000, 0x00FFFFFF,
  0x00FFFFFF, 0xFFECF6FF, 0xFCE2F1FC, 0xCFE3F3FF, 0x00000000, 0x00FFFFFF, 0x00000000, 0x00000000,
  0x00000000, 0x00000000, 0x00000000, 0x00000000, 0x00000000, 0x00000000, 0x00000000, 0x00000000,
  0x00000000, 0x00000000, 0x00000000, 0x00000000, 0x00000000, 0x00000000, 0x00000000, 0x00000000,
  0x00000000, 0x00000000, 0x00000000, 0x00000000, 0x00000000, 0x00000000, 0x00000000, 0x8FC0E6F9,
  0xFF35A1FB, 0xFB047CE6, 0xFF0580EB, 0xFD087DE5, 0xFF188FF8, 0xCAA1D4F6, 0x00FFFFFF, 0x00000000,
  0x00000000, 0x00000000, 0x00000000, 0x00000000, 0x00000000, 0x00000000, 0x00000000, 0x00000000,
  0x00000000, 0x00000000, 0x00000000, 0x00000000, 0x00000000, 0x00000000, 0x2CF9F9FF, 0xA4F4F8FD,
  0x6AF2FCFC, 0xE8E3EFFA, 0xF7E2EDFC, 0xFFF5FFFF, 0x6FF5FFFF, 0x27F8F8FF, 0x00000000, 0x00000000,
  0x00000000, 0x00000000, 0x00000000, 0x00000000, 0x00000000, 0x00000000, 0x00000000, 0x00000000,
  0x00000000, 0x00000000, 0x00000000, 0x00000000, 0x00000000, 0x00000000, 0x00000000, 0x00000000,
  0x00000000, 0x00000000, 0x00000000, 0x00000000, 0x00000000, 0x00000000, 0x00000000, 0x128DC6F0,
  0xDB64AFED, 0xFA006EE1, 0xFC027CE8, 0xFE047BE7, 0xFF0073E3, 0xE755ABF1, 0x3EE6F6FA, 0x00000000,
  0x00000000, 0x00000000, 0x00000000, 0x00000000, 0x00000000, 0x00000000, 0x00000000, 0x00000000,
  0x00000000, 0x00000000, 0x00000000, 0x00000000, 0x00000000, 0x00000000, 0x9EF2F5FA, 0xF7F1F9FF,
  0x00FFFFFF, 0xFBDFECFC, 0xFFF1FBFF, 0xF0F5FFFF, 0x8DF5F9FD, 0x0CE9E9FF, 0x00000000, 0x00000000,
  0x00000000, 0x00000000, 0x00000000, 0x00000000, 0x00000000, 0x00000000, 0x00000000, 0x00000000,
  0x00000000, 0x00000000, 0x00000000, 0x00000000, 0x00000000, 0x00000000, 0xB38BBEF0, 0x8FC2E2F2,
  0x3BB1D8ED, 0x00000000, 0x00000000, 0x00000000, 0x00000000, 0x00000000, 0x08DFFFFF, 0x00FFFFFF,
  0xA7C4EBFF, 0xFF2092FF, 0xFB027AE4, 0xFF037FEB, 0xF90179E8, 0xFD1A85E4, 0x8C9ECDF0, 0x00000000,
  0x00000000, 0x00000000, 0x00000000, 0x00000000, 0x00000000, 0x00000000, 0x00000000, 0x00000000,
  0x00000000, 0x00000000, 0x00000000, 0x00000000, 0x00000000, 0x4DEBF5FB, 0xECEDF6FC, 0xFFF3FFFF,
  0xFAE2EFFC, 0xF6E3EFFF, 0x00FFFFFF, 0x84F9FFFF, 0x19EAEAEA, 0x00000000, 0x00000000, 0x00000000,
  0x00000000, 0x00000000, 0x00000000, 0x00000000, 0x00000000, 0x00000000, 0x00000000, 0x00000000,
  0x00000000, 0x00000000, 0x00000000, 0x00000000, 0x00000000, 0x00000000, 0xFF1E8BF3, 0xFF57AEFB,
  0xF594C5EA, 0x72D6E8EF, 0x0BD0E7FF, 0x00000000, 0x00000000, 0x00000000, 0x00000000, 0x00000000,
  0x00FFFFFF, 0xFF73B9FC, 0xF90573E2, 0xFF0683ED, 0xFF087EE9, 0xFF057BE9, 0xFF75C3FF, 0x00FFFFFF,
  0x00010000, 0x00FFFFFF, 0x00000000, 0x00000000, 0x00000000, 0x00000000, 0x00000000, 0x00000000,
  0x00000000, 0x00000000, 0x00000000, 0x00000000, 0x18E9F4F4, 0xC1E8F3F9, 0xF8EFF9FF, 0xFFE9F5FF,
  0xFAE0ECFD, 0x00FFFFFF, 0xC3F9FFFF, 0x02FF7FFF, 0x00000000, 0x00000000, 0x00000000, 0x00000000,
  0x00000000, 0x00000000, 0x00000000, 0x00000000, 0x00000000, 0x00000000, 0x00000000, 0x00000000,
  0x00000000, 0x00000000, 0x00000000, 0x00000000, 0x00000000, 0xF71787EE, 0xFD2088EE, 0xFD0977E3,
  0xFC1C8AE8, 0xE263B4F3, 0x4BD6EAF8, 0x00FFFFFF, 0x00000000, 0x00000000, 0x00000000, 0x00000000,
  0x00000000, 0xA780C0F4, 0xF90572DD, 0xFB0079E6, 0xFF017FE4, 0xFA0071DE, 0xFF1D87E6, 0x87B9E2F5,
  0x00000000, 0x00FFFFFF, 0x00000000, 0x00000000, 0x00000000, 0x00000000, 0x00000000, 0x00000000,
  0x00000000, 0x00000000, 0x00000000, 0x00000000, 0x00FFFFFF, 0x00FFFFFF, 0xFFECF8FF, 0xFFE3EFFE,
  0xE4E4EFFB, 0x79F4FCFF, 0x5AF9FCFF, 0x00000000, 0x00000000, 0x00000000, 0x00000000, 0x00000000,
  0x00000000, 0x00000000, 0x00000000, 0x00000000, 0x00000000, 0x00000000, 0x00000000, 0x00000000,
  0x00000000, 0x00000000, 0x00000000, 0x00000000, 0x00000000, 0xFF1987E9, 0xFD218BEB, 0xFC208BE9,
  0xFD1C8AE3, 0xFF1897FF, 0xE13CA3F9, 0x887BC1F9, 0x00FFFFFF, 0x00FFFFFF, 0x00000000, 0x00FFFFFF,
  0x00FFFFFF, 0x00FFFFFF, 0xFF5EB9FF, 0xFF0077E5, 0xFF0980E5, 0xFE057EE3, 0xF90E79E5, 0xFF89C9FA,
  0x00FFFFFF, 0x00000000, 0x00000000, 0x00000000, 0x00000000, 0x00000000, 0x00000000, 0x00000000,
  0x00000000, 0x00000000, 0x00000000, 0x4DF5FFFF, 0x00FFFFFF, 0xFAE2EEFA, 0xFCE2EEFD, 0xF7E3EFFD,
  0xFBEBF5FC, 0x00010100, 0x00FFFFFF, 0x00000000, 0x00000000, 0x00000000, 0x00000000, 0x00000000,
  0x00000000, 0x00000000, 0x00000000, 0x00000000, 0x00000000, 0x00000000, 0x00000000, 0x00000000,
  0x00000000, 0x00000000, 0x00000000, 0x00000000, 0xDF9DCAEC, 0xFD3996E1, 0xFF0482E6, 0xFE1889E8,
  0xFB2488E4, 0xF81986E8, 0xFF2291F0, 0xFF35A6FF, 0xD16BB9FB, 0x5DA4D3F6, 0x00000000, 0x00FFFFFF,
  0x00FFFFFF, 0x00040000, 0xDC94C8F3, 0xFE197FE7, 0xFA0076E7, 0xFB0781E9, 0xFF0075E9, 0xE751A6ED,
  0x00FFFFFF, 0x00000000, 0x00000000, 0x00000000, 0x00000000, 0x00000000, 0x00000000, 0x00000000,
  0x00000000, 0x00000000, 0x00000000, 0xC9F4FFFF, 0x00FFFFFF, 0xFBE0EDFB, 0xFFE3F1FF, 0xFFECF7FF,
  0xF0EAF4FA, 0x24F7FFFF, 0x00000000, 0x00000000, 0x00000000, 0x00000000, 0x00000000, 0x00000000,
  0x00000000, 0x00000000, 0x010000FF, 0x00000000, 0x00000000, 0x00000000, 0x00000000, 0x00000000,
  0x00000000, 0x00000000, 0x00000000, 0x00000000, 0x4FF2F8F2, 0xD6A3CCEB, 0xFF5AB0F6, 0xFE1888EA,
  0xFF1384F2, 0xFE1D89EB, 0xFB1A88E8, 0xF61685E6, 0xFF309DFA, 0xFF54ADF3, 0x8B73B9EC, 0x0D75C4FF,
  0x00000000, 0x00FFFFFF, 0x89D2ECF9, 0xFF429EEA, 0xFF0581EB, 0xF40B7DEA, 0xFF006DDC, 0xF596C5E9,
  0x2DF9FFF3, 0x00000000, 0x00000000, 0x00000000, 0x00000000, 0x00000000, 0x00000000, 0x00000000,
  0x00000000, 0x00FFFFFF, 0x24F7FFFF, 0x00FFFFFF, 0xF6E1EEFA, 0xFAE3EFFB, 0xFFEEFAFF, 0x00FFFFFF,
  0x66EDF2FA, 0x00000000, 0x00000000, 0x00000000, 0x00000000, 0x00000000, 0x00FFFFFF, 0x00000000,
  0x00000000, 0x00000000, 0x0FEEEEEE, 0x0EECECFF, 0x00000000, 0x00000000, 0x00000000, 0x00000000,
  0x00000000, 0x00000000, 0x00000000, 0x00000000, 0x00000000, 0x109FCFEF, 0x7C9CCBEE, 0xED64ADE9,
  0xFF3B9EF7, 0xF80F82E7, 0xFB1485E9, 0xFE208AE7, 0xFC1381E3, 0xFE1686E5, 0xFF59BCFF, 0xE499CEF4,
  0x53C4E0E9, 0x00000000, 0x00FFFFFF, 0x9AC6E1F1, 0xB7499EE3, 0xFF79D3FF, 0xCF89C5F2, 0x4AFFFFF8,
  0x00000000, 0x00FFFFFF, 0x00FFFFFF, 0x00000000, 0x00000000, 0x00000000, 0x00000000, 0x00000000,
  0x00000000, 0x00FFFFFF, 0x00000000, 0xBBE3F2FF, 0xFFEFFEFF, 0x00FFFFFF, 0xFBF5FCFF, 0x7EEEF2F6,
  0x00000000, 0x00000000, 0x00000000, 0x00000000, 0x027F7F7F, 0x00000000, 0x00000000, 0x00FFFFFF,
  0x2AF2F8F8, 0xA9E8F5FA, 0xE2E3F0FA, 0xEFD9EAF8, 0x82DFF3FF, 0x00000000, 0x00000000, 0x00000000,
  0x00000000, 0x00000000, 0x00000000, 0x00000000, 0x00000000, 0x00000000, 0x00000000, 0x2D71B5E8,
  0xA874B9EF, 0xFF5ABAFF, 0xFF2693F2, 0xF71487EB, 0xFC1D8AE7, 0xFF1A87E7, 0xFA0579E1, 0xFF2E91EB,
  0xEF75B5E8, 0x2CFFFFF3, 0x00000000, 0x00FFFFFF, 0x00050000, 0x2CB3E7FF, 0x00FFFFFF, 0x00FFFFFF,
  0x00000000, 0x00FFFFFF, 0x00FFFFFF, 0x00000000, 0x00000000, 0x00000000, 0x00000000, 0x00000000,
  0x00FFFFFF, 0x00FFFFFF, 0x8BEEF7FD, 0x00FFFFFF, 0xE9E8F5FD, 0x24F7FFFF, 0x64F7FCFF, 0x21EFEFF7,
  0x00000000, 0x00FFFFFF, 0x00000000, 0x00000000, 0x00000000, 0x00000000, 0x48E9F0F7, 0xA0F0FDFF,
  0xF0E1F4FF, 0xFFEAFFFF, 0xFFCFE8FE, 0xFFD0E6FB, 0x00FFFFFF, 0x3DF6FAFF, 0x00000000, 0x00000000,
  0x00000000, 0x00000000, 0x00000000, 0x00000000, 0x00000000, 0x00000000, 0x00000000, 0x00000000,
  0x00000000, 0x7A8CC6F6, 0xE756AAEF, 0xFF2798FC, 0xFA198CEE, 0xF91E8AEA, 0xFE248BE8, 0xFB0A85ED,
  0xFF35A5FF, 0xA3B3E2FF, 0x00FFFFFF, 0x00000000, 0x00000000, 0x00000000, 0x00000000, 0x00000000,
  0x00000000, 0x00000000, 0x00000000, 0x00000000, 0x00000000, 0x00000000, 0x00000000, 0x00000000,
  0x00000000, 0x00000000, 0x00000000, 0x69F7FFFF, 0xCCF3FCFD, 0x22F0F0F7, 0x00000000, 0x00000000,
  0x00000000, 0x00000000, 0x00000000, 0x00000000, 0x79E9F4FA, 0xBFDEEEFD, 0xFFEDFFFF, 0xFFE3FBFF,
  0xF6C8E3F9, 0xFAC6E6FF, 0xFDC9E4FD, 0xF4C6E0F9, 0xFFF5FFFF, 0x79F0FCFF, 0x00000000, 0x00000000,
  0x00000000, 0x00000000, 0x00000000, 0x00000000, 0x00000000, 0x00000000, 0x00000000, 0x00000000,
  0x00000000, 0x00FFFFFF, 0x6CECFAFC, 0xD07ABCF5, 0xFC2D93F0, 0xFF1C91FA, 0xF6228AE9, 0xF11D8CEB,
  0xFF178CFB, 0xA189C2F2, 0x000B0500, 0x00000000, 0x00000000, 0x00000000, 0x00000000, 0x00000000,
  0x00000000, 0x00000000, 0x00000000, 0x00000000, 0x00000000, 0x00000000, 0x00000000, 0x00000000,
  0x00000000, 0x00000000, 0x00000000, 0x00000000, 0x00000000, 0x00FFFFFF, 0x00000000, 0x00000000,
  0x00000000, 0x45F0F7FB, 0x9DEEFBFF, 0xE3E9F9FF, 0xFFE4FBFF, 0xFDCFE9FD, 0xFECDE3F8, 0xFDCBE2F8,
  0xFECAE4FB, 0xFDC9E4FC, 0xFECAE3FA, 0xFCC9E2F9, 0xFFE3F9FF, 0x54ECFBFF, 0x00000000, 0x00000000,
  0x00000000, 0x00000000, 0x00000000, 0x00000000, 0x00000000, 0x00000000, 0x00000000, 0x00000000,
  0x00000000, 0x00000000, 0x00FFFFFF, 0x00FFFFFF, 0x969FCCEF, 0xCF42A0F7, 0xFF0A89FE, 0xFF1E90F8,
  0xF2429FF3, 0x7BE4EEEE, 0x00000000, 0x00000000, 0x00000000, 0x00000000, 0x00000000, 0x00000000,
  0x00000000, 0x00000000, 0x00000000, 0x00000000, 0x00000000, 0x00000000, 0x00000000, 0x00000000,
  0x00000000, 0x00000000, 0x00000000, 0x00000000, 0x00000000, 0x00FFFFFF, 0x00000000, 0x31E4EFF9,
  0xB3ECF7FF, 0xFFEAFCFF, 0xFFD5E8F9, 0xFFD6EDFF, 0xFACAE3F9, 0xFAC8E2FA, 0xFFCEE4F8, 0xFECCE2F8,
  0xF9CAE4FA, 0xFCCBE4FA, 0xFFEDFFFF, 0xFEDAEDFA, 0x95E1F3FD, 0x00000000, 0x00000000, 0x00000000,
  0x00000000, 0x00000000, 0x00000000, 0x00000000, 0x00000000, 0x00000000, 0x00000000, 0x00000000,
  0x0100FFFF, 0x00000000, 0x00000000, 0x00000000, 0x15FFF2F2, 0x4BE0E7EE, 0xE087C1F5, 0xE882B6E4,
  0xAFB7D9F3, 0x00FFFFFF, 0x00000000, 0x00000000, 0x00000000, 0x00000000, 0x00000000, 0x00000000,
  0x00000000, 0x00000000, 0x00000000, 0x00000000, 0x00000000, 0x00000000, 0x00000000, 0x00000000,
  0x00000000, 0x00000000, 0x00000000, 0x00000000, 0x00000000, 0x00000000, 0x00000000, 0xBFE1EDF9,
  0xFFE4F9FF, 0xFFCCE6FF, 0xFAC7E0F7, 0xFFCCE7FD, 0xFFCCE6FD, 0xFDC9E3FB, 0xF8C5DFF8, 0xFFD8F1FF,
  0xFFF4FFFF, 0xD7E1F5FF, 0x95EDF9FD, 0x1EFFFFF6, 0x05CCCCFF, 0x00000000, 0x00000000, 0x00000000,
  0x2FF4FFFF, 0x7DC5E2F2, 0x8FCBE4F2, 0x4EC4E1FB, 0x7CFFFFF8, 0x1790D2F3, 0x000E0000, 0x09AAC6E2,
  0x00000000, 0x00FFFFFF, 0x00000000, 0x00FFFFFF, 0x00000000, 0x00000000, 0x00FFFFFF, 0x00FFFFFF,
  0x00080501, 0x00000000, 0x00000000, 0x00000000, 0x00000000, 0x00000000, 0x00000000, 0x00000000,
  0x00000000, 0x00000000, 0x00000000, 0x00000000, 0x00000000, 0x00000000, 0x00000000, 0x00000000,
  0x00000000, 0x00000000, 0x00000000, 0x00000000, 0x00000000, 0x00000000, 0x00FFFFFF, 0xF2E4F3FF,
  0xFAC8E3FD, 0xFDCAE4FC, 0xFFCCE5FA, 0xFBCAE0F7, 0xFFCBE4FC, 0xFFDAF4FF, 0xFED9EFFD, 0xCFE6F7FF,
  0x7AEAF8FA, 0x16E7FFFF, 0x00000000, 0x00000000, 0x00000000, 0x00000000, 0x00000000, 0x00000000,
  0xFA82BEEB, 0xFF4CA1ED, 0xFF66C0FF, 0xFF4AA4F6, 0xFF82D0FF, 0xFF69B9F6, 0xC374BCFB, 0xDC95C6ED,
  0x9C93CAFA, 0x9AC3E1F5, 0x86ABD7F9, 0x68E6F2FA, 0x57D0E4F0, 0x00000000, 0x00000000, 0x00000000,
  0x00000000, 0x00000000, 0x00000000, 0x00000000, 0x00000000, 0x00000000, 0x00000000, 0x00000000,
  0x00000000, 0x00000000, 0x00000000, 0x00000000, 0x00000000, 0x00000000, 0x00000000, 0x00000000,
  0x00000000, 0x00000000, 0x00000000, 0x00000000, 0x00000000, 0x00000000, 0x00000000, 0xC8DDEBF6,
  0xFFF4FFFF, 0xF2C6E0FB, 0xFFD5ECFF, 0xFFD2E6FB, 0xFFEDFFFF, 0xC3E4F4FD, 0x56F0FCFF, 0x00FFFFFF,
  0x00000000, 0x00000000, 0x00FFFFFF, 0x00000000, 0x00000000, 0x00000000, 0x00000000, 0x00000000,
  0xFF2897F3, 0xF81D8FF1, 0xF8258BE2, 0xFD3191E5, 0xFD1E84E2, 0xFB3294E6, 0xFF2893F7, 0xFF3790E8,
  0xFF39A3FF, 0xFB3897EB, 0xFF4CAFFF, 0xF248A5F0, 0xFF75BDF9, 0xE991C7ED, 0x3FCEE6EE, 0x00000000,
  0x00FFFFFF, 0x00000000, 0x00000000, 0x00000000, 0x00000000, 0x00000000, 0x00000000, 0x00000000,
  0x00000000, 0x00000000, 0x00000000, 0x00000000, 0x00000000, 0x00000000, 0x00000000, 0x00000000,
  0x00000000, 0x00000000, 0x00000000, 0x00000000, 0x00000000, 0x00000000, 0x00000000, 0x36E7F5FA,
  0xB2E9F9FF, 0x00FFFFFF, 0xFAE8F8FF, 0x99ECFBFF, 0x3FF2FFFF, 0x00000000, 0x00000000, 0x00000000,
  0x00000000, 0x00000000, 0x00000000, 0x00000000, 0x00000000, 0x00000000, 0x00000000, 0x00000000,
  0xFA2A93EC, 0xF82D95EC, 0xFE3693E7, 0xFF3598EB, 0xFF3298E8, 0xFD2D97E4, 0xFE3197EB, 0xFD2891EA,
  0xFB2C96E9, 0xFD2890EA, 0xF82C8CE8, 0xFF2D91E8, 0xF71683E5, 0xFF4CA4F0, 0x99B9DDFB, 0x00000000,
  0x00000000, 0x00000000, 0x00000000, 0x00000000, 0x00000000, 0x00000000, 0x00000000, 0x00000000,
  0x00000000, 0x00000000, 0x00000000, 0x00000000, 0x00000000, 0x00000000, 0x00000000, 0x00000000,
  0x00000000, 0x00000000, 0x00000000, 0x00000000, 0x00000000, 0x00000000, 0x00000000, 0x00000000,
  0x00000000, 0x39EDF6FF, 0x15F2E6F2, 0x00000000, 0x00000000, 0x00000000, 0x00000000, 0x00000000,
  0x00000000, 0x00000000, 0x00000000, 0x00000000, 0x00000000, 0x00000000, 0x00000000, 0x00000000,
  0xFA3893ED, 0xFF2E9AFC, 0xF83192EC, 0xFA1D88E6, 0xF93393EA, 0xF9248BE6, 0xFC3394EC, 0xFA2C8FED,
  0xFE3193E9, 0xFD3494E8, 0xFE3293E8, 0xFE3496EA, 0xFA399AEB, 0xFF2FA2FF, 0xCD99D2FD, 0x00FFFFFF,
  0x00000000, 0x00000000, 0x00000000, 0x00000000, 0x00000000, 0x00000000, 0x00000000, 0x00000000,
  0x00000000, 0x00000000, 0x00000000, 0x00000000, 0x00000000, 0x00000000, 0x00000000, 0x00000000,
  0x00000000, 0x00000000, 0x00000000, 0x00000000, 0x00000000, 0x00000000, 0x00000000, 0x00000000,
  0x00000000, 0x00000000, 0x00000000, 0x00000000, 0x00000000, 0x00000000, 0x00000000, 0x00000000,
  0x00000000, 0x00000000, 0x00000000, 0x00000000, 0x00000000, 0x00000000, 0x00000000, 0x00000000,
  0xB0AACCE9, 0xC46DB6F3, 0xFF6CC0FF, 0xFF69BCFF, 0xFF4BA9FA, 0xFF56AEFB, 0xFF369AEF, 0xFF42A4FA,
  0xFC218AE7, 0xFF3099F3, 0xF81F8EEE, 0xFF1E90F1, 0xFD2C91E6, 0xF32F91E2, 0x9CABCDED, 0x0BD0E7E7,
  0x00000000, 0x00000000, 0x00000000, 0x00000000, 0x00000000, 0x00000000, 0x00000000, 0x00000000,
  0x00000000, 0x00000000, 0x00000000, 0x00000000, 0x00000000, 0x00000000, 0x00000000, 0x00000000,
  0x00000000, 0x00000000, 0x00000000, 0x00000000, 0x00000000, 0x00000000, 0x00000000, 0x00000000,
  0x00000000, 0x1BF5FFF5, 0x2EF3F3F9, 0x52E9EFF5, 0x00010000, 0x00FFFFFF, 0x00000000, 0x00000000,
  0x00000000, 0x00000000, 0x00000000, 0x00000000, 0x00000000, 0x00000000, 0x00000000, 0x00000000,
  0x15DAE6E6, 0x00110600, 0x2589C7F8, 0x75E7F8F6, 0x71B6DDFA, 0x8AB6DAF0, 0xA6ADD8F2, 0xB792CEF3,
  0xE196C9F0, 0xCA7FC1F4, 0xF675B8EC, 0xDE57ADF4, 0xFF96E7FF, 0x9C94CAF6, 0x00FFFFFF, 0x00000000,
  0x00000000, 0x00000000, 0x00000000, 0x00000000, 0x00000000, 0x00000000, 0x00000000, 0x00000000,
  0x00000000, 0x00000000, 0x00000000, 0x00000000, 0x00000000, 0x00000000, 0x00000000, 0x00000000,
  0x00000000, 0x00000000, 0x00000000, 0x00000000, 0x00000000, 0x00000000, 0x00000000, 0x00000000,
  0x13C9E4F1, 0xE7DCEEFC, 0xE8D0EEFF, 0xFFD9F3FF, 0xDCCFEBFB, 0xC6D1EAFB, 0xB9D2EAF6, 0x79D4F0FF,
  0x62DDEAEF, 0x4ED1EBF8, 0x11FFFFE1, 0x2FDEF4F9, 0x00FFFFFF, 0x3CE9F6FA, 0x00000000, 0x00000000,
  0x00000000, 0x00000000, 0x00000000, 0x00000000, 0x00000000, 0x00000000, 0x00FFFFFF, 0x00000000,
  0x00FFFFFF, 0x000A0200, 0x27D7EBEB, 0x00FFFFFF, 0x2AC8ECFF, 0x00000000, 0x00000000, 0x00000000,
  0x00000000, 0x00000000, 0x00000000, 0x00000000, 0x00000000, 0x00000000, 0x00000000, 0x00000000,
  0x00000000, 0x00000000, 0x00000000, 0x00000000, 0x00000000, 0x00000000, 0x00000000, 0x00000000,
  0x00000000, 0x00000000, 0x00000000, 0x00000000, 0x00000000, 0x00000000, 0x00000000, 0x00000000,
  0xA3D1E7FB, 0xFFD8FDFF, 0xFDAED9FB, 0xF8ADD3F5, 0xFFBBE1FF, 0xFFB9E4FF, 0xFFBFE5FF, 0xFFCFFBFF,
  0xFEB8E0FB, 0xFFDFFFFF, 0xE6C3E6FF, 0xFFE3FFFF, 0xEDC4E7FA, 0xE6CEE4F7, 0xB5D7E7F2, 0x1BE2E2F5,
  0x00000000, 0x00000000, 0x00000000, 0x00000000, 0x00000000, 0x00FFFFFF, 0x00FFFFFF, 0x00000000,
  0x00000000, 0x00000000, 0x00000000, 0x00000000, 0x00000000, 0x00FFFFFF, 0x00000000, 0x00FFFFFF,
  0x00000000, 0x00000000, 0x00000000, 0x00000000, 0x00000000, 0x00000000, 0x00000000, 0x00000000,
  0x00000000, 0x00000000, 0x00000000, 0x00000000, 0x00000000, 0x00000000, 0x00000000, 0x00000000,
  0x00000000, 0x00000000, 0x00000000, 0x00000000, 0x00000000, 0x00000000, 0x00000000, 0x14E5F2FF,
  0xDFD4EAFB, 0xF9B0D7F8, 0xF6ADD6F9, 0xFFB6D9F4, 0xFBB4D8F4, 0xFDB3D8F7, 0xFAB2D3F6, 0xF9B8D7F6,
  0xFDB0D6F6, 0xF6AFD8FA, 0xFFB3D7F8, 0xF9B2D3F9, 0xFFB4DBFA, 0xFCAFD7FB, 0xFFCDEBFF, 0x46F0F7FF,
  0x00000000, 0x00000000, 0x00000000, 0x00000000, 0x00000000, 0x00000000, 0x00FFFFFF, 0x00FFFFFF,
  0x00FFFFFF, 0x00000000, 0x00030000, 0x00FFFFFF, 0x44DDFBFF, 0x7ADDEEF4, 0x67C6E1F0, 0x00FFFFFF,
  0x00FFFFFF, 0x00000000, 0x00000000, 0x00000000, 0x00000000, 0x00000000, 0x00000000, 0x00000000,
  0x00000000, 0x00000000, 0x00000000, 0x00000000, 0x00000000, 0x00000000, 0x00000000, 0x00000000,
  0x00000000, 0x00000000, 0x00000000, 0x00000000, 0x00000000, 0x00000000, 0x027F7FFF, 0x00000000,
  0x87E8FFFF, 0xFFE0FFFF, 0xFFC0E6FF, 0xF9B0D6F5, 0xFDAFD5F5, 0xF9AFD7F7, 0xFEADD5F8, 0xF8B5D7F7,
  0xFCB3D5F2, 0xFCB3D9F5, 0xFCB5D8F3, 0xFEB5D7F8, 0xFBB4D7F4, 0xF9B2D9F1, 0xFFDDFFFF, 0x83E5FFFF,
  0x00000000, 0x00000000, 0x00000000, 0x00000000, 0x00000000, 0x00FFFFFF, 0x00000000, 0x00000000,
  0x00FFFFFF, 0x13F1FFFF, 0xACC5E7FF, 0xD691CAF6, 0xFF70BEFD, 0xFF6EB3F2, 0xFF92CCFB, 0x59F3F3F9,
  0x00FFFFFF, 0x00000000, 0x00000000, 0x00000000, 0x00000000, 0x00000000, 0x00000000, 0x00000000,
  0x00000000, 0x00000000, 0x00000000, 0x00000000, 0x00000000, 0x00000000, 0x00000000, 0x00000000,
  0x00000000, 0x00000000, 0x00000000, 0x00000000, 0x00000000, 0x00000000, 0x00000000, 0x00000000,
  0x15FFF2F2, 0x86DCEDF9, 0xC9CAE8FF, 0xFFECFFFF, 0xF7C4E4FD, 0xFFD9FDFF, 0xFFB9E0FD, 0xFFC7F0FF,
  0xFFC1E3FF, 0xFFB7E2FF, 0xFFB6E1FD, 0xFBADD7F9, 0xFDB2D8FC, 0xFFB5DDFB, 0xF4BEDFFF, 0x7EE0ECF6,
  0x00000000, 0x00000000, 0x00000000, 0x03AAFFFF, 0x00000000, 0x00000000, 0x20EFFFFF, 0x00FFFFFF,
  0xE2BFE3F5, 0xF684C2F4, 0xFF6CBEFF, 0xFF3E9EF4, 0xF33593E6, 0xF93D97EA, 0xFF3FA4F6, 0xCF9DDBFF,
  0x12E2FFFF, 0x00000000, 0x00000000, 0x00000000, 0x00000000, 0x00000000, 0x00000000, 0x00000000,
  0x00000000, 0x00000000, 0x00000000, 0x00000000, 0x00000000, 0x00000000, 0x00000000, 0x00000000,
  0x00000000, 0x00000000, 0x00000000, 0x00000000, 0x00000000, 0x00000000, 0x00000000, 0x00000000,
  0x00000000, 0x0CFFFFE9, 0x00050100, 0x51DFF8FF, 0x40FBF7F7, 0x61D7E9F9, 0x95DEECF6, 0x95D7EFFF,
  0xC2DBE9F8, 0xB2D1E6F9, 0xDCCDE7F9, 0xFFCBE5FA, 0xE3C4E1FB, 0xFFEDFFFF, 0x9CDCF1FF, 0x36F0F5FA,
  0x00000000, 0x00000000, 0x00000000, 0x00000000, 0x00000000, 0x4FF8FFFF, 0xAC89BFE8, 0xFF92D8FF,
  0xFF409AE8, 0xFA2C8FE7, 0xFD489CEC, 0xFF46A0F0, 0xFF44A2EA, 0xF84BA3ED, 0xFF42A3F6, 0xD085C6F6,
  0x00020000, 0x00000000, 0x00000000, 0x00000000, 0x00000000, 0x00000000, 0x00000000, 0x00000000,
  0x00000000, 0x00000000, 0x00000000, 0x00000000, 0x00000000, 0x00000000, 0x00000000, 0x00000000,
  0x00000000, 0x00000000, 0x00000000, 0x00000000, 0x00000000, 0x00000000, 0x00000000, 0x00000000,
  0x027F7FFF, 0x00000000, 0x00000000, 0x00000000, 0x00000000, 0x00000000, 0x00000000, 0x00000000,
  0x00000000, 0x00020000, 0x00000000, 0x2EE8EEEE, 0x00FFFFFF, 0x41CCDFEB, 0x00000000, 0x00000000,
  0x00000000, 0x00000000, 0x00FFFFFF, 0x9ACAEEFF, 0xE59DCEF6, 0xFF83D1FF, 0xFF409AEB, 0xFC3C98ED,
  0xFE429DEF, 0xFE44A0EA, 0xFF48A2EF, 0xFD429FEE, 0xFA3E9BE8, 0xFD459AEB, 0xFA47A1F5, 0xBAB3D9F6,
  0x15F2FFFF, 0x00000000, 0x00000000, 0x00FFFFFF, 0x00000000, 0x00000000, 0x00000000, 0x00000000,
  0x00000000, 0x00000000, 0x00000000, 0x00000000, 0x00000000, 0x00000000, 0x00000000, 0x00000000,
  0x00000000, 0x00000000, 0x00000000, 0x00000000, 0x00000000, 0x00000000, 0x81E1F3FF, 0xA3C9E5FD,
  0xCBCAE5F8, 0x5EC6E1F4, 0x00000000, 0x00000000, 0x00000000, 0x00000000, 0x00000000, 0x00000000,
  0x00000000, 0x00000000, 0x00000000, 0x00000000, 0x00000000, 0x00000000, 0x00000000, 0x00000000,
  0x00000000, 0x509FC8EB, 0xFC96C8EE, 0xFF52AEFA, 0xFA419FEC, 0xFC3F9AEB, 0xFC3E9DE9, 0xFE47A0ED,
  0xFF49A0EC, 0xFD429FE8, 0xFC419FED, 0xF93C97EC, 0xFF4CA4F3, 0xFF8FD1FF, 0xAF97CEFF, 0x36FFFFF5,
  0x00000000, 0x00000000, 0x00000000, 0x00000000, 0x00000000, 0x00000000, 0x00000000, 0x00000000,
  0x00000000, 0x00000000, 0x00000000, 0x00000000, 0x00000000, 0x00000000, 0x00000000, 0x00000000,
  0x00000000, 0x00000000, 0x00000000, 0x00000000, 0x00000000, 0x7DBFDCF2, 0xFFC9F3FF, 0xFF9DD7FF,
  0xFFA1D6FF, 0xEFB4D6F2, 0x4CD6E0EA, 0x16DCE7F3, 0x00000000, 0x00000000, 0x00000000, 0x00000000,
  0x00000000, 0x00000000, 0x00000000, 0x00000000, 0x00000000, 0x00000000, 0x00000000, 0x00000000,
  0x00000000, 0xC89BCAF2, 0xFF57AEF9, 0xFE3297EA, 0xFB439FE6, 0xFF4AA0EE, 0xFE44A0EC, 0xFE489FE9,
  0xF83E94E6, 0xFF3998EC, 0xFF6ECAFF, 0xE780BCF1, 0xB4B9DFF6, 0x00FFFFFF, 0x00020000, 0x00000000,
  0x00000000, 0x00FFFFFF, 0x00FFFFFF, 0x1AC4E1F5, 0x00000000, 0x00000000, 0x00000000, 0x00000000,
  0x00000000, 0x00000000, 0x00000000, 0x00000000, 0x00000000, 0x00000000, 0x00000000, 0x00000000,
  0x00000000, 0x00000000, 0x00000000, 0x00000000, 0x0DD7EBFF, 0xBCCAE6FC, 0xFF97CBF8, 0xFB9BC8F1,
  0xFF9BC9F5, 0xFFA4DBFF, 0xD0B0DDFF, 0x94CBE5FB, 0x00FFFFFF, 0x0DEBEBFF, 0x00000000, 0x00000000,
  0x00000000, 0x00000000, 0x00000000, 0x00000000, 0x00000000, 0x00000000, 0x00000000, 0x00000000,
  0x00FFFFFF, 0xEAA2D2F7, 0xFF379BF1, 0xFF47A2F4, 0xFE4EA0E7, 0xFB449EF0, 0xFB3596EE, 0xFF4BABFC,
  0xFE63AFF3, 0xD382C1FA, 0x7FBEDCF0, 0x0E91C8EC, 0x00000000, 0x00000000, 0x00000000, 0x00FFFFFF,
  0x86C2DEF5, 0xFFABDEFF, 0xF590C5F1, 0xE8B5D4EE, 0x45F3F3EC, 0x00000000, 0x00000000, 0x00000000,
  0x00000000, 0x00000000, 0x00000000, 0x00000000, 0x00000000, 0x00000000, 0x00000000, 0x00000000,
  0x00000000, 0x00000000, 0x00000000, 0x00000000, 0x00000000, 0xAFCAE3F7, 0xFFC1F8FF, 0xF497C7F4,
  0xF89CC8F2, 0xF79BCCF4, 0xFFA6DDFF, 0xFCA6D6FF, 0xD2C1E1FD, 0x5BE8F6FC, 0x00000000, 0x00000000,
  0x00000000, 0x00000000, 0x00000000, 0x00000000, 0x00000000, 0x00000000, 0x00000000, 0x00000000,
  0x00000000, 0x92BEDCF2, 0xFF66B6FB, 0xF4288AE6, 0xFF43A0EF, 0xFF46A2EE, 0xF368B1ED, 0xE7A4D6F3,
  0x52E3F5FB, 0x00FFFFFF, 0x00000000, 0x00000000, 0x03AAFFFF, 0x00000000, 0x00FFFFFF, 0x5BE8F6F9,
  0xE27AB9F2, 0xFF65B3FA, 0xF63B98EF, 0xFE66B2F8, 0x98B8E4FF, 0x00010000, 0x00000000, 0x00000000,
  0x00000000, 0x00000000, 0x00000000, 0x00000000, 0x00000000, 0x00000000, 0x00000000, 0x00000000,
  0x1EEEFFF6, 0x00FFFFFF, 0x2BF9F9F3, 0x00000000, 0x00000000, 0x35D3EBFA, 0xC7BDE6FF, 0xFFB0E0FF,
  0xFFA2D0FA, 0xF99CC8F0, 0xF69ACAF2, 0xFA9CCEF7, 0xFFACE0FF, 0xE1B3DEFF, 0x6DC4E2FF, 0x00FFFFFF,
  0x00000000, 0x00000000, 0x00000000, 0x00000000, 0x00000000, 0x00000000, 0x00000000, 0x00000000,
  0x00000000, 0x3ACEE4F1, 0xD596CBF1, 0xFF87C7FB, 0xED8ACAFD, 0xEAB1DDF9, 0x3AB4D7F1, 0x000A0400,
  0x00000000, 0x00000000, 0x00000000, 0x00000000, 0x00000000, 0x00000000, 0x07FFFF91, 0x9987C8FF,
  0xFF64BDFF, 0xF754A7F0, 0xFE5FAAE8, 0xFF52ADF7, 0xF9A2D5F7, 0x00FFFFFF, 0x00000000, 0x00000000,
  0x10EFEFFF, 0x00FFFFFF, 0x32C6E5F4, 0x00000000, 0x00000000, 0x00000000, 0x00000000, 0x4AC7EDFF,
  0xFFD7FFFF, 0xDFA4D6FF, 0xCBB7D9F4, 0x64EFF2EF, 0x00FFFFFF, 0x00040201, 0x30FFFFF4, 0xA9C8E3F8,
  0xF2ACD8FC, 0xFFA3D4FF, 0xFF9DCBF5, 0xF89AC8F1, 0xF798C9F2, 0xFFA5D6FE, 0xFFC3F1FF, 0xC0C5E4FF,
  0x46CFE9FB, 0x00000000, 0x00000000, 0x00000000, 0x00000000, 0x00000000, 0x00000000, 0x00000000,
  0x00000000, 0x00000000, 0x00000000, 0x3DD9EAEE, 0x00FFFFFF, 0x00FFFFFF, 0x00000000, 0x00FFFFFF,
  0x00FFFFFF, 0x00000000, 0x00000000, 0x00000000, 0x00000000, 0x1DC1DBED, 0x96ADD1EE, 0xF266B5FD,
  0xFE5DABF1, 0xFD5BA8EA, 0xFB51A0E9, 0xFF6CB8FF, 0xBE88B6E1, 0x00000000, 0x00000000, 0x00FFFFFF,
  0xC0ACD3F1, 0xFE9ECBF1, 0xFFB6DFFF, 0x69C9DAE9, 0x0BD0E7FF, 0x00000000, 0x00000000, 0xC5A5D1F4,
  0xFF92CEFD, 0xFF7ABDF6, 0xFF86C2FE, 0xCBAFD5F8, 0x056699CC, 0x00000000, 0x00000000, 0x30F4FFF9,
  0x9DD3E8F8, 0xE9B7D9F9, 0xF9A3D2FD, 0xFF9DD0FF, 0xFF99CAF6, 0xFB97CAF1, 0xF693CBF3, 0xFFAFE0FF,
  0xFFC3E3FF, 0x9AD7E9F6, 0x0EC8DAEC, 0x00000000, 0x00000000, 0x00000000, 0x00000000, 0x00000000,
  0x00000000, 0x00000000, 0x00000000, 0x00000000, 0x00000000, 0x00000000, 0x00000000, 0x00000000,
  0x00000000, 0x00000000, 0x00000000, 0x00000000, 0x00000000, 0x9CB2D2F0, 0xF679B9F3, 0xFF58AFFE,
  0xF85AA9EA, 0xFE57A9ED, 0xFC51A4EB, 0xFF9FDBFF, 0x3E9CC9F6, 0x00000000, 0x13FFFFF1, 0xC2B4DEFF,
  0xFF7BC7FF, 0xFB5CA9F2, 0xF96CB4F0, 0xFDA0D0F7, 0x58EDF9FF, 0x00000000, 0x2FF4F9F9, 0xF0A3CEF3,
  0xFF7ABCF6, 0xFB81C1F1, 0xF97BC0F4, 0xFFABECFF, 0x6AC7DFF5, 0x00000000, 0x00000000, 0x00000000,
  0x0ACCE5E5, 0x53D7E3EF, 0xB9BED9F3, 0xFFB5DEFF, 0xFC93C3F0, 0xFF99C6F0, 0xFE9BCAF1, 0xFC91C7F4,
  0xF998C9F4, 0xFFC9EDFF, 0xBBE1EEF5, 0x00FFFFFF, 0x0100FFFF, 0x00000000, 0x00000000, 0x00000000,
  0x00000000, 0x00000000, 0x00000000, 0x00000000, 0x00000000, 0x00000000, 0x00000000, 0x00000000,
  0x00000000, 0x00000000, 0x00000000, 0x00000000, 0x5899C7ED, 0xFF99D9FF, 0xFD4EA1EE, 0xFC5BAAEE,
  0xFA5AA9EA, 0xFF58B2FF, 0xF37CBCF2, 0x88ACD2EC, 0x00000000, 0x00000000, 0x00FFFFFF, 0xE695CEFA,
  0xFF70B8FA, 0xF771B3F0, 0xFF6CB4F3, 0xFF91D2FF, 0x82F5FFFF, 0x00000000, 0x00FFFFFF, 0xC7BBE4FF,
  0xFF7FC1FB, 0xFB7DBBF3, 0xFD7EBCF2, 0xFF80C5FB, 0xC9ADD6F3, 0x2DE8F9F3, 0x00000000, 0x00000000,
  0x00000000, 0x00000000, 0x25C7DCF8, 0xB8C4E1FA, 0xFFC3F0FF, 0xFFA9D7FF, 0xFB98C6F2, 0xFF99CAF4,
  0xFB97CAF6, 0xFFA6D7FF, 0xC1CFEDFF, 0x00030201, 0x00000000, 0x00000000, 0x00000000, 0x00000000,
  0x00000000, 0x00000000, 0x00000000, 0x00000000, 0x00000000, 0x00000000, 0x00000000, 0x00000000,
  0x00000000, 0x00000000, 0x00FFFFFF, 0x00FFFFFF, 0xD483BFF1, 0xFF67B6FD, 0xFE51A2EE, 0xFD5BA9EB,
  0xFF57AAEF, 0xF568B4F5, 0x9BB3D7F0, 0x10BFDFEF, 0x00000000, 0x00000000, 0x3DE1EEEE, 0xFF96CBF7,
  0xFB61A9EC, 0xFF70B4F0, 0xFD67B2F2, 0xFF7BBCF5, 0x41C4D7EF, 0x00000000, 0x05FFFFCC, 0xA4D6EAF7,
  0xFFA1E0FF, 0xFB7CBDF0, 0xFF84BFF0, 0xF87CBBEE, 0xFF95CCF8, 0x74D0EBFA, 0x00000000, 0x00000000,
  0x00000000, 0x00000000, 0x00000000, 0x00000000, 0x5ABBDFF9, 0xD5ADD8FB, 0xFFB9ECFF, 0xFF9ECBF4,
  0xF796C9F0, 0xFF97C9F3, 0xB7C8E1F2, 0x00000000, 0x00000000, 0x00000000, 0x00000000, 0x00000000,
  0x00000000, 0x00000000, 0x00000000, 0x00000000, 0x00000000, 0x00000000, 0x00000000, 0x00000000,
  0x00000000, 0x00000000, 0x00FFFFFF, 0xA5A5D6FF, 0xFF7DCAFF, 0xFB52A3EC, 0xFE5BA9EE, 0xF959A7EA,
  0xFF60B7FF, 0xDD9CCEF8, 0x48E6F4F7, 0x00000000, 0x00000000, 0x00000000, 0x00FFFFFF, 0xE985C9FF,
  0xFE6FB3F2, 0xFE74B4EE, 0xFD61AFF0, 0xFF90CEFC, 0x00FFFFFF, 0x00000000, 0x00000000, 0x00010000,
  0xF2AAD3F7, 0xF77AB9EF, 0xFD82BFF0, 0xFD82BEF3, 0xFF8ACAFF, 0xFFC6E9FF, 0x00FFFFFF, 0x00000000,
  0x00000000, 0x00000000, 0x00000000, 0x00000000, 0x00000000, 0x00FFFFFF, 0x87B5DBFB, 0xF8ACD4FD,
  0xFFCEFBFF, 0xE4B9D8F4, 0xD9E8F3F7, 0x00000000, 0x00000000, 0x00000000, 0x00000000, 0x00000000,
  0x00000000, 0x00000000, 0x00000000, 0x00000000, 0x00000000, 0x00000000, 0x00000000, 0x00000000,
  0x00000000, 0x00FFFFFF, 0x59C2E2FC, 0xF879C0FC, 0xFB5FA8EE, 0xFC5AA6EA, 0xFC53A7EC, 0xFF5BACF3,
  0xE785C0F3, 0x59EDF3F6, 0x00000000, 0x00000000, 0x00000000, 0x00000000, 0x57B5D8F0, 0xFF99DDFF,
  0xF868ACEC, 0xFF6FB3F1, 0xF964B0EE, 0xFFA9E2FF, 0x4ACBE6F8, 0x00000000, 0x00000000, 0x00FFFFFF,
  0xB0C2E0FA, 0xFF92CDFF, 0xFC7DBDF3, 0xFF7FBFF7, 0xF672B7F0, 0xFF95CCF9, 0x5FDEF1FF, 0x00000000,
  0x01000000, 0x00000000, 0x00000000, 0x00000000, 0x00000000, 0x00000000, 0x00000000, 0x37D5E7FA,
  0x89CEE6FF, 0x3CD8EEFF, 0x00000000, 0x00000000, 0x00000000, 0x00000000, 0x00000000, 0x00000000,
  0x00000000, 0x00000000, 0x00000000, 0x00000000, 0x00000000, 0x00000000, 0x00000000, 0x00000000,
  0x00000000, 0x00FFFFFF, 0xBB81C4F9, 0xFF6AC1FF, 0xF956A3E9, 0xFE5AA7E9, 0xF855A7EE, 0xFF73BAF9,
  0xC8C4E0F4, 0x31FFFFF9, 0x00000000, 0x00FFFFFF, 0x00000000, 0x00FFFFFF, 0x4EF1FFFB, 0xF579BEF7,
  0xFF69B3F4, 0xFD70B4F0, 0xFF6EBAFB, 0xC598D0FC, 0x00000000, 0x00000000, 0x00000000, 0x00000000,
  0x06FFFFAA, 0xEFA7D1F7, 0xFF81C2F8, 0xFF82C1F8, 0xFC7FBEF1, 0xFF85C0F3, 0xEFC2E1F9, 0x00FFFFFF,
  0x00000000, 0x00000000, 0x00000000, 0x00000000, 0x00000000, 0x00000000, 0x00000000, 0x00000000,
  0x00000000, 0x00000000, 0x00000000, 0x00000000, 0x00000000, 0x00000000, 0x00000000, 0x00000000,
  0x00000000, 0x00000000, 0x00000000, 0x00000000, 0x00000000, 0x00000000, 0x00000000, 0x00000000,
  0x00000000, 0x68B2DFFA, 0xFF73C2FF, 0xF255A9EF, 0xFC5AA8F1, 0xFD4EA4EF, 0xFF77C9FF, 0xBAA1D4FF,
  0x27FFFFF8, 0x00000000, 0x00000000, 0x00FFFFFF, 0x00FFFFFF, 0x00000000, 0x83AFDBFD, 0xFF8BD5FF,
  0xF96CB1EC, 0xFE6FB2EF, 0xFD61ADEF, 0xF0A6D2F2, 0x1EFFFFF6, 0x00000000, 0x00000000, 0x00000000,
  0x00000000, 0xA2C0E1F8, 0xFA87C1F1, 0xF97ABCF2, 0xFF88BEF0, 0xFF7CBBF1, 0xFFAAD9FF, 0x41FFFFEF,
  0x00000000, 0x00000000, 0x00000000, 0x00000000, 0x00000000, 0x00000000, 0x00000000, 0x00000000,
  0x00000000, 0x00000000, 0x00000000, 0x00000000, 0x00000000, 0x00000000, 0x00000000, 0x00000000,
  0x00000000, 0x00000000, 0x00000000, 0x00000000, 0x00000000, 0x00000000, 0x00000000, 0x00000000,
  0x00000000, 0x81D3F5FF, 0xFF84D0FF, 0xFE4AA2F0, 0xFB55A5F1, 0xFF57A8F0, 0xF080BCEC, 0x30CFE4F9,
  0x00FFFFFF, 0x00000000, 0x00000000, 0x00000000, 0x00000000, 0x0AE5FFFF, 0xC4BDE1F8, 0xFF71B4EE,
  0xFC69B2F2, 0xFD6CB5F6, 0xFF72BEFE, 0xD0A3D1F3, 0x00000000, 0x00000000, 0x00000000, 0x00FFFFFF,
  0x00000000, 0x4AF4FFFF, 0xFFB1E5FF, 0xFA75BAF1, 0xFF84BEF3, 0xFB78BCF2, 0xFC7BBDF9, 0xB3B3D8F6,
  0x00000000, 0x00000000, 0x00000000, 0x00000000, 0x00000000, 0x00000000, 0x00000000, 0x00000000,
  0x00000000, 0x00000000, 0x00000000, 0x00000000, 0x00000000, 0x00000000, 0x00000000, 0x00000000,
  0x00000000, 0x00000000, 0x00000000, 0x00000000, 0x00000000, 0x00000000, 0x00000000, 0x00000000,
  0x00000000, 0x00FFFFFF, 0xA7A0CCEF, 0xE870B0EC, 0xFF6AB5FC, 0xFFAEE5FF, 0x7394C0E2, 0x00000000,
  0x00000000, 0x00000000, 0x00000000, 0x00000000, 0x00000000, 0x00000000, 0xB8A9DAFC, 0xFF72C4FF,
  0xFE6EB4F3, 0xFF70B3F1, 0xFA66AEED, 0xE5C1E3FB, 0x00FFFFFF, 0x00000000, 0x00000000, 0x00000000,
  0x00000000, 0x00000000, 0xD5C3DEF6, 0xFF89C7F8, 0xFD7EC0F4, 0xFF80C0F6, 0xFC7BBDF3, 0xFFB4DCFF,
  0x00FFFFFF, 0x00000000, 0x00000000, 0x00000000, 0x00000000, 0x00000000, 0x00000000, 0x00000000,
  0x00000000, 0x00000000, 0x00000000, 0x00000000, 0x00000000, 0x00000000, 0x00000000, 0x00000000,
  0x00000000, 0x00000000, 0x00000000, 0x00000000, 0x00000000, 0x00000000, 0x00000000, 0x00000000,
  0x00000000, 0x00000000, 0x00000000, 0xADC9DEED, 0x76C8E5F8, 0x74F8FFFF, 0x00000000, 0x00000000,
  0x00000000, 0x00000000, 0x00000000, 0x00000000, 0x00000000, 0x0BB9D0E7, 0xF0A8D4F1, 0xFD6DB6EE,
  0xFD69B3F0, 0xFA6CB0F1, 0xFF8ACFFF, 0xC2BEE4FF, 0x00000000, 0x00000000, 0x00000000, 0x00000000,
  0x00000000, 0x00000000, 0x74D7EBFC, 0xFF95C6F9, 0xFA75B6EF, 0xFE83BCF0, 0xF881BCEF, 0xFFB2EBFF,
  0x64E0F4FF, 0x00000000, 0x00FFFFFF, 0x00000000, 0x00000000, 0x00000000, 0x00000000, 0x00000000,
  0x00000000, 0x00000000, 0x00000000, 0x00000000, 0x00000000, 0x00000000, 0x00000000, 0x00000000,
  0x00000000, 0x00000000, 0x00000000, 0x00000000, 0x00000000, 0x00000000, 0x00000000, 0x00000000,
  0x00000000, 0x00000000, 0x00000000, 0x00000000, 0x00000000, 0x00000000, 0x00000000, 0x00000000,
  0x00000000, 0x00000000, 0x00000000, 0x00000000, 0x00000000, 0x00FFFFFF, 0xDA9FCFFB, 0xFF6AB4FD,
  0xFF74B6F0, 0xFD6EB4F2, 0xFF72B9FB, 0x86C4E0F9, 0x00000000, 0x00000000, 0x00000000, 0x00000000,
  0x00000000, 0x00000000, 0x00FFFFFF, 0xE6C0E4FD, 0xFF8CCFFF, 0xF982C1F6, 0xF873B5F4, 0xFF8BC3F3,
  0x8BD6EEF7, 0x00FFFFFF, 0x00000000, 0x00000000, 0x00000000, 0x00000000, 0x00000000, 0x00000000,
  0x00000000, 0x00000000, 0x00000000, 0x00000000, 0x00000000, 0x00000000, 0x00000000, 0x00000000,
  0x00000000, 0x00000000, 0x00000000, 0x00000000, 0x00000000, 0x00000000, 0x00000000, 0x00000000,
  0x00000000, 0x00000000, 0x00000000, 0x00000000, 0x00000000, 0x00000000, 0x00000000, 0x00000000,
  0x00000000, 0x00000000, 0x00000000, 0x00000000, 0x00000000, 0x1CC8E3F5, 0xFEA9D7FD, 0xF56FB4F5,
  0xFD71B5ED, 0xF967ACEC, 0xFF90CFFF, 0x85D0E7EF, 0x00000000, 0x00000000, 0x00000000, 0x00000000,
  0x00000000, 0x00000000, 0x00FFFFFF, 0xC9E6F7FD, 0xCEA2CEF8, 0xFD84BFF5, 0xFF95D5FF, 0xFFC9F7FF,
  0x75D5EDFA, 0x00000000, 0x00000000, 0x00000000, 0x00000000, 0x00000000, 0x00000000, 0x00000000,
  0x00000000, 0x00000000, 0x00000000, 0x00000000, 0x00000000, 0x00000000, 0x00000000, 0x00000000,
  0x00000000, 0x00000000, 0x00000000, 0x00000000, 0x00000000, 0x00000000, 0x00000000, 0x00000000,
  0x00000000, 0x00000000, 0x00000000, 0x00000000, 0x00000000, 0x00000000, 0x00000000, 0x00000000,
  0x00000000, 0x00000000, 0x00000000, 0x00000000, 0x0100FFFF, 0x00FFFFFF, 0xD6ACDAFB, 0xFF5EAEF9,
  0xFB66B2F4, 0xF367B3F3, 0xFF91D5FF, 0x6AD1EEFC, 0x00000000, 0x00000000, 0x00000000, 0x00000000,
  0x00000000, 0x00000000, 0x00000000, 0x17F3F3F3, 0x61E4EFEF, 0xB2C8E3F6, 0x9AD8F3FF, 0x75F1FCFC,
  0x00000000, 0x00000000, 0x00000000, 0x00000000, 0x00000000, 0x00000000, 0x00000000, 0x00000000,
  0x00000000, 0x00000000, 0x00000000, 0x00000000, 0x00000000, 0x00000000, 0x00000000, 0x00000000,
  0x00000000, 0x00000000, 0x00000000, 0x00000000, 0x00000000, 0x00000000, 0x00000000, 0x00000000,
  0x00000000, 0x00000000, 0x00000000, 0x00000000, 0x00000000, 0x00000000, 0x00000000, 0x00000000,
  0x00000000, 0x00000000, 0x00000000, 0x00000000, 0x00000000, 0x00FFFFFF, 0x8BD8EAF3, 0xFFACDCFF,
  0xFD79BAF4, 0xFFA4E7FF, 0xA7ABD5F4, 0x00FFFFFF, 0x00000000, 0x00FFFFFF, 0x00000000, 0x00000000,
  0x00000000, 0x00000000, 0x00000000, 0x00000000, 0x00000000, 0x00FFFFFF, 0x00000000, 0x00FFFFFF,
  0x00000000, 0x00000000, 0x00000000, 0x00000000, 0x00000000, 0x00000000, 0x00000000, 0x00000000,
  0x00000000, 0x00000000, 0x00000000, 0x00000000, 0x00000000, 0x00000000, 0x00000000, 0x00000000,
  0x00000000, 0x00000000, 0x00000000, 0x00000000, 0x00000000, 0x00000000, 0x00000000, 0x00000000,
  0x00000000, 0x00000000, 0x00000000, 0x00000000, 0x00000000, 0x00000000, 0x00000000, 0x00000000,
  0x00000000, 0x00000000, 0x00000000, 0x00000000, 0x00000000, 0x00000000, 0x00000000, 0x60C7DCEC,
  0x86DAE6EF, 0x8EDEF2F9, 0x06AAD4FF, 0x00000000, 0x00FFFFFF, 0x00FFFFFF, 0x00000000, 0x00000000,
  0x00000000, 0x00000000, 0x00000000, 0x00000000, 0x00000000, 0x00000000, 0x00000000, 0x00FFFFFF,
  0x00000000, 0x00000000, 0x00000000, 0x00000000, 0x00000000, 0x00000000, 0x00000000, 0x00000000,
  0x00000000, 0x00000000, 0x00000000, 0x00000000, 0x00000000, 0x00000000, 0x00000000, 0x00000000,
};

static const unsigned g_splash_sp05_w = 56u;
static const unsigned g_splash_sp05_h = 56u;
static const uint32_t g_splash_sp05_px[3136] = {
  0x00000000, 0x00000000, 0x00000000, 0x00000000, 0x00000000, 0x00000000, 0x00000000, 0x00000000,
  0x00000000, 0x00000000, 0x00000000, 0x00000000, 0x00000000, 0x00000000, 0x00000000, 0x00000000,
  0x00000000, 0x00000000, 0x00000000, 0x00000000, 0x00000000, 0x00000000, 0x00000000, 0x00000000,
  0x00000000, 0x00000000, 0x00000000, 0x00FFFFFF, 0xE468ADEE, 0xFF0069DF, 0xFF0076E0, 0xFF1380EA,
  0xA9579EE0, 0x00000000, 0x00000000, 0x00000000, 0x00000000, 0x00000000, 0x00000000, 0x00000000,
  0x00000000, 0x00000000, 0x00000000, 0x00000000, 0x00000000, 0x00000000, 0x00000000, 0x00000000,
  0x00000000, 0x00000000, 0x00000000, 0x00000000, 0x00000000, 0x00000000, 0x00000000, 0x00000000,
  0x00000000, 0x00000000, 0x00000000, 0x00000000, 0x00000000, 0x00000000, 0x00000000, 0x00000000,
  0x00000000, 0x00000000, 0x00000000, 0x00000000, 0x00000000, 0x00000000, 0x00000000, 0x00000000,
  0x00000000, 0x00000000, 0xD366ACF0, 0x65D6EAF2, 0x00000000, 0x00000000, 0x00000000, 0x00000000,
  0x00000000, 0x00FFFFFF, 0x00000000, 0x6BCAE7F5, 0xFF3496EB, 0xF90075E2, 0xFD0480E1, 0xFF0077EA,
  0xFF56BAFF, 0x5BBEE5F3, 0x00000000, 0x00000000, 0x00000000, 0x00000000, 0x00000000, 0x00000000,
  0x00000000, 0x00000000, 0x00000000, 0x00000000, 0x00000000, 0x00000000, 0x00000000, 0x00000000,
  0x00000000, 0x00000000, 0x00000000, 0x00000000, 0x00000000, 0x00000000, 0x00000000, 0x00000000,
  0x00000000, 0x00000000, 0x00000000, 0x00000000, 0x00000000, 0x00000000, 0x00000000, 0x00000000,
  0x00000000, 0x00000000, 0x00000000, 0x00000000, 0x00000000, 0x00000000, 0x00000000, 0x00000000,
  0xF81586EE, 0xFC1F88EE, 0xFB1D83E6, 0xFF9ADAFF, 0x3AB8DBED, 0x00000000, 0x00000000, 0x00000000,
  0x00000000, 0x00000000, 0x00000000, 0xA9DCF2FA, 0xFF3A99F2, 0xF90076E6, 0xFF0781EC, 0xFF0478E4,
  0xFF3496E4, 0x00FFFFFF, 0x00000000, 0x00000000, 0x00000000, 0x00000000, 0x00000000, 0x00000000,
  0x00000000, 0x00000000, 0x00000000, 0x00000000, 0x00000000, 0x00000000, 0x00000000, 0x00000000,
  0x00000000, 0x00000000, 0x00000000, 0x00000000, 0x00000000, 0x00000000, 0x00000000, 0x00000000,
  0x00000000, 0x00000000, 0x00000000, 0x00000000, 0x00000000, 0x00000000, 0x00000000, 0x00000000,
  0x00000000, 0x00000000, 0x00000000, 0x00000000, 0x00000000, 0x00000000, 0xB7CBE3F2, 0xFA3B95E3,
  0xFE1B87E7, 0xFE248BEE, 0xFD0A78E4, 0xFF50A3E9, 0x92CEE4EF, 0x00000000, 0x00000000, 0x00000000,
  0x00000000, 0x00000000, 0x00000000, 0x8F9CD0F7, 0xFF1489F0, 0xFD0680E9, 0xFF067DEB, 0xFB0071E5,
  0xFB4FA2E7, 0x00FFFFFF, 0x00000000, 0x00000000, 0x00000000, 0x00000000, 0x00000000, 0x00000000,
  0x00000000, 0x00000000, 0x00000000, 0x00000000, 0x00000000, 0x00000000, 0x00000000, 0x00000000,
  0x00000000, 0x00000000, 0x00000000, 0x00000000, 0x00000000, 0x00000000, 0x00000000, 0x00000000,
  0x00000000, 0x00000000, 0x00000000, 0x00000000, 0x00000000, 0x00000000, 0x00000000, 0x00000000,
  0x00000000, 0x00000000, 0x00000000, 0x00000000, 0x00000000, 0x00000000, 0x64F4F7F2, 0xFF73B9EE,
  0xFF0480E5, 0xFC1B8DEB, 0xFC2089E4, 0xFF1189EE, 0xC282C2F4, 0x1AFFFFF5, 0x00000000, 0x00000000,
  0x00000000, 0x00000000, 0x00000000, 0xA5B0DEF8, 0xFF1889E9, 0xFC017AE2, 0xFE077EE1, 0xFF027DE3,
  0xF15EAFED, 0x00FFFFFF, 0x00000000, 0x00000000, 0x00000000, 0x00000000, 0x00000000, 0x00000000,
  0x00000000, 0x00000000, 0x00000000, 0x00000000, 0x00000000, 0x00000000, 0x00000000, 0x00000000,
  0x00000000, 0x00000000, 0x00000000, 0x00000000, 0x00000000, 0x00000000, 0x00000000, 0x00000000,
  0x00000000, 0x00000000, 0x00000000, 0x00000000, 0x00000000, 0x00000000, 0x00000000, 0x00000000,
  0x00000000, 0x00000000, 0x00000000, 0x00000000, 0x00000000, 0x00000000, 0x0D9CC4EB, 0xCE9DC9EE,
  0xFF2A93E8, 0xFF1585E9, 0xFA2288E3, 0xFF1991F5, 0xD53FA6FB, 0x2CFFFFF9, 0x00000000, 0x00000000,
  0x00000000, 0x08DFFFFF, 0x000A0200, 0xB39BCFF3, 0xFF006FE4, 0xFE067EE9, 0xFF057FE7, 0xF60069DB,
  0xF476BBEE, 0x00FFFFFF, 0x00000000, 0x00000000, 0x00000000, 0x00000000, 0x00000000, 0x00000000,
  0x00000000, 0x00000000, 0x00000000, 0x00000000, 0x00000000, 0x00000000, 0x00000000, 0x00000000,
  0x00000000, 0x00000000, 0x00000000, 0x00000000, 0x00000000, 0x00000000, 0x00000000, 0x00000000,
  0x00000000, 0x00000000, 0x00000000, 0x00000000, 0x00000000, 0x00000000, 0x00000000, 0x00000000,
  0x00000000, 0x00000000, 0x00000000, 0x00000000, 0x00000000, 0x00000000, 0x00000000, 0x5C9BCAEE,
  0xFF59AFF5, 0xFF1084F2, 0xFD2089EA, 0xF71987E7, 0xFF30A4FF, 0x9473BBF8, 0x00FFFFFF, 0x00000000,
  0x00000000, 0x00000000, 0x00FFFFFF, 0xCA94D1FC, 0xFF1080EA, 0xFC027DE8, 0xFD047AE7, 0xFF087CE6,
  0xD173BDF1, 0x00070200, 0x00000000, 0x00000000, 0x00000000, 0x00000000, 0x00000000, 0x00000000,
  0x00000000, 0x00000000, 0x00000000, 0x00000000, 0x00000000, 0x00000000, 0x00000000, 0x00000000,
  0x00000000, 0x00000000, 0x00000000, 0x00000000, 0x00000000, 0x00000000, 0x00000000, 0x00000000,
  0x00000000, 0x00000000, 0x00000000, 0x00000000, 0x00000000, 0x00000000, 0x00000000, 0x00000000,
  0x00000000, 0x00000000, 0x00000000, 0x00000000, 0x00000000, 0x00000000, 0x00000000, 0x00000000,
  0xAB75B4E8, 0xFF3398F4, 0xFD1083E9, 0xFC1B88E8, 0xFF218EEC, 0xEC52ABF8, 0x54E6F2FB, 0x00FFFFFF,
  0x00000000, 0x00000000, 0x00FFFFFF, 0xF682BFF7, 0xF30068E1, 0xFF0482EA, 0xFF077EE9, 0xFF007AEC,
  0xC990C9F6, 0x00160C02, 0x00000000, 0x00000000, 0x00000000, 0x00000000, 0x00000000, 0x00000000,
  0x00000000, 0x00000000, 0x00000000, 0x00000000, 0x00000000, 0x00000000, 0x00000000, 0x00000000,
  0x00000000, 0x00000000, 0x00000000, 0x00000000, 0x00000000, 0x00000000, 0x00000000, 0x00000000,
  0x00000000, 0x00000000, 0x00000000, 0x00000000, 0x00000000, 0x00000000, 0x00FFFFFF, 0x00FFFFFF,
  0x00000000, 0x00000000, 0x00000000, 0x00000000, 0x00000000, 0x00000000, 0x00000000, 0x00000000,
  0x4270B9EF, 0xFF5EBAFF, 0xF71184E8, 0xFE1F8AE9, 0xF71383E5, 0xFF3CA9FF, 0x9976BAF1, 0x00000000,
  0x00FFFFFF, 0x00FFFFFF, 0x00000000, 0xF461ACEE, 0xFF0778E2, 0xFF0581ED, 0xFB0279E8, 0xFF1584E6,
  0xB1B2DAF4, 0x00000000, 0x00000000, 0x00000000, 0x00000000, 0x00000000, 0x00000000, 0x00000000,
  0x00000000, 0x00000000, 0x00000000, 0x00000000, 0x00000000, 0x00000000, 0x00000000, 0x00000000,
  0x00000000, 0x00000000, 0x00000000, 0x00000000, 0x00000000, 0x00000000, 0x00000000, 0x00000000,
  0x00000000, 0x00000000, 0x00000000, 0x00000000, 0x00FFFFFF, 0xA9B9DAF4, 0xD477B6E4, 0xFF91CBFB,
  0xBCB4D7EE, 0x42C8E3F3, 0x00000000, 0x00000000, 0x00000000, 0x00000000, 0x00000000, 0x00000000,
  0x00000000, 0xBB72B9F5, 0xFF32A0FF, 0xF91586EA, 0xFE1C86E3, 0xFF1B88E6, 0xFF55A8E9, 0x205FAFEF,
  0x00080300, 0x00FFFFFF, 0x00FFFFFF, 0xFF6CC0FF, 0xF70072E2, 0xFF0280EA, 0xFE087FE8, 0xFF1589F2,
  0x8888C3F0, 0x00000000, 0x0100FFFF, 0x00000000, 0x00000000, 0x00000000, 0x00000000, 0x00000000,
  0x00000000, 0x00000000, 0x00000000, 0x00000000, 0x00000000, 0x00000000, 0x00000000, 0x00000000,
  0x00000000, 0x00000000, 0x00000000, 0x00000000, 0x00000000, 0x00000000, 0x00000000, 0x00000000,
  0x00000000, 0x00000000, 0x00FFFFFF, 0x00FFFFFF, 0x81CDE9F3, 0xFF73BCFF, 0xFF2292F0, 0xFF1689EF,
  0xFF51AFFD, 0xD977BEFA, 0x7FFCFFF8, 0x16E7F3FF, 0x00000000, 0x00000000, 0x00000000, 0x00000000,
  0x00FFFFFF, 0x7AB3DBF6, 0xFF3E9EF0, 0xF81A8BED, 0xFC1D8BE7, 0xFE0A7FE3, 0xFF4EB4FF, 0xA2A3D6FA,
  0x00000000, 0x00FFFFFF, 0x00FFFFFF, 0xFA3B95ED, 0xFE0076E4, 0xFF0581E3, 0xFB0075DF, 0xFF3091EB,
  0x86D7F1FD, 0x00000000, 0x00000000, 0x00000000, 0x00000000, 0x00000000, 0x00000000, 0x00000000,
  0x00000000, 0x00000000, 0x00000000, 0x00000000, 0x00000000, 0x00000000, 0x00000000, 0x00000000,
  0x00000000, 0x00000000, 0x00000000, 0x00000000, 0x00000000, 0x00000000, 0x00000000, 0x00000000,
  0x00000000, 0x00000000, 0x00FFFFFF, 0x00000000, 0xA4A6D1F4, 0xFF389CF9, 0xF31F91F0, 0xFE3693E5,
  0xF8298EE3, 0xFF2189EB, 0xFF8FDAFF, 0x8797D3F7, 0x00060000, 0x00000000, 0x00000000, 0x00000000,
  0x00000000, 0x00FFFFFF, 0xD574B9F3, 0xFF1F96FF, 0xF81B8AEB, 0xFF2087E8, 0xFB107EE4, 0xFF81BEEC,
  0x35C0DDEB, 0x00000000, 0x89D7EEF9, 0xFF45A6FF, 0xF80071E5, 0xFF077BE3, 0xF80076E3, 0xFF2D9AF8,
  0x6ACEEEF7, 0x00000000, 0x00FFFFFF, 0x00000000, 0x00000000, 0x00000000, 0x00000000, 0x00000000,
  0x00000000, 0x00000000, 0x00000000, 0x00000000, 0x00000000, 0x00000000, 0x00000000, 0x00000000,
  0x00000000, 0x00000000, 0x00000000, 0x00000000, 0x00000000, 0x00000000, 0x00000000, 0x00000000,
  0x00000000, 0x00000000, 0x00000000, 0x04BFBFBF, 0x9BDAE9F1, 0xF24DA0EE, 0xFF2F97F5, 0xFB3091EA,
  0xFF3597EA, 0xFE2D8FE4, 0xFD2F8FE2, 0xFF52B0FF, 0xB29CCCF3, 0x32BCD6EA, 0x00000000, 0x00000000,
  0x00000000, 0x00FFFFFF, 0x7EBADCF2, 0xF23296F0, 0xFE208BEB, 0xFB228CE7, 0xFF0680EC, 0xF3419AE6,
  0x4CEEF1EE, 0x00000000, 0x00FFFFFF, 0xEE459CE3, 0xFE057DE6, 0xF7047EEC, 0xFF0075E7, 0xFF56B1FE,
  0x00FFFFFF, 0x00000000, 0x00000000, 0x00000000, 0x00000000, 0x00000000, 0x00000000, 0x00000000,
  0x00000000, 0x00000000, 0x00000000, 0x00000000, 0x00000000, 0x00000000, 0x00000000, 0x00000000,
  0x00000000, 0x00000000, 0x00000000, 0x00000000, 0x00000000, 0x00000000, 0x00000000, 0x00000000,
  0x00000000, 0x00000000, 0x00000000, 0x00000000, 0x30F4EFE4, 0xA690C4F1, 0xFF56B5FF, 0xF7268BE8,
  0xFD2D93E9, 0xFE3197E6, 0xFA2C94E2, 0xFF2992F1, 0xFF4FA3F5, 0xD582C0F6, 0x5AEEF9F9, 0x01000000,
  0x00000000, 0x00000000, 0x2DFFFFE8, 0xB35CAAF5, 0xFF1692FF, 0xF32189E4, 0xF7158CF3, 0xFF67CDFF,
  0x60D1F1FF, 0x00040100, 0x00FFFFFF, 0x9377B7E8, 0xFF40A8FF, 0xFF017BEF, 0xFE2283DC, 0xC589C3F2,
  0x00060000, 0x00000000, 0x00000000, 0x00000000, 0x00000000, 0x00000000, 0x00000000, 0x00000000,
  0x00000000, 0x00000000, 0x00000000, 0x00000000, 0x00000000, 0x00000000, 0x00000000, 0x00000000,
  0x00000000, 0x00000000, 0x00000000, 0x00000000, 0x00000000, 0x00000000, 0x00000000, 0x00000000,
  0x00000000, 0x00000000, 0x00000000, 0x00000000, 0x00000000, 0x00060000, 0x9D95CEFA, 0xFF71C2FF,
  0xFF2D94F1, 0xF7278CE7, 0xFF3195EA, 0xFE2E96ED, 0xF9268CE5, 0xFF339FFD, 0xFD6EB4F0, 0x96A6D6F8,
  0x00FFFFFF, 0x00000000, 0x027FFFFF, 0x86BAD7F1, 0xF63C9CF5, 0xFF2294FC, 0xFA1383EF, 0xB779B7EF,
  0x00FFFFFF, 0x17FFFFF3, 0x00000000, 0x00000000, 0xA5B7E6FF, 0xC395CAF4, 0xACC8E1ED, 0x4FF5F8F2,
  0x00000000, 0x00000000, 0x00000000, 0x00000000, 0x00000000, 0x00000000, 0x00000000, 0x00000000,
  0x00000000, 0x00000000, 0x00000000, 0x00000000, 0x00000000, 0x00000000, 0x00000000, 0x00000000,
  0x00FFFFFF, 0x00000000, 0x1AF5FFFF, 0x00FFFFFF, 0x00FFFFFF, 0x00000000, 0x00000000, 0x00000000,
  0x00000000, 0x00000000, 0x00000000, 0x00000000, 0x00000000, 0x00000000, 0x19CCEAF4, 0x80DBEFF5,
  0xEB71B9F5, 0xFF429DED, 0xFF2C91EE, 0xFB2D90ED, 0xFE2E96EB, 0xFC2A94EB, 0xF92E8FEA, 0xFF4AADFF,
  0xB89DCEF3, 0x41C0DFEF, 0x00000000, 0x00FFFFFF, 0xA7B8D7EF, 0xD793C0E7, 0xBBB5D7F4, 0x3FFFFFEA,
  0x00FFFFFF, 0x00000000, 0x00000000, 0x00000000, 0x00FFFFFF, 0x00FFFFFF, 0x08DFDFDF, 0x00000000,
  0x00FFFFFF, 0x00000000, 0x00000000, 0x00000000, 0x00000000, 0x00000000, 0x00000000, 0x00000000,
  0x00000000, 0x00000000, 0x00000000, 0x00000000, 0x00000000, 0x00000000, 0x00000000, 0x31F4F4FF,
  0x57F3F6FC, 0x00FFFFFF, 0x00FFFFFF, 0x00FFFFFF, 0xADEBF4FA, 0x00000000, 0x00000000, 0x00000000,
  0x00000000, 0x00000000, 0x00000000, 0x00000000, 0x00000000, 0x00000000, 0x00000000, 0x00000000,
  0x4ABDDCF1, 0xC09CCDED, 0xFF4BAEFD, 0xF9298CE8, 0xFE3091E6, 0xFE3394E9, 0xFA2F90E8, 0xFF2992EC,
  0xFF4BA2EE, 0xE090C6EC, 0x00000000, 0x00000000, 0x00010000, 0x00FFFFFF, 0x00FFFFFF, 0x00000000,
  0x00000000, 0x00000000, 0x00000000, 0x00000000, 0x00000000, 0x00000000, 0x00000000, 0x00FFFFFF,
  0x00FFFFFF, 0x00000000, 0x00000000, 0x00000000, 0x00000000, 0x00000000, 0x00000000, 0x00000000,
  0x00000000, 0x00000000, 0x00000000, 0x00000000, 0x00000000, 0x30E9F4F9, 0x8DECF2F9, 0xE4F2F8FC,
  0xE7F5FDFF, 0x42E3EFFB, 0xEDE5EFFA, 0xFFE9F9FF, 0xFFF2FFFF, 0xC3ECF1F8, 0x00000000, 0x00000000,
  0x00000000, 0x00000000, 0x00000000, 0x00000000, 0x00000000, 0x00000000, 0x00000000, 0x00000000,
  0x00020100, 0x00FFFFFF, 0x9E9AD0F2, 0xFF6CB3EE, 0xFF309DFA, 0xF7248EEA, 0xFF3396EC, 0xFE3596E7,
  0xF31080E5, 0xFF7AC3FE, 0x4DE1EEF1, 0x00000000, 0x00000000, 0x00000000, 0x00000000, 0x00000000,
  0x00000000, 0x00000000, 0x00000000, 0x00000000, 0x00000000, 0x00000000, 0x00000000, 0x00000000,
  0x00FFFFFF, 0x00000000, 0x00000000, 0x00000000, 0x00000000, 0x00000000, 0x00000000, 0x00000000,
  0x00000000, 0x00000000, 0x00000000, 0x25F8FFFF, 0x86EAF3F9, 0xDCECF5FB, 0xF5EFF8FD, 0xFFF1FDFF,
  0xFFF9FFFF, 0xFFE6F3FF, 0xFFE8F4FF, 0xF5E4F2FF, 0x50E2F2FF, 0x20FFF7F7, 0x00000000, 0x00000000,
  0x00000000, 0x00000000, 0x00000000, 0x00000000, 0x00000000, 0x00000000, 0x00000000, 0x00000000,
  0x00FFFFFF, 0x00000000, 0x067FAAD4, 0x65EAF7FC, 0xDA79BCF0, 0xFF40A1F1, 0xFE1E90F0, 0xF43295EA,
  0xFF2A9AF9, 0xE977C0FF, 0x00FFFFFF, 0x00000000, 0x00000000, 0x00000000, 0x00000000, 0x00000000,
  0x00000000, 0x00000000, 0x00000000, 0x00000000, 0x00000000, 0x00000000, 0x00000000, 0x00000000,
  0x00000000, 0x00000000, 0x00000000, 0x00000000, 0x00000000, 0x00000000, 0x00000000, 0x00000000,
  0x00000000, 0x00FFFFFF, 0x8FF6FFFF, 0x00FFFFFF, 0x00FFFFFF, 0xFFEEF9FF, 0xFFF1FCFF, 0xFAE3EFFC,
  0xF7E0EDFD, 0xF7E4EFFF, 0x00FFFFFF, 0x00FFFFFF, 0x76F6FFFF, 0x17E8F3FF, 0x00000000, 0x00000000,
  0x00000000, 0x00000000, 0x00000000, 0x00FFFFFF, 0x00FFFFFF, 0x00000000, 0x00FFFFFF, 0x00000000,
  0x00FFFFFF, 0x00FFFFFF, 0x00000000, 0x00000000, 0x2ABCDAE6, 0xB095CCF3, 0xFF6EC7FF, 0xFF3F9FF3,
  0xEE499FE6, 0xB3B0D8F6, 0x00FFFFFF, 0x00000000, 0x00000000, 0x00000000, 0x00000000, 0x00000000,
  0x00000000, 0x00000000, 0x00000000, 0x00000000, 0x00000000, 0x00000000, 0x00000000, 0x00000000,
  0x00000000, 0x00000000, 0x00000000, 0x00000000, 0x00000000, 0x00000000, 0x00000000, 0x00FFFFFF,
  0x36F5FAFF, 0xFFF8FFFF, 0x00FFFFFF, 0xFDE5F0FB, 0xFBDFECFB, 0xFBE5F1FF, 0xFFF0FDFF, 0xFFE4EFFF,
  0x00FFFFFF, 0x00FFFFFF, 0x00FFFFFF, 0x96F4F8FB, 0x00FFFFFF, 0x00FFFFFF, 0x00000000, 0x00000000,
  0x00000000, 0x00000000, 0x00FFFFFF, 0x00000000, 0x00000000, 0x00000000, 0x00000000, 0x00000000,
  0x00000000, 0x18F4FFFF, 0x00000000, 0x00000000, 0x00000000, 0x00000000, 0x63C6E5FF, 0x84A8D6F9,
  0x61DFF1FC, 0x25CEDCF1, 0x00000000, 0x00000000, 0x00000000, 0x00000000, 0x00000000, 0x00000000,
  0x00000000, 0x00000000, 0x00000000, 0x00000000, 0x00000000, 0x00000000, 0x00000000, 0x00000000,
  0x00000000, 0x00000000, 0x00000000, 0x00000000, 0x00000000, 0x00FFFFFF, 0x08DFDFDF, 0x29F8F8FF,
  0x47E5F4FF, 0xFFE8F4FF, 0xF8E1EDF9, 0xFBE2EFFC, 0xFFE4F1FF, 0xFBE4F0FD, 0xEDE6F2FB, 0x43E8F3FF,
  0x00FFFFFF, 0x65F9FFFF, 0x00000000, 0x0CE9E9E9, 0x00000000, 0x00000000, 0x00000000, 0x00000000,
  0x1E90C3EE, 0xA3A4CCEC, 0xD8B4DBF5, 0xB2BFE6FD, 0x8DC8E7FB, 0x55EAFFFF, 0x25D5EAF8, 0x00FFFFFF,
  0x3AD3F1FA, 0x00FFFFFF, 0x00000000, 0x00080000, 0x00000000, 0x00000000, 0x00000000, 0x00000000,
  0x00000000, 0x00000000, 0x00000000, 0x00000000, 0x00000000, 0x00000000, 0x00000000, 0x00000000,
  0x00000000, 0x00000000, 0x00000000, 0x00000000, 0x00000000, 0x00000000, 0x00000000, 0x00000000,
  0x00000000, 0x00000000, 0x00000000, 0x00000000, 0x00000000, 0x00000000, 0x00000000, 0x9CEEF6FB,
  0x00FFFFFF, 0xFFF6FFFF, 0xFFE8F3FE, 0xFFF2FEFF, 0xFFE8F4FF, 0x00FFFFFF, 0xFFF1FBFF, 0x00FFFFFF,
  0x00FFFFFF, 0x00000000, 0x00000000, 0x00000000, 0x00000000, 0x00000000, 0x00000000, 0x00000000,
  0xEBABD4F5, 0xFF70C4FF, 0xFF3F9DEE, 0xFF4FAEF9, 0xFF489DED, 0xFF77C9FF, 0xFE55A2E3, 0xFF94DAFF,
  0xFF8CC7F4, 0xF297CDF4, 0xECB1DEFF, 0xBFA5D5F9, 0x7ABEE1F8, 0x4CD6F8FF, 0x1AFFFFF5, 0x00000000,
  0x00000000, 0x00000000, 0x00000000, 0x00000000, 0x00000000, 0x00000000, 0x00000000, 0x00000000,
  0x00000000, 0x00000000, 0x00000000, 0x00000000, 0x00000000, 0x00000000, 0x00000000, 0x00000000,
  0x00000000, 0x00000000, 0x00000000, 0x00000000, 0x00000000, 0x00000000, 0x00000000, 0x47F7FFFF,
  0x00FFFFFF, 0x7BE1F0FC, 0xCAF4FDFF, 0xE9F4FBFD, 0xD5EFF4FA, 0x7DECF0F6, 0x00FFFFFF, 0x00000000,
  0x00000000, 0x00000000, 0x00000000, 0x00000000, 0x00000000, 0x00000000, 0x00000000, 0x00000000,
  0xF06DB6F4, 0xFA3496ED, 0xFF43A0EE, 0xFA409EE6, 0xFC429CEB, 0xFB3B9AE9, 0xFD429DEE, 0xFE3897ED,
  0xFB3E9CEB, 0xFB2A8DE6, 0xFF4399EC, 0xFF47A6FD, 0xFC59ABF1, 0xFF7AC3FF, 0xD8B4D8EE, 0x1ECCE5EE,
  0x00FFFFFF, 0x00000000, 0x00000000, 0x00000000, 0x00000000, 0x00000000, 0x00000000, 0x00000000,
  0x00000000, 0x00000000, 0x00000000, 0x00000000, 0x00000000, 0x00000000, 0x00000000, 0x00000000,
  0x00000000, 0x00000000, 0x00000000, 0x00000000, 0x00000000, 0x00000000, 0x00000000, 0x00000000,
  0x89F0F9FB, 0x18E9E9F4, 0x24F7FFFF, 0x46F0F4F7, 0x17E8F3F3, 0x00000000, 0x00000000, 0x00000000,
  0x00000000, 0x00000000, 0x00000000, 0x00000000, 0x00000000, 0x00000000, 0x00000000, 0x00000000,
  0xFF7FC9FF, 0xF52D90EC, 0xFD50A4ED, 0xFE489DE8, 0xFF47A0F1, 0xFF44A1E9, 0xFF48A1EC, 0xFF48A0EE,
  0xFE44A1EB, 0xFF4AA0ED, 0xFD459DEC, 0xFF46A3F1, 0xFA419CE9, 0xF72F8DE6, 0xFF78B9F1, 0x56F9F6F9,
  0x00FFFFFF, 0x00000000, 0x00000000, 0x00000000, 0x00000000, 0x00000000, 0x00000000, 0x00000000,
  0x00000000, 0x00000000, 0x00000000, 0x00000000, 0x00000000, 0x00000000, 0x00000000, 0x00000000,
  0x00000000, 0x00000000, 0x00000000, 0x00000000, 0x00000000, 0x00000000, 0x00000000, 0x00000000,
  0x00FFFFFF, 0x00000000, 0x00000000, 0x00000000, 0x00000000, 0x00000000, 0x00000000, 0x00000000,
  0x00000000, 0x00000000, 0x00000000, 0x00000000, 0x00000000, 0x00000000, 0x00000000, 0x00000000,
  0xFF92CAF3, 0xFC53A3EA, 0xFF44A4F4, 0xFB3898EA, 0xFC3596EF, 0xF9419CEB, 0xF93D94E6, 0xFE499DE8,
  0xFB3E9EE9, 0xFD42A0EE, 0xFC419FEE, 0xFF43A1EA, 0xFA49A2EB, 0xF944A1EF, 0xFF7CD3FF, 0x46DEF4FF,
  0x00FFFFFF, 0x00000000, 0x00000000, 0x00000000, 0x00000000, 0x00000000, 0x00000000, 0x00000000,
  0x00000000, 0x00000000, 0x00000000, 0x00000000, 0x00000000, 0x00000000, 0x00000000, 0x00000000,
  0x00000000, 0x00000000, 0x00000000, 0x00000000, 0x00000000, 0x00000000, 0x00000000, 0x00000000,
  0x00FFFFFF, 0x00000000, 0x00000000, 0x00000000, 0x00000000, 0x00000000, 0x00000000, 0x00000000,
  0x00FFFFFF, 0x00000000, 0x00FFFFFF, 0x00000000, 0x00000000, 0x00000000, 0x00000000, 0x00000000,
  0x44D2E4EC, 0xA3B5DFFB, 0xF8A1D6FB, 0xFD7DBCEC, 0xF080BFEE, 0xFF71BFFA, 0xFF6AB4F9, 0xFF59B3FF,
  0xFF60BEFF, 0xFE3896EC, 0xFF47A0F0, 0xF53F93E1, 0xFF47A4FC, 0xFF3A99F0, 0xC98ACAF8, 0x00FFFFFF,
  0x00000000, 0x00000000, 0x00000000, 0x00000000, 0x00000000, 0x00000000, 0x00000000, 0x00000000,
  0x00000000, 0x00000000, 0x00000000, 0x00000000, 0x00000000, 0x00000000, 0x00000000, 0x00000000,
  0x00000000, 0x00000000, 0x00000000, 0x00000000, 0x00000000, 0x00000000, 0x00000000, 0x00000000,
  0x00000000, 0x00000000, 0x5EEEF6FC, 0x44F7FFFF, 0x41F3F7FB, 0x00FFFFFF, 0x00000000, 0x00000000,
  0x00000000, 0x00000000, 0x00000000, 0x00000000, 0x00000000, 0x00000000, 0x0100FFFF, 0x00000000,
  0x00000000, 0x00000000, 0x00FFFFFF, 0x00FFFFFF, 0x00FFFFFF, 0x40CBE7F7, 0x00FFFFFF, 0x4FB1DBFB,
  0x8CB4D6F0, 0xA7AED7F5, 0xC6ADD9F7, 0xFFA6D8FD, 0xDC80C2FF, 0xCAA4D0F6, 0x00FFFFFF, 0x00030100,
  0x00000000, 0x00000000, 0x00000000, 0x00000000, 0x00000000, 0x00000000, 0x00000000, 0x00000000,
  0x00000000, 0x00000000, 0x00000000, 0x00000000, 0x00000000, 0x00000000, 0x00000000, 0x00000000,
  0x00000000, 0x00000000, 0x00000000, 0x00000000, 0x00000000, 0x00000000, 0x00000000, 0x00000000,
  0x27F8FFFF, 0xE0E4F1FC, 0xFFF3FFFF, 0xF4DDF0FF, 0xFFF1FFFF, 0xF2E8F9FF, 0xD1E9F8FF, 0xC6E9F7FD,
  0x9DE0EEFB, 0x7BE1EEF6, 0x60F7FFFF, 0x3DF6FAFA, 0x4BEAF8FB, 0x00FFFFFF, 0x0EECFFFF, 0x00000000,
  0x00FFFFFF, 0x00000000, 0x00000000, 0x00000000, 0x03AAAAFF, 0x00000000, 0x00000000, 0x00000000,
  0x00000000, 0x00000000, 0x00000000, 0x00FFFFFF, 0x00070000, 0x1CFFFFEC, 0x00000000, 0x00000000,
  0x00000000, 0x00000000, 0x00000000, 0x00000000, 0x00000000, 0x00000000, 0x00000000, 0x00000000,
  0x00000000, 0x00000000, 0x00000000, 0x00000000, 0x00000000, 0x00000000, 0x00000000, 0x00000000,
  0x00000000, 0x00000000, 0x00000000, 0x00000000, 0x00000000, 0x00000000, 0x00000000, 0x00000000,
  0x6EE7F3FA, 0xFFDDF1FF, 0xF8C6E2FB, 0xFECAE3FB, 0xF8C6DEF6, 0xFFD1E9FD, 0xFDCFE6F9, 0xFFD6EFFF,
  0xFFD6F0FF, 0xFFDBF0FF, 0xFFF6FFFF, 0xFADBF1FC, 0xFFF9FFFF, 0xEBE3F1FC, 0xC5DFEBF5, 0x00000000,
  0x00000000, 0x00000000, 0x00000000, 0x00000000, 0x00000000, 0x010000FF, 0x00000000, 0x00000000,
  0x00000000, 0x00FFFFFF, 0x00FFFFFF, 0x00000000, 0x00FFFFFF, 0x00000000, 0x00000000, 0x00000000,
  0x00000000, 0x00FFFFFF, 0x00000000, 0x00000000, 0x00000000, 0x00000000, 0x00000000, 0x00000000,
  0x00000000, 0x00000000, 0x00000000, 0x00000000, 0x00000000, 0x00000000, 0x00000000, 0x00000000,
  0x00000000, 0x00000000, 0x00000000, 0x00000000, 0x00000000, 0x00000000, 0x00000000, 0x00000000,
  0x9CE1EEF6, 0x00FFFFFF, 0xF5C6E1FC, 0xFFCCE5FC, 0xFFCCE5FA, 0xFFCCE6FD, 0xFFCDE6FE, 0xFCC9E2F9,
  0xFCCDE3F7, 0xFDCBE1F7, 0xFAC8E3F9, 0xFBC7E4FC, 0xF5C5E3FB, 0xFECDE5FB, 0xFFF0FFFF, 0x86E0F3FF,
  0x00000000, 0x00000000, 0x00000000, 0x00000000, 0x00000000, 0x00000000, 0x00000000, 0x00000000,
  0x00000000, 0x00000000, 0x00000000, 0x1DFFFFF6, 0x00FFFFFF, 0xA2C0DFF8, 0x6CC3E5FA, 0x00FFFFFF,
  0x00000000, 0x00FFFFFF, 0x00000000, 0x00000000, 0x00000000, 0x00000000, 0x00000000, 0x00000000,
  0x00000000, 0x00000000, 0x00000000, 0x00000000, 0x00000000, 0x00000000, 0x00000000, 0x00000000,
  0x00000000, 0x00000000, 0x00000000, 0x00000000, 0x00000000, 0x00000000, 0x00000000, 0x00000000,
  0x32EFF9FF, 0xFEE4F6FF, 0xFFCFE6FD, 0xFFD4EBFF, 0xF8C7DEF6, 0xFECAE3FA, 0xF9C8E2F9, 0xFBC8E1FA,
  0xFDCCE2F7, 0xFCCBE2F9, 0xFDCBE4FA, 0xFEC9E4FC, 0xFFCCE7FF, 0xF7C7E1F9, 0xFFD5EDFF, 0xA7E8F7FF,
  0x00000000, 0x00000000, 0x00000000, 0x00000000, 0x00000000, 0x00000000, 0x00000000, 0x00000000,
  0x00000000, 0x25D5E3EA, 0x1DFFFFDB, 0x8799CFFD, 0xE37ABBF7, 0xFF83CCFF, 0xFC74B7F1, 0xF6B5D8F3,
  0x32C6DBEF, 0x00000000, 0x00000000, 0x00000000, 0x00000000, 0x00000000, 0x00000000, 0x00000000,
  0x00000000, 0x00000000, 0x00000000, 0x00000000, 0x00000000, 0x00000000, 0x00000000, 0x00000000,
  0x00000000, 0x00000000, 0x00000000, 0x00000000, 0x00000000, 0x00000000, 0x00000000, 0x00000000,
  0x00000000, 0x61ECF9FF, 0xD9E8F6FD, 0xE3E9F9FD, 0x00FFFFFF, 0xECDCF0FF, 0xFFE7FEFF, 0xFFD9F0FF,
  0xFFEBFFFF, 0xFFDCF7FF, 0xFFD2EEFF, 0xFFD3EAFD, 0xFEC9E2FA, 0xFFD3EDFF, 0x00FFFFFF, 0x60F1FCFF,
  0x00000000, 0x00000000, 0x00000000, 0x00000000, 0x00000000, 0x00020100, 0x00000000, 0x299BC7F2,
  0x97B1D3F1, 0xCC9ECBF1, 0xD775BAF9, 0xFF6AC2FF, 0xFF5CB0FD, 0xF452A7F2, 0xF6419BEF, 0xFF81BFF9,
  0x75E2EBEF, 0x00000000, 0x00000000, 0x00000000, 0x00000000, 0x00000000, 0x00000000, 0x00000000,
  0x00000000, 0x00000000, 0x00000000, 0x00000000, 0x00000000, 0x00000000, 0x00000000, 0x00000000,
  0x00000000, 0x00000000, 0x00000000, 0x00000000, 0x00000000, 0x00000000, 0x00000000, 0x00000000,
  0x00000000, 0x00000000, 0x08FFDFFF, 0x00000000, 0x23F7FFFF, 0x00FFFFFF, 0x5AEEFCFF, 0x69F0FAFF,
  0x7CEAFAFF, 0xB2E8F7FC, 0xB0E4F6FF, 0xC7EAFBFF, 0xEFDEF0FB, 0xF0DDF0FB, 0x82EBFBFF, 0x00000000,
  0x00000000, 0x00000000, 0x00000000, 0x00000000, 0x00FFFFFF, 0x3AE9F6FF, 0x898BC5F5, 0xFF84BFF1,
  0xFF83CAFF, 0xFE54A5F1, 0xFF58AEFB, 0xF75BA9ED, 0xFB5AA7EA, 0xFE5FA8E8, 0xFC50A6ED, 0xFF6FC2FF,
  0x6BCFEEFF, 0x00000000, 0x00000000, 0x00000000, 0x00000000, 0x00000000, 0x00000000, 0x00000000,
  0x00000000, 0x00000000, 0x00000000, 0x00000000, 0x00000000, 0x00000000, 0x00000000, 0x00000000,
  0x00000000, 0x00000000, 0x00000000, 0x00000000, 0x00000000, 0x00000000, 0x00000000, 0x04BFBFFF,
  0x00FFFFFF, 0x00000000, 0x00000000, 0x00000000, 0x00000000, 0x00000000, 0x00000000, 0x00000000,
  0x00000000, 0x00000000, 0x00000000, 0x00FFFFFF, 0x17FFFFF3, 0x00000000, 0x00000000, 0x00000000,
  0x00000000, 0x00000000, 0x00FFFFFF, 0x29FFFFF2, 0x949ED3FD, 0xEA87C7FF, 0xFF7BC9FF, 0xFF59A8F0,
  0xFD4CA0EE, 0xFE5AA7ED, 0xF95CAAEB, 0xFA59AAEA, 0xFF51A6EE, 0xF94C9FEB, 0xFF68B6FC, 0xFE92C4EA,
  0x00FFFFFF, 0x00000000, 0x00000000, 0x00000000, 0x00000000, 0x00000000, 0x00000000, 0x00000000,
  0x00000000, 0x00000000, 0x00000000, 0x00000000, 0x00000000, 0x00000000, 0x00000000, 0x00000000,
  0x00000000, 0x00000000, 0x00000000, 0x00000000, 0x00000000, 0x00000000, 0x6CCFE5FA, 0xDCD5EAFC,
  0xECD8EFFD, 0x9CE3F0FA, 0x24E2E9F7, 0x00000000, 0x00000000, 0x00000000, 0x00000000, 0x00000000,
  0x00000000, 0x00000000, 0x027F7FFF, 0x00000000, 0x00000000, 0x00000000, 0x00000000, 0x00000000,
  0x00000000, 0x00000000, 0x73AAD7F8, 0xD572BBF7, 0xFF71C8FF, 0xFF62ADF1, 0xF854A1E9, 0xFE58A7ED,
  0xFD5BA9EC, 0xFB59A7E9, 0xFF58A9EE, 0xFF58B2FF, 0xFA67B1F1, 0xFF9CDFFF, 0xC19AC8F4, 0x4189B4DF,
  0x00000000, 0x00000000, 0x00000000, 0x00000000, 0x00000000, 0x00000000, 0x00000000, 0x00000000,
  0x00000000, 0x00000000, 0x00000000, 0x00000000, 0x00000000, 0x00000000, 0x00000000, 0x00000000,
  0x00000000, 0x00000000, 0x00000000, 0x00000000, 0x00000000, 0x4BEAF1FB, 0xFFD8F4FF, 0xFFB5DDFF,
  0xFFB5E2FF, 0xFFCEEDFF, 0xBBD2EAFA, 0x00FFFFFF, 0x00000000, 0x00000000, 0x00000000, 0x00000000,
  0x00000000, 0x00000000, 0x00000000, 0x00000000, 0x00000000, 0x00000000, 0x00000000, 0x00000000,
  0x00000000, 0x59E2FCFF, 0xFFA2EBFF, 0xFF5DB1F7, 0xF655A6EF, 0xFC5AA5E9, 0xFE5CA9EA, 0xFC52A6EC,
  0xFB59A9ED, 0xFF60B7FF, 0xF767B4F6, 0xE18DC7F4, 0x85B9D8EF, 0x56ABD2ED, 0x00000000, 0x00000000,
  0x00FFFFFF, 0x00FFFFFF, 0x2ACEE6F8, 0x00FFFFFF, 0x00FFFFFF, 0x00000000, 0x00000000, 0x00000000,
  0x00000000, 0x00000000, 0x00000000, 0x00000000, 0x00000000, 0x00000000, 0x00000000, 0x00000000,
  0x00000000, 0x00000000, 0x00000000, 0x00FFFFFF, 0x00000000, 0x79E9FFFF, 0xFFE0FFFF, 0xF2A9D4F9,
  0xFFB4D9F7, 0xF5AFD5F6, 0xFFCDF4FF, 0xD4CDE6FA, 0x5FD6E9F4, 0x00000000, 0x00000000, 0x00000000,
  0x00000000, 0x00000000, 0x00000000, 0x00000000, 0x00000000, 0x00000000, 0x00000000, 0x00000000,
  0x00000000, 0x6DF3FAFA, 0xD872B8F3, 0xFD4BA3F0, 0xFC5BAAF3, 0xFF51A5F0, 0xF651A5EE, 0xFF66B8FF,
  0xFF6FB3F0, 0xD495CAF5, 0x97C3E0F8, 0x4FE5F2F5, 0x03AAFFFF, 0x00000000, 0x00000000, 0x00000000,
  0x2FF4FFF9, 0xD2A8D9FF, 0xFF96D0FF, 0xF99FCBF1, 0xB5CAE7F7, 0x00000000, 0x00000000, 0x00000000,
  0x00000000, 0x00000000, 0x00000000, 0x00000000, 0x00000000, 0x00000000, 0x00000000, 0x00000000,
  0x00000000, 0x00000000, 0x00000000, 0x00000000, 0x00FFFFFF, 0x51E8F2F5, 0xE1CEEBFF, 0xFFBADEFC,
  0xFDB3D6F1, 0xFBB4D8F4, 0xFFB2DAFB, 0xFEB4DAFC, 0xF5C9ECFF, 0x5EDEEEF6, 0x18E9E9F4, 0x00000000,
  0x00000000, 0x00000000, 0x00000000, 0x00000000, 0x00000000, 0x00000000, 0x00000000, 0x00000000,
  0x00000000, 0x00000000, 0xD094C1EB, 0xFF5FAAF1, 0xFA4EA0EC, 0xFF68B8FE, 0xFF84CFFF, 0xC89ACFFF,
  0xAAC9E4F6, 0x00FFFFFF, 0x0FEEFFFF, 0x00000000, 0x00000000, 0x0100FFFF, 0x00000000, 0x2DD1E2EE,
  0xE59BCBF2, 0xFF80CEFF, 0xFA6CB4F7, 0xFD5BA9F0, 0xFE99C5EC, 0x45CBDDEC, 0x00000000, 0x00000000,
  0x00000000, 0x00000000, 0x00000000, 0x00000000, 0x00000000, 0x00000000, 0x00000000, 0x00000000,
  0x00000000, 0x3CE1F2FA, 0x00FFFFFF, 0x00FFFFFF, 0x00000000, 0x11FFFFE1, 0x84D4EDFF, 0xFFE0FFFF,
  0xF9ABD1F4, 0xFCB3D8F7, 0xFEB3D7F5, 0xF6B2D2F8, 0xFFC5EEFF, 0xF8BDE3FB, 0xACCFEAF9, 0x02FFFF7F,
  0x00000000, 0x00000000, 0x00000000, 0x00000000, 0x00000000, 0x00000000, 0x00000000, 0x00000000,
  0x00000000, 0x00000000, 0x96DEEAEF, 0xAEB1D7F7, 0xFFC2F4FF, 0xCE8ABCE2, 0x599ACBF3, 0x00FFFFFF,
  0x10FFFFEF, 0x00000000, 0x00000000, 0x00FFFFFF, 0x00000000, 0x00000000, 0x00000000, 0x80BDE3FF,
  0xFF7DBCF3, 0xF964ACEE, 0xF971B3F0, 0xFF6DB4F3, 0xFF83C3F9, 0x7EE4F4FA, 0x00FFFFFF, 0x00000000,
  0x00000000, 0x37D0F1FF, 0x43EBFBF7, 0x00000000, 0x00000000, 0x00000000, 0x00000000, 0x22D9F0FF,
  0xBABFDCF4, 0xFFD3F8FF, 0xC3C2E4FF, 0x86DAEAF5, 0x00000000, 0x00000000, 0x00000000, 0x9DDEF6FF,
  0xEACBE9FD, 0xFFCDF5FF, 0xFCAAD4F9, 0xFAB6D7F7, 0xFDB7D7F4, 0xF8ABD5FA, 0xFFD5FFFF, 0xCBCCE9FC,
  0x5CE0F3FC, 0x00020000, 0x00000000, 0x00000000, 0x00000000, 0x00000000, 0x00000000, 0x00000000,
  0x00000000, 0x00000000, 0x00000000, 0x00000000, 0x49F8FFFF, 0x00000000, 0x00000000, 0x00000000,
  0x00000000, 0x00000000, 0x00000000, 0x00FFFFFF, 0x00000000, 0x00FFFFFF, 0x68BADAF2, 0xFF95DBFF,
  0xFF70B9FB, 0xFE72B4EF, 0xFE6CB3F0, 0xFE68B0F0, 0xFFADE3FF, 0x64F7FFFF, 0x00000000, 0x0DC4D7EB,
  0x89A5CEEE, 0xFFBBECFF, 0xFFB9EBFF, 0xA3C6E4FB, 0x2BEDF3F3, 0x00000000, 0x00000000, 0x8ED3E9F9,
  0xFFB2E1FF, 0xF593C6F4, 0xFF94CDFD, 0xFFCCFAFF, 0x5BC6E0F0, 0x00000000, 0x00000000, 0x0CFFFFE9,
  0x34EBF0FA, 0xD7CFE6F6, 0xF9B9E2FD, 0xFFB7DEFD, 0xFBB1D5F3, 0xFBB1D8F5, 0xFEB4D7F6, 0xFFB4D8FB,
  0xFFCCF2FF, 0xD4DCF0FC, 0x31E4EFF9, 0x00000000, 0x00000000, 0x00000000, 0x00000000, 0x00000000,
  0x00000000, 0x00000000, 0x00000000, 0x00000000, 0x00000000, 0x00000000, 0x00000000, 0x00000000,
  0x00000000, 0x00000000, 0x00000000, 0x00000000, 0x00000000, 0x00FFFFFF, 0xD09BD0FA, 0xFF6DB1ED,
  0xFA6BAEED, 0xFF72B4EF, 0xFE61AFF0, 0xFF72B7F1, 0x7BB4D1EA, 0x09E2FFFF, 0x00000000, 0x57F0FCFF,
  0xFE97C8F2, 0xF477B7EE, 0xFF7ABEF8, 0xEB9BCAFA, 0x82DDE9EF, 0x00000000, 0x00000000, 0xC1C3E0F5,
  0xFFB2E9FF, 0xF99BC6F1, 0xFF9AC8F3, 0xFAA1D2F9, 0x79C8D9E9, 0x00FFFFFF, 0x00000000, 0x00000000,
  0x00000000, 0x3CE9EEF6, 0x99D8F0FF, 0xFFE0FFFF, 0xFDB2D9FA, 0xFAB1DBF7, 0xFEB6D7F3, 0xFCB6D5F8,
  0xFFB4DCFB, 0xFBBEE0FA, 0xBBD4E5F1, 0x00000000, 0x00000000, 0x00000000, 0x00000000, 0x00000000,
  0x00000000, 0x00000000, 0x00000000, 0x00000000, 0x00000000, 0x00000000, 0x00000000, 0x00000000,
  0x00000000, 0x00000000, 0x00000000, 0x00000000, 0x2CE2F3F9, 0xC8ACD8F9, 0xFF87D3FF, 0xFD6CB5F3,
  0xFE6FB5F4, 0xF967B1F0, 0xFF7DC4FD, 0xFFC1ECFF, 0x00FFFFFF, 0x00000000, 0x01FFFF00, 0xADCBE8FA,
  0xFF8DD4FF, 0xFD80BFF4, 0xFA80C1F2, 0xFF89CAFF, 0x9DBCDBF6, 0x00000000, 0x00000000, 0x80CFEBFD,
  0xFFB0E5FF, 0xF799C9F5, 0xF89DC9F2, 0xFFA8E1FF, 0xB5B8DEFC, 0x2DEEEEEE, 0x00000000, 0x00000000,
  0x00000000, 0x00000000, 0x00000000, 0x83E1E9F5, 0xCFCBE6FB, 0xFFCDF8FF, 0xFAADD7F8, 0xFCB5D7F9,
  0xFBB4D8F0, 0xF6A8D4F9, 0xFBCFE6F7, 0x1FF6EEF6, 0x00000000, 0x00000000, 0x00000000, 0x00000000,
  0x00000000, 0x00000000, 0x00000000, 0x00000000, 0x00000000, 0x00000000, 0x00000000, 0x00000000,
  0x00000000, 0x00000000, 0x00000000, 0x00000000, 0x9AC1E4FB, 0xFF83C3F9, 0xF867ADEA, 0xFD6DB2EF,
  0xFD6EB1ED, 0xFF6DBCFF, 0xDD93CCFA, 0x48BFDFF7, 0x00000000, 0x00000000, 0x00000000, 0xC5C3E5FD,
  0xFF84C2F8, 0xFC7EBCF2, 0xFB79BCF3, 0xFF8ED4FF, 0xA3BBD9F2, 0x00000000, 0x00000000, 0x2DFFFFF9,
  0xD3B7D9FA, 0xFFA5D5FF, 0xF89AC7EF, 0xFE9CCFF7, 0xF2A8D9FF, 0x7ED4E8F8, 0x10EFEFFF, 0x00000000,
  0x00000000, 0x00000000, 0x00000000, 0x06FFD4D4, 0x00FFFFFF, 0xF2CDE3F3, 0xFCBEDEF9, 0xFFB6DBFF,
  0xF8B1D9F7, 0xFFCEFAFF, 0xB2E0FFFF, 0x00030101, 0x00000000, 0x00000000, 0x00000000, 0x00000000,
  0x00000000, 0x00000000, 0x00000000, 0x00000000, 0x00000000, 0x00000000, 0x00000000, 0x00000000,
  0x00000000, 0x00000000, 0x00FFFFFF, 0x67CDE1EB, 0xFF98D3FB, 0xFF6EBDFE, 0xFE6CB4F6, 0xFE6DB5F6,
  0xFA68B3F2, 0xFF98D4FF, 0x53E9F8FB, 0x00000000, 0x00000000, 0x010000FF, 0x00050000, 0xDCB2D8F9,
  0xF673B6EE, 0xFF82C0F1, 0xFC84BDEF, 0xFF91D5FF, 0x65BADEF7, 0x00000000, 0x00000000, 0x20EFF7F7,
  0xC0C9E5FB, 0xFFA3D1FD, 0xFC9DCAF3, 0xF699CAF2, 0xFFAADFFF, 0xD6BFE1FF, 0x3EFFFFF6, 0x00000000,
  0x00000000, 0x00000000, 0x00000000, 0x00000000, 0x00000000, 0x2BE7E7ED, 0x6CD4E9FC, 0xFFE7FFFF,
  0xFAC7E9FF, 0xE4C9E4FD, 0x4FE8F2F8, 0x00000000, 0x00000000, 0x00000000, 0x00000000, 0x00000000,
  0x00000000, 0x00000000, 0x00000000, 0x00000000, 0x00000000, 0x00000000, 0x00000000, 0x00000000,
  0x00000000, 0x00000000, 0x00FFFFFF, 0xD7A4D0F9, 0xFD68B2F1, 0xFA66B0EE, 0xFF71B3F1, 0xFB64ABEE,
  0xFF71BAF9, 0xB8A9D4F3, 0x010000FF, 0x00000000, 0x00000000, 0x00000000, 0x00000000, 0xFDB3D8FB,
  0xFF87C4F8, 0xFE82BFF0, 0xFB7CBBF0, 0xFF93CCF9, 0x8BDCEEF3, 0x00000000, 0x00000000, 0x00000000,
  0x65DEEDF4, 0xEDB4D8FA, 0xFFA3D6FF, 0xF89AC9F1, 0xF89CCDF6, 0xFFADDBFF, 0x5DD0EBFF, 0x00000000,
  0x00000000, 0x00000000, 0x00000000, 0x00000000, 0x00000000, 0x00000000, 0x00000000, 0x4ED1E1EB,
  0x55E7F6FF, 0x4BF1F8F8, 0x0CD4E9FF, 0x00000000, 0x00000000, 0x00000000, 0x00000000, 0x00000000,
  0x00000000, 0x00000000, 0x00000000, 0x00000000, 0x00000000, 0x00000000, 0x00000000, 0x00000000,
  0x00000000, 0x00FFFFFF, 0xB0C9E9FA, 0xFF8ED2FF, 0xFD6FB2F2, 0xFF71B6F3, 0xF96CB2F3, 0xFF7CBFFB,
  0xFFBCE5FF, 0x00FFFFFF, 0x00000000, 0x00000000, 0x00000000, 0x00000000, 0x05FFFF99, 0xE1A7D1F8,
  0xFD7BBBF2, 0xFF81C0F6, 0xFA81BEF1, 0xFFA4E0FF, 0x77C7E5F8, 0x00000000, 0x00000000, 0x00000000,
  0x17D2DDF3, 0xACC3DBF3, 0xF7A5D2FF, 0xFF9BCBF7, 0xF898C9F2, 0xFFB3E5FF, 0xB3BCDFFF, 0x00000000,
  0x00000000, 0x00000000, 0x00000000, 0x00000000, 0x00000000, 0x00000000, 0x00000000, 0x00000000,
  0x00000000, 0x00000000, 0x00000000, 0x00000000, 0x00000000, 0x00000000, 0x00000000, 0x00000000,
  0x00000000, 0x00000000, 0x00000000, 0x00000000, 0x00000000, 0x00000000, 0x00000000, 0x00000000,
  0x00000000, 0x00FFFFFF, 0xD8A6D6FB, 0xFE5FAEF8, 0xFA70B4EF, 0xFE6FB1EB, 0xFF67B2FA, 0xEA8CC7FA,
  0x6CC6E9FF, 0x00000000, 0x00000000, 0x00000000, 0x00000000, 0x00000000, 0x1AFFFFEB, 0xF99DCDF6,
  0xFF7DBFF5, 0xFF81C1FA, 0xF874B9F1, 0xFF9FD2FB, 0x58F0F6F9, 0x00000000, 0x00000000, 0x00000000,
  0x00000000, 0x5BCCE0F3, 0xFFBEE4FF, 0xFC90C3F1, 0xFE9BCBF3, 0xF695CCF4, 0xFFC4F0FF, 0x66D2E8FF,
  0x00000000, 0x00000000, 0x00000000, 0x00000000, 0x00000000, 0x00000000, 0x00000000, 0x00000000,
  0x00000000, 0x00000000, 0x00000000, 0x00000000, 0x00000000, 0x00000000, 0x00000000, 0x00000000,
  0x00000000, 0x00000000, 0x00000000, 0x00000000, 0x00000000, 0x00000000, 0x00000000, 0x00000000,
  0x00000000, 0x28D8EBF2, 0xFFB4DAF8, 0xF46EB1F2, 0xF964B2F4, 0xF368B0F0, 0xFF96D4FF, 0x9ACEE4F1,
  0x00020000, 0x00000000, 0x00000000, 0x00000000, 0x00000000, 0x00000000, 0x47F7FFFF, 0xFFB6ECFF,
  0xF574B9F0, 0xFF84BDF0, 0xF879BAEF, 0xFFACE2FF, 0x45ECF7FF, 0x00000000, 0x00000000, 0x00000000,
  0x00000000, 0x03AAAAFF, 0xE9BEDFF9, 0xFFA5D2FC, 0xFF9AC7F0, 0xFA94C8F0, 0xFFA8DAFF, 0xC7C4E2FC,
  0x00FFFFFF, 0x00000000, 0x00000000, 0x00000000, 0x00000000, 0x00000000, 0x00000000, 0x00000000,
  0x00000000, 0x00000000, 0x00000000, 0x00000000, 0x00000000, 0x00000000, 0x00000000, 0x00000000,
  0x00000000, 0x00000000, 0x00000000, 0x00000000, 0x00000000, 0x00000000, 0x00000000, 0x00000000,
  0x00000000, 0x00000000, 0x83C8DDEB, 0xF799C8F1, 0xFF8FD7FF, 0xFF8BD2FF, 0xC0B1E0FC, 0x22CAE1F0,
  0x00000000, 0x00000000, 0x00000000, 0x00000000, 0x00000000, 0x00000000, 0x5ADFEEF9, 0xF594C9F6,
  0xFB7ABCF2, 0xFF88BFF2, 0xFF7BBAF0, 0xFBA8D2FA, 0x31FFFFF9, 0x00000000, 0x00000000, 0x00000000,
  0x00000000, 0x00000000, 0x68BCDFF7, 0xFFC0EFFF, 0xFC98C6F2, 0xFF9ACAF2, 0xFA91C6F5, 0xFFCBF0FF,
  0x77D8E9F6, 0x00000000, 0x00000000, 0x00000000, 0x00000000, 0x00000000, 0x00000000, 0x00000000,
  0x00000000, 0x00000000, 0x00000000, 0x00000000, 0x00000000, 0x00000000, 0x00000000, 0x00000000,
  0x00000000, 0x00000000, 0x00000000, 0x00000000, 0x00000000, 0x00000000, 0x00000000, 0x00000000,
  0x00000000, 0x00000000, 0x0DD7EBEB, 0x73EDF6FA, 0x92D1EBF6, 0x68BCDFF5, 0x00FFFFFF, 0x00040200,
  0x00000000, 0x00000000, 0x00000000, 0x00000000, 0x00000000, 0x00000000, 0x8FCDE4F9, 0xFF98D1FF,
  0xFC7DBFEE, 0xFF80BEF4, 0xF976BDF5, 0xFFB8E0FF, 0x11FFFFE1, 0x00000000, 0x00000000, 0x00000000,
  0x00000000, 0x00000000, 0x00000000, 0xC2AEDAFD, 0xFFACDCFF, 0xFD99C9F3, 0xFC94C8F5, 0xFFA1CAF3,
  0xD3D2E5EF, 0x0AE5E5FF, 0x00000000, 0x00000000, 0x00000000, 0x00000000, 0x00000000, 0x00000000,
  0x00000000, 0x00000000, 0x00000000, 0x00000000, 0x00000000, 0x00000000, 0x00000000, 0x00000000,
  0x00000000, 0x00000000, 0x00000000, 0x00000000, 0x00000000, 0x00000000, 0x00000000, 0x00000000,
  0x00000000, 0x00000000, 0x00000000, 0x00FFFFFF, 0x00000000, 0x00000000, 0x00000000, 0x00FFFFFF,
  0x00FFFFFF, 0x00000000, 0x00000000, 0x00000000, 0x00000000, 0x00000000, 0xB5DBF2FF, 0xFF86BFF5,
  0xFD7CBBF4, 0xFF80BFF5, 0xFF7DC3FD, 0xE0ABD4F7, 0x00000000, 0x00000000, 0x00000000, 0x00000000,
  0x00000000, 0x00000000, 0x00000000, 0x55BDDEFC, 0xFFB3E1FF, 0xF799C9F1, 0xFB99CBF3, 0xFFB4E6FF,
  0xC4D9EFFF, 0x00FFFFFF, 0x00FFFFFF, 0x00000000, 0x00000000, 0x00000000, 0x00000000, 0x00000000,
  0x00000000, 0x00000000, 0x00000000, 0x00000000, 0x00000000, 0x00000000, 0x00000000, 0x00000000,
  0x00000000, 0x00000000, 0x00000000, 0x00000000, 0x00000000, 0x00000000, 0x00000000, 0x00000000,
  0x00000000, 0x00000000, 0x00000000, 0x00000000, 0x00000000, 0x00000000, 0x00FFFFFF, 0x00FFFFFF,
  0x00000000, 0x00000000, 0x00000000, 0x00000000, 0x00000000, 0x00FFFFFF, 0xEED0EDFF, 0xFF8ED1FF,
  0xFA7FBEEE, 0xFC84BDEF, 0xF67EB9F1, 0xD9BDDCF5, 0x00FFFFFF, 0x00000000, 0x00000000, 0x00000000,
  0x00000000, 0x00000000, 0x00000000, 0x00080300, 0xAFBADCFF, 0xFFCBF8FF, 0xFF9AC9F1, 0xD7B7D9F1,
  0x45F3FBFF, 0x00000000, 0x00000000, 0x00000000, 0x00000000, 0x00000000, 0x00000000, 0x00000000,
  0x00000000, 0x00000000, 0x00000000, 0x00000000, 0x00000000, 0x00000000, 0x00000000, 0x00000000,
  0x00000000, 0x00000000, 0x00000000, 0x00000000, 0x00000000, 0x00000000, 0x00000000, 0x00000000,
  0x00000000, 0x00000000, 0x00000000, 0x00000000, 0x00000000, 0x00000000, 0x00000000, 0x00000000,
  0x00000000, 0x00000000, 0x00000000, 0x00000000, 0x00000000, 0x00FFFFFF, 0x81DBEBF7, 0xEC8AC2F8,
  0xFD7DBEF9, 0xF975B6F2, 0xFFA3DDFF, 0x83DBF3FF, 0x00000000, 0x00000000, 0x00000000, 0x00000000,
  0x00000000, 0x00000000, 0x00000000, 0x00000000, 0x23CCE9FF, 0x9ACDE6FB, 0xB1D6E9FA, 0xCDE7F2F5,
  0x00000000, 0x00000000, 0x00000000, 0x00000000, 0x00000000, 0x00000000, 0x00000000, 0x00000000,
  0x00000000, 0x00000000, 0x00000000, 0x00000000, 0x00000000, 0x00000000, 0x00000000, 0x00000000,
  0x00000000, 0x00000000, 0x00000000, 0x00000000, 0x00000000, 0x00000000, 0x00000000, 0x00000000,
  0x00000000, 0x00000000, 0x00000000, 0x00000000, 0x00000000, 0x00000000, 0x00000000, 0x00000000,
  0x00000000, 0x00000000, 0x00000000, 0x00000000, 0x00000000, 0x00000000, 0x4AE6F1ED, 0xDCB7D9F4,
  0xFFA7E5FF, 0xFF86C2F6, 0xFFBBE5FF, 0x00FFFFFF, 0x00000000, 0x00000000, 0x00000000, 0x00000000,
  0x00000000, 0x00000000, 0x00000000, 0x00000000, 0x00000000, 0x00000000, 0x00000000, 0x00000000,
  0x00000000, 0x00000000, 0x00000000, 0x00000000, 0x00000000, 0x00000000, 0x00000000, 0x00000000,
  0x00000000, 0x00000000, 0x00000000, 0x00000000, 0x00000000, 0x00000000, 0x00000000, 0x00000000,
  0x00000000, 0x00000000, 0x00000000, 0x00000000, 0x00000000, 0x00000000, 0x00000000, 0x00000000,
  0x00000000, 0x00000000, 0x00000000, 0x00000000, 0x00000000, 0x00000000, 0x00000000, 0x00000000,
  0x00000000, 0x00000000, 0x00000000, 0x00000000, 0x00000000, 0x00000000, 0x00000000, 0x1FFFFFF6,
  0x8CE0F5FF, 0xCBD4ECFB, 0x79D4ECF8, 0x00000000, 0x00000000, 0x00000000, 0x00000000, 0x00000000,
  0x00000000, 0x00000000, 0x00000000, 0x00000000, 0x00000000, 0x00000000, 0x00000000, 0x00000000,
  0x00000000, 0x00000000, 0x00000000, 0x00000000, 0x00000000, 0x00000000, 0x00000000, 0x00000000,
  0x00000000, 0x00000000, 0x00000000, 0x00000000, 0x00000000, 0x00000000, 0x00000000, 0x00000000,
};

static const unsigned g_splash_sp06_w = 56u;
static const unsigned g_splash_sp06_h = 56u;
static const uint32_t g_splash_sp06_px[3136] = {
  0x00FFFFFF, 0x00FFFFFF, 0x00FFFFFF, 0x00FFFFFF, 0x00FFFFFF, 0x00FFFFFF, 0x00FFFFFF, 0x00FFFFFF,
  0x00FFFFFF, 0x00FFFFFF, 0x00FFFFFF, 0x00FFFFFF, 0x00FFFFFF, 0x00FFFFFF, 0x00FFFFFF, 0x00FFFFFF,
  0x00FFFFFF, 0x7BF0FBFC, 0x70E8FAFA, 0x00FFFFFF, 0x00FFFFFF, 0x00FFFFFF, 0x00FFFFFF, 0x00FFFFFF,
  0x00FFFFFF, 0x00FFFFFF, 0x00FFFFFF, 0x00FFFFFF, 0xB0D0E7F2, 0xFF3291E3, 0xFB1A89EC, 0xF92089EF,
  0xFF278EEF, 0x95B3D3EF, 0x00FFFFFF, 0x00FFFFFF, 0x00FFFFFF, 0x00FFFFFF, 0x00FFFFFF, 0x00FFFFFF,
  0x00FFFFFF, 0x00FFFFFF, 0x00FFFFFF, 0x00FFFFFF, 0x00FFFFFF, 0x00FFFFFF, 0x00FFFFFF, 0x00FFFFFF,
  0x00FFFFFF, 0x00FFFFFF, 0x00FFFFFF, 0x00FFFFFF, 0x00FFFFFF, 0x00FFFFFF, 0x00FFFFFF, 0x00FFFFFF,
  0x00FFFFFF, 0x00FFFFFF, 0x00FFFFFF, 0x00FFFFFF, 0x00FFFFFF, 0x00FFFFFF, 0x00FFFFFF, 0x00FFFFFF,
  0x00FFFFFF, 0x00FFFFFF, 0x00FFFFFF, 0x00FFFFFF, 0x00FFFFFF, 0x00FFFFFF, 0x00FFFFFF, 0x00FFFFFF,
  0xFDACD7F2, 0xFF5EA5E9, 0xFF54A4E3, 0xE2A6D2F5, 0x2BF9FFFF, 0x00FFFFFF, 0x00FFFFFF, 0x00FFFFFF,
  0x00FFFFFF, 0x00FFFFFF, 0x00FFFFFF, 0x00FFFFFF, 0xDEA5CFEC, 0xFF1886E1, 0xFD208AEA, 0xFF2289EE,
  0xFB157EE3, 0xFF98CDF0, 0x00FFFFFF, 0x00FFFFFF, 0x00FFFFFF, 0x00FFFFFF, 0x00FFFFFF, 0x00FFFFFF,
  0x00FFFFFF, 0x00FFFFFF, 0x00FFFFFF, 0x00FFFFFF, 0x00FFFFFF, 0x00FFFFFF, 0x00FFFFFF, 0x00FFFFFF,
  0x00FFFFFF, 0x00FFFFFF, 0x00FFFFFF, 0x00FFFFFF, 0x00FFFFFF, 0x00FFFFFF, 0x00FFFFFF, 0x00FFFFFF,
  0x00FFFFFF, 0x00FFFFFF, 0x00FFFFFF, 0x00FFFFFF, 0x00FFFFFF, 0x00FFFFFF, 0x00FFFFFF, 0x00FFFFFF,
  0x00FFFFFF, 0x00FFFFFF, 0x00FFFFFF, 0x00FFFFFF, 0x00FFFFFF, 0x00FFFFFF, 0x00FFFFFF, 0x94D1E7F7,
  0xFF449BEE, 0xF32292EE, 0xF52195F6, 0xFF3293EA, 0xCFB4D7EF, 0x00FFFFFF, 0x00FFFFFF, 0x00FFFFFF,
  0x00FFFFFF, 0x00FFFFFF, 0x00FFFFFF, 0x00FFFFFF, 0xE08CC2EE, 0xFF1488E4, 0xFD1A8DEB, 0xFD2189E8,
  0xFD1885E6, 0xD7A6CEEB, 0x00FFFFFF, 0x00FFFFFF, 0x00FFFFFF, 0x00FFFFFF, 0x00FFFFFF, 0x00FFFFFF,
  0x00FFFFFF, 0x37FCFCF7, 0x89FFFEF5, 0x00FFFFFF, 0x00FFFFFF, 0x00FFFFFF, 0x00FFFFFF, 0x00FFFFFF,
  0x00FFFFFF, 0x00FFFFFF, 0x00FFFFFF, 0x00FFFFFF, 0x00FFFFFF, 0x00FFFFFF, 0x00FFFFFF, 0x00FFFFFF,
  0x00FFFFFF, 0x00FFFFFF, 0x00FFFFFF, 0x00FFFFFF, 0x00FFFFFF, 0x00FFFFFF, 0x00FFFFFF, 0x00FFFFFF,
  0x00FFFFFF, 0x00FFFFFF, 0x00FFFFFF, 0x00FFFFFF, 0x00FFFFFF, 0x00FFFFFF, 0x00FFFFFF, 0xA0B4D0E9,
  0xFD3697F0, 0xF93196EF, 0xFF3794E5, 0xF72690E6, 0xFF6EB9F8, 0x00FFFFFF, 0x00FFFFFF, 0x00FFFFFF,
  0x00FFFFFF, 0x00FFFFFF, 0x00FFFFFF, 0x00FFFFFF, 0xE075B8EC, 0xFF1486EB, 0xFD2389E7, 0xFB218BE4,
  0xFF1B8EED, 0xB9ACD5F1, 0x00FFFFFF, 0x00FFFFFF, 0x00FFFFFF, 0x00FFFFFF, 0x00FFFFFF, 0x00FFFFFF,
  0x00FFFFFF, 0x00FFFFFF, 0x88F0FBFD, 0xFFECF1F8, 0x00FFFFFF, 0x00FFFFFF, 0x00FFFFFF, 0x00FFFFFF,
  0x00FFFFFF, 0x00FFFFFF, 0x00FFFFFF, 0x00FFFFFF, 0x00FFFFFF, 0x00FFFFFF, 0x00FFFFFF, 0x00FFFFFF,
  0x00FFFFFF, 0x00FFFFFF, 0x00FFFFFF, 0x00FFFFFF, 0x00FFFFFF, 0x00FFFFFF, 0x00FFFFFF, 0x00FFFFFF,
  0x00FFFFFF, 0x00FFFFFF, 0x00FFFFFF, 0x00FFFFFF, 0x00FFFFFF, 0x00FFFFFF, 0x00FFFFFF, 0x4BD9ECF7,
  0xFD4EA7F3, 0xF73192ED, 0xFF3394E9, 0xFD3493E6, 0xFB3191ED, 0xDECAEAF7, 0x00FFFFFF, 0x00FFFFFF,
  0x00FFFFFF, 0x00FFFFFF, 0x00FFFFFF, 0x00FFFFFF, 0xDE66ADEA, 0xFF1786EF, 0xFD2189EB, 0xF91C89E9,
  0xFF2899F7, 0x5FBFDFF6, 0x00FFFFFF, 0x00FFFFFF, 0x00FFFFFF, 0x00FFFFFF, 0x00FFFFFF, 0x00FFFFFF,
  0x00FFFFFF, 0xA8BADDF3, 0xFF3691E8, 0xF71179D9, 0xFB5BA8E4, 0x5FE0F6FD, 0x00FFFFFF, 0x00FFFFFF,
  0x00FFFFFF, 0x00FFFFFF, 0x00FFFFFF, 0x00FFFFFF, 0x00FFFFFF, 0x00FFFFFF, 0x00FFFFFF, 0x00FFFFFF,
  0x00FFFFFF, 0x00FFFFFF, 0x00FFFFFF, 0x00FFFFFF, 0x00FFFFFF, 0x00FFFFFF, 0x00FFFFFF, 0x00FFFFFF,
  0x00FFFFFF, 0x00FFFFFF, 0x00FFFFFF, 0x00FFFFFF, 0x00FFFFFF, 0x00FFFFFF, 0x00FFFFFF, 0x00FFFFFF,
  0xFF7CC0F6, 0xF9268CE6, 0xFF3196EB, 0xFF3396E7, 0xFD298AE3, 0xFF7EC3F3, 0x00FFFFFF, 0x00FFFFFF,
  0x00FFFFFF, 0x00FFFFFF, 0x00FFFFFF, 0x00FFFFFF, 0xF564B1F0, 0xF91485E8, 0xFF1E8BEB, 0xF71C88E7,
  0xFF359DF6, 0x44D2E8F7, 0x00FFFFFF, 0x00FFFFFF, 0x00FFFFFF, 0x00FFFFFF, 0x00FFFFFF, 0x00FFFFFF,
  0xB4D3EDF8, 0xFF2E91E7, 0xF90376E1, 0xFD0480E5, 0xFF0071DA, 0xF178B1E6, 0x00FFFFFF, 0x00FFFFFF,
  0x00FFFFFF, 0x00FFFFFF, 0x00FFFFFF, 0x00FFFFFF, 0x00FFFFFF, 0x00FFFFFF, 0x00FFFFFF, 0x00FFFFFF,
  0x00FFFFFF, 0x00FFFFFF, 0x00FFFFFF, 0x00FFFFFF, 0x00FFFFFF, 0x00FFFFFF, 0x00FFFFFF, 0x00FFFFFF,
  0x00FFFFFF, 0x00FFFFFF, 0x00FFFFFF, 0x00FFFFFF, 0x00FFFFFF, 0x00FFFFFF, 0x00FFFFFF, 0x00FFFFFF,
  0xC1BADFF3, 0xFD3899EC, 0xF93393E9, 0xFF2E97E5, 0xF73094E4, 0xFD49A7FA, 0x56D9EEFA, 0x00FFFFFF,
  0x00FFFFFF, 0x00FFFFFF, 0x00FFFFFF, 0x1DF7FCFC, 0xFF5CAEF4, 0xF71486E9, 0xFF208BEA, 0xF71A88E7,
  0xFF3EA1F5, 0x47DEF1FA, 0x00FFFFFF, 0x00FFFFFF, 0x00FFFFFF, 0x00FFFFFF, 0x00FFFFFF, 0x42F6FFFF,
  0xFF58ABF1, 0xF50575E2, 0xFF0682E8, 0xFD067FE2, 0xFD037CEC, 0xCC4C9BE4, 0x00FFFFFF, 0x00FFFFFF,
  0x00FFFFFF, 0x00FFFFFF, 0x00FFFFFF, 0x00FFFFFF, 0x00FFFFFF, 0x00FFFFFF, 0x00FFFFFF, 0x00FFFFFF,
  0x00FFFFFF, 0x00FFFFFF, 0x00FFFFFF, 0x00FFFFFF, 0x00FFFFFF, 0x00FFFFFF, 0x00FFFFFF, 0x00FFFFFF,
  0x00FFFFFF, 0x00FFFFFF, 0x00FFFFFF, 0x00FFFFFF, 0x00FFFFFF, 0x00FFFFFF, 0x00FFFFFF, 0x00FFFFFF,
  0x00FFFFFF, 0xFF6DB6F4, 0xF92A8DEA, 0xFF3195EA, 0xFD3096EB, 0xFD2F8EEC, 0xE094C6EE, 0x00FFFFFF,
  0x00FFFFFF, 0x00FFFFFF, 0x00FFFFFF, 0x4DEAF9FB, 0xFF49A3EF, 0xF71788EC, 0xFF218BE8, 0xF71886E6,
  0xFF4EA9F6, 0x51EBF7FC, 0x00FFFFFF, 0x00FFFFFF, 0x00FFFFFF, 0x00FFFFFF, 0x00FFFFFF, 0xE688C8F3,
  0xF90578DB, 0xFD0680E9, 0xFF027CEF, 0xFD0B7EE8, 0xFD0178E0, 0xF57DBEEB, 0x00FFFFFF, 0x00FFFFFF,
  0x00FFFFFF, 0x00FFFFFF, 0x00FFFFFF, 0x00FFFFFF, 0x00FFFFFF, 0x00FFFFFF, 0x00FFFFFF, 0x00FFFFFF,
  0x00FFFFFF, 0x00FFFFFF, 0x00FFFFFF, 0x00FFFFFF, 0x00FFFFFF, 0x00FFFFFF, 0x00FFFFFF, 0x00FFFFFF,
  0x00FFFFFF, 0x00FFFFFF, 0x00FFFFFF, 0x00FFFFFF, 0x00FFFFFF, 0x00FFFFFF, 0x00FFFFFF, 0x00FFFFFF,
  0x00FFFFFF, 0xB4A9D2ED, 0xFF3395EA, 0xFB3594EE, 0xFF2D95EE, 0xF92D8EE6, 0xFF5CACF5, 0x4AE9F7FB,
  0x00FFFFFF, 0x00FFFFFF, 0x00FFFFFF, 0x82DBF1F9, 0xFF3B9BEF, 0xF7198AEC, 0xFF218AE5, 0xFB1584E6,
  0xFF53A8EB, 0x00FFFFFF, 0x00FFFFFF, 0x00FFFFFF, 0x00FFFFFF, 0x00FFFFFF, 0xA6C6EAFC, 0xFF1682E4,
  0xFB047CE5, 0xFF077EE3, 0xFF0A7DE4, 0xFB0275E6, 0xFF419BE3, 0x45EDFBFD, 0x00FFFFFF, 0x00FFFFFF,
  0x00FFFFFF, 0x00FFFFFF, 0x00FFFFFF, 0x00FFFFFF, 0x00FFFFFF, 0x00FFFFFF, 0x00FFFFFF, 0x00FFFFFF,
  0x00FFFFFF, 0x00FFFFFF, 0x00FFFFFF, 0x00FFFFFF, 0x00FFFFFF, 0x00FFFFFF, 0xB4C8E6FA, 0xFF8BC2F0,
  0xF398C7EC, 0x86E6FBFF, 0x00FFFFFF, 0x00FFFFFF, 0x00FFFFFF, 0x00FFFFFF, 0x00FFFFFF, 0x00FFFFFF,
  0x00FFFFFF, 0x57EBFBFE, 0xFF5DB2F2, 0xF92D8DEA, 0xFF3095EC, 0xFB2F98EB, 0xFD3195EC, 0xC3A8D3F4,
  0x00FFFFFF, 0x00FFFFFF, 0x00FFFFFF, 0x78C9E5F7, 0xFF3096F2, 0xF7198CED, 0xFF1F8BE8, 0xFD1184E5,
  0xFD5FADEA, 0x00FFFFFF, 0x00FFFFFF, 0x00FFFFFF, 0x00FFFFFF, 0x68EEFEFF, 0xFF48A3F4, 0xF50577E4,
  0xFF077EEB, 0xFF047FE6, 0xF9047EE2, 0xFF1A89E6, 0x80C6E5F6, 0x00FFFFFF, 0x00FFFFFF, 0x00FFFFFF,
  0x00FFFFFF, 0x00FFFFFF, 0x00FFFFFF, 0x00FFFFFF, 0x00FFFFFF, 0x00FFFFFF, 0x00FFFFFF, 0x00FFFFFF,
  0x00FFFFFF, 0x00FFFFFF, 0x00FFFFFF, 0x00FFFFFF, 0x00FFFFFF, 0x9DC7E0F2, 0xFF57ABF2, 0xF53C99E8,
  0xFF3898EB, 0xFF67B5F4, 0xC5C2E6FB, 0x00FFFFFF, 0x00FFFFFF, 0x00FFFFFF, 0x00FFFFFF, 0x00FFFFFF,
  0x00FFFFFF, 0x00FFFFFF, 0xDE92C7EE, 0xFD298FE9, 0xFD3595E8, 0xFF3194EC, 0xF92B8DE9, 0xFD63B1F3,
  0x45F5FEFE, 0x00FFFFFF, 0x00FFFFFF, 0x7CB6D8EF, 0xFF2791F0, 0xF7218BEA, 0xFF248AEA, 0xF91181E1,
  0xFF86C5F6, 0x00FFFFFF, 0x00FFFFFF, 0x11F7FBFE, 0x00FFFFFF, 0xFF79BCF5, 0xF3066FE4, 0xFF0782E6,
  0xFF047DE9, 0xFD097DE5, 0xF90478DE, 0xF18ECAF3, 0x00FFFFFF, 0x00FFFFFF, 0x00FFFFFF, 0x00FFFFFF,
  0x00FFFFFF, 0x00FFFFFF, 0x00FFFFFF, 0x00FFFFFF, 0x00FFFFFF, 0x00FFFFFF, 0x00FFFFFF, 0x00FFFFFF,
  0x00FFFFFF, 0x00FFFFFF, 0x00FFFFFF, 0x00FFFFFF, 0x00FFFFFF, 0xFF8DC6F2, 0xF73B99EC, 0xFF47A2F4,
  0xFF46A2EA, 0xF73C9EEB, 0xFF4FA0EE, 0xE8A4D4F6, 0x20F9FFFF, 0x00FFFFFF, 0x00FFFFFF, 0x00FFFFFF,
  0x00FFFFFF, 0x00FFFFFF, 0x74DCEFFA, 0xFF52AAF3, 0xF72C93EA, 0xFF3494E9, 0xF93393EA, 0xFF399CEF,
  0x9ABDDDF3, 0x00FFFFFF, 0x00FFFFFF, 0x70A2C9F0, 0xFF2191F9, 0xF7238BE8, 0xFD1E8CEA, 0xFD1583EA,
  0xE095C9ED, 0x00FFFFFF, 0x00FFFFFF, 0x00FFFFFF, 0xD9A6D6F5, 0xF90D77DD, 0xFD077FE7, 0xFF027EEA,
  0xFF087EE8, 0xF90375DF, 0xFF51A9ED, 0x00FFFFFF, 0x00FFFFFF, 0x00FFFFFF, 0x00FFFFFF, 0x00FFFFFF,
  0x00FFFFFF, 0x00FFFFFF, 0x00FFFFFF, 0x00FFFFFF, 0x00FFFFFF, 0x00FFFFFF, 0x00FFFFFF, 0x00FFFFFF,
  0x00FFFFFF, 0x00FFFFFF, 0x00FFFFFF, 0x00FFFFFF, 0x00FFFFFF, 0xEF95C8EC, 0xF93D97E8, 0xFB4CA1EA,
  0xFF4A9EE7, 0xFF489FEB, 0xFB459EEC, 0xFF439BE8, 0xF975B4E7, 0xDAE0F9FF, 0x00FFFFFF, 0x00FFFFFF,
  0x00FFFFFF, 0x00FFFFFF, 0x00FFFFFF, 0xE080BDEC, 0xFB2493F2, 0xFD3096EE, 0xFF3495E7, 0xFB2B8EE9,
  0xF18BC3ED, 0x00FFFFFF, 0x00FFFFFF, 0xB5AFD5F6, 0xFF198BF4, 0xF52089E6, 0xF3178FF3, 0xF71D8BE8,
  0xAAA9D1EB, 0x00FFFFFF, 0x00FFFFFF, 0xAAD5ECF8, 0xFF2A8EED, 0xF9037CE4, 0xFF0380EC, 0xFF087DE9,
  0xF9037BE7, 0xFF3096ED, 0x8BD9F0FB, 0x00FFFFFF, 0x00FFFFFF, 0x00FFFFFF, 0x00FFFFFF, 0x00FFFFFF,
  0x00FFFFFF, 0x00FFFFFF, 0x00FFFFFF, 0x00FFFFFF, 0x00FFFFFF, 0x00FFFFFF, 0x00FFFFFF, 0x00FFFFFF,
  0x00FFFFFF, 0x00FFFFFF, 0x00FFFFFF, 0x00FFFFFF, 0x00FFFFFF, 0x59E8F5FA, 0xFF82C7FD, 0xFB3B99E7,
  0xFB449FF3, 0xFF45A0F1, 0xFF44A1E9, 0xFD469FF0, 0xFD3E99EB, 0xFF5CA7E7, 0xE4BFE4F7, 0x00FFFFFF,
  0x00FFFFFF, 0x00FFFFFF, 0x00FFFFFF, 0x73C7E4F5, 0xFD3DA0F4, 0xF13095EB, 0xFB3798EC, 0xF5228BE9,
  0xF98CC5EE, 0x00FFFFFF, 0x00FFFFFF, 0x63F3FDFD, 0xFF6DAAE2, 0xFF218DF0, 0xFF248AED, 0xFF82C5FA,
  0x37EBF9FD, 0x00FFFFFF, 0x00FFFFFF, 0xFF5AAAEC, 0xF90373E5, 0xFF097FE5, 0xFF027FE2, 0xFD077DE7,
  0xF90B7BE0, 0xB5AFD7F2, 0x00FFFFFF, 0x00FFFFFF, 0x00FFFFFF, 0x00FFFFFF, 0x00FFFFFF, 0x00FFFFFF,
  0x00FFFFFF, 0x00FFFFFF, 0x00FFFFFF, 0x00FFFFFF, 0x00FFFFFF, 0x00FFFFFF, 0x00FFFFFF, 0x00FFFFFF,
  0x00FFFFFF, 0x00FFFFFF, 0x00FFFFFF, 0x00FFFFFF, 0x00FFFFFF, 0x00FFFFFF, 0x88EDFEFF, 0xEF85C0EE,
  0xFF4CA2EC, 0xF7419DEC, 0xFF49A0EA, 0xFF469EEC, 0xFF45A0F0, 0xFB409DEC, 0xFF459CE9, 0xFFA5D7FF,
  0x58F1FEFF, 0x00FFFFFF, 0x00FFFFFF, 0x00FFFFFF, 0xFF98CDFB, 0xFF3A97E7, 0xFF2A92E7, 0xFF64B6FD,
  0x7BD3E9F7, 0x00FFFFFF, 0x00FFFFFF, 0x00FFFFFF, 0x5DF4FEFE, 0xAAC6E1F5, 0x7BBCD9EB, 0x2FF5FFFF,
  0x00FFFFFF, 0x00FFFFFF, 0x88DBEDF3, 0xFD258BE0, 0xF9057EE9, 0xFF077BE4, 0xFF0680E3, 0xFB0273DE,
  0xFF79BCF0, 0x00FFFFFF, 0x00FFFFFF, 0x00FFFFFF, 0x00FFFFFF, 0x00FFFFFF, 0x00FFFFFF, 0x00FFFFFF,
  0x00FFFFFF, 0x00FFFFFF, 0x00FFFFFF, 0x00FFFFFF, 0x00FFFFFF, 0x00FFFFFF, 0x00FFFFFF, 0x00FFFFFF,
  0x00FFFFFF, 0x00FFFFFF, 0x00FFFFFF, 0x00FFFFFF, 0x00FFFFFF, 0x00FFFFFF, 0x00FFFFFF, 0x00FFFFFF,
  0xC8B4DCF4, 0xFF5CB1F5, 0xF94197E9, 0xFF4B9EE9, 0xFF44A1EA, 0xFF48A0EB, 0xFD499CED, 0xF73E98EB,
  0xFF7BBDF4, 0x56DCF2FC, 0x00FFFFFF, 0x00FFFFFF, 0x1FF8FFFF, 0x77BBE0FA, 0xABA1C9ED, 0x6FE3F8FE,
  0x00FFFFFF, 0x00FFFFFF, 0x00FFFFFF, 0x00FFFFFF, 0x00FFFFFF, 0x00FFFFFF, 0x00FFFFFF, 0x00FFFFFF,
  0x00FFFFFF, 0x00FFFFFF, 0x2CE5F3F7, 0xF73093E5, 0xF1077CEB, 0xFD0881E8, 0xF50575E5, 0xFF44A0E9,
  0x5DECFCFF, 0x00FFFFFF, 0x00FFFFFF, 0x00FFFFFF, 0x00FFFFFF, 0x00FFFFFF, 0x00FFFFFF, 0x00FFFFFF,
  0x00FFFFFF, 0x00FFFFFF, 0x00FFFFFF, 0x00FFFFFF, 0x00FFFFFF, 0x00FFFFFF, 0x00FFFFFF, 0x00FFFFFF,
  0x00FFFFFF, 0x00FFFFFF, 0x00FFFFFF, 0x00FFFFFF, 0x00FFFFFF, 0x00FFFFFF, 0x00FFFFFF, 0x00FFFFFF,
  0x00FFFFFF, 0x6CDCEFFA, 0xFF76BAF8, 0xFB3D9AEB, 0xFB42A1ED, 0xFF45A1EF, 0xFF469FEC, 0xFF45A1F1,
  0xF33F99E9, 0xFF76C1FF, 0x66E1F2FA, 0x00FFFFFF, 0x00FFFFFF, 0x00FFFFFF, 0x00FFFFFF, 0x00FFFFFF,
  0x00FFFFFF, 0x00FFFFFF, 0x00FFFFFF, 0x00FFFFFF, 0x00FFFFFF, 0x00FFFFFF, 0x00FFFFFF, 0x00FFFFFF,
  0x00FFFFFF, 0x00FFFFFF, 0x00FFFFFF, 0xFF95D1F9, 0xFF1983E4, 0xFF0475DC, 0xFF3699EE, 0xB7C6E6F6,
  0x00FFFFFF, 0x00FFFFFF, 0x00FFFFFF, 0x00FFFFFF, 0x00FFFFFF, 0x00FFFFFF, 0x00FFFFFF, 0x00FFFFFF,
  0x00FFFFFF, 0x00FFFFFF, 0x00FFFFFF, 0x00FFFFFF, 0x00FFFFFF, 0x00FFFFFF, 0x00FFFFFF, 0x00FFFFFF,
  0x00FFFFFF, 0x00FFFFFF, 0x00FFFFFF, 0x00FFFFFF, 0x00FFFFFF, 0x00FFFFFF, 0x00FFFFFF, 0x00FFFFFF,
  0x00FFFFFF, 0x00FFFFFF, 0x24F7FDFF, 0xFD92C6EF, 0xFF489FED, 0xF9419BED, 0xFF45A2EE, 0xFF44A1E9,
  0xFD4AA0EC, 0xF74698E6, 0xF3ACD3EE, 0x00FFFFFF, 0x00FFFFFF, 0x00FFFFFF, 0x00FFFFFF, 0x00FFFFFF,
  0x00FFFFFF, 0x00FFFFFF, 0x00FFFFFF, 0x00FFFFFF, 0x00FFFFFF, 0x00FFFFFF, 0x00FFFFFF, 0x00FFFFFF,
  0x00FFFFFF, 0x00FFFFFF, 0x00FFFFFF, 0x00FFFFFF, 0x83CDE4F1, 0xD7B3D6EC, 0x5FE7F8FF, 0x00FFFFFF,
  0x00FFFFFF, 0x00FFFFFF, 0x00FFFFFF, 0x00FFFFFF, 0x00FFFFFF, 0x00FFFFFF, 0x00FFFFFF, 0x00FFFFFF,
  0x00FFFFFF, 0x00FFFFFF, 0x00FFFFFF, 0x00FFFFFF, 0x00FFFFFF, 0x00FFFFFF, 0x00FFFFFF, 0x00FFFFFF,
  0x00FFFFFF, 0x00FFFFFF, 0x00FFFFFF, 0x00FFFFFF, 0x00FFFFFF, 0x00FFFFFF, 0x00FFFFFF, 0x00FFFFFF,
  0x00FFFFFF, 0x00FFFFFF, 0x00FFFFFF, 0x00FFFFFF, 0xB7B7DCF7, 0xFF68B1EE, 0xF54295E3, 0xF9489FEE,
  0xF548A1EE, 0xFB41A2F1, 0xB0B3D6F3, 0x00FFFFFF, 0x00FFFFFF, 0x00FFFFFF, 0x00FFFFFF, 0x00FFFFFF,
  0x00FFFFFF, 0x00FFFFFF, 0x00FFFFFF, 0x00FFFFFF, 0x00FFFFFF, 0x00FFFFFF, 0x00FFFFFF, 0x00FFFFFF,
  0x00FFFFFF, 0x00FFFFFF, 0x00FFFFFF, 0x00FFFFFF, 0x00FFFFFF, 0x00FFFFFF, 0x00FFFFFF, 0x00FFFFFF,
  0x00FFFFFF, 0x00FFFFFF, 0x00FFFFFF, 0x00FFFFFF, 0x00FFFFFF, 0x00FFFFFF, 0x00FFFFFF, 0x00FFFFFF,
  0x00FFFFFF, 0x00FFFFFF, 0x00FFFFFF, 0x00FFFFFF, 0x00FFFFFF, 0x00FFFFFF, 0x00FFFFFF, 0x00FFFFFF,
  0x00FFFFFF, 0x00FFFFFF, 0x00FFFFFF, 0x00FFFFFF, 0x00FFFFFF, 0x00FFFFFF, 0x00FFFFFF, 0x00FFFFFF,
  0x00FFFFFF, 0x00FFFFFF, 0x00FFFFFF, 0x00FFFFFF, 0x00FFFFFF, 0xA2E0F8FF, 0xFF83C4FC, 0xFF49A3F8,
  0xFF4AA2ED, 0xFF8AD0FF, 0x44EBF9FF, 0x00FFFFFF, 0x00FFFFFF, 0x00FFFFFF, 0x00FFFFFF, 0x00FFFFFF,
  0x00FFFFFF, 0x00FFFFFF, 0x00FFFFFF, 0x00FFFFFF, 0x00FFFFFF, 0x00FFFFFF, 0x00FFFFFF, 0x00FFFFFF,
  0x00FFFFFF, 0x00FFFFFF, 0x00FFFFFF, 0x00FFFFFF, 0x00FFFFFF, 0x00FFFFFF, 0x00FFFFFF, 0x00FFFFFF,
  0x00FFFFFF, 0x00FFFFFF, 0x00FFFFFF, 0x00FFFFFF, 0x00FFFFFF, 0x00FFFFFF, 0x00FFFFFF, 0x00FFFFFF,
  0x00FFFFFF, 0x00FFFFFF, 0x00FFFFFF, 0x00FFFFFF, 0x00FFFFFF, 0x00FFFFFF, 0x00FFFFFF, 0x00FFFFFF,
  0x00FFFFFF, 0x00FFFFFF, 0x00FFFFFF, 0x00FFFFFF, 0x00FFFFFF, 0x00FFFFFF, 0x00FFFFFF, 0x00FFFFFF,
  0x00FFFFFF, 0x00FFFFFF, 0x00FFFFFF, 0x00FFFFFF, 0x00FFFFFF, 0x00FFFFFF, 0x2DF8FFFF, 0x97C5E2F7,
  0x8BC3E2F7, 0x1AF7FCFE, 0x00FFFFFF, 0x00FFFFFF, 0x00FFFFFF, 0x00FFFFFF, 0x00FFFFFF, 0x00FFFFFF,
  0x00FFFFFF, 0x00FFFFFF, 0x00FFFFFF, 0x00FFFFFF, 0x00FFFFFF, 0x00FFFFFF, 0x00FFFFFF, 0x00FFFFFF,
  0x00FFFFFF, 0x00FFFFFF, 0x00FFFFFF, 0x00FFFFFF, 0x00FFFFFF, 0x00FFFFFF, 0x00FFFFFF, 0x00FFFFFF,
  0x00FFFFFF, 0x00FFFFFF, 0x00FFFFFF, 0x00FFFFFF, 0x00FFFFFF, 0x00FFFFFF, 0x00FFFFFF, 0x00FFFFFF,
  0x00FFFFFF, 0x00FFFFFF, 0x00FFFFFF, 0x00FFFFFF, 0x00FFFFFF, 0x00FFFFFF, 0x00FFFFFF, 0x00FFFFFF,
  0x00FFFFFF, 0x00FFFFFF, 0x43DFEEF8, 0x43D9ECF7, 0x43E3F3FC, 0x44EFF8FE, 0x11F6FDFF, 0x00FFFFFF,
  0x00FFFFFF, 0x00FFFFFF, 0x00FFFFFF, 0x00FFFFFF, 0x00FFFFFF, 0x00FFFFFF, 0x00FFFFFF, 0x00FFFFFF,
  0x00FFFFFF, 0x00FFFFFF, 0x00FFFFFF, 0x00FFFFFF, 0x00FFFFFF, 0x00FFFFFF, 0x00FFFFFF, 0x00FFFFFF,
  0x00FFFFFF, 0x00FFFFFF, 0x00FFFFFF, 0x00FFFFFF, 0x00FFFFFF, 0x00FFFFFF, 0x00FFFFFF, 0x00FFFFFF,
  0x00FFFFFF, 0x00FFFFFF, 0x00FFFFFF, 0x00FFFFFF, 0x00FFFFFF, 0x00FFFFFF, 0x00FFFFFF, 0x00FFFFFF,
  0x00FFFFFF, 0x00FFFFFF, 0x00FFFFFF, 0x00FFFFFF, 0x00FFFFFF, 0x00FFFFFF, 0x00FFFFFF, 0x00FFFFFF,
  0x00FFFFFF, 0x00FFFFFF, 0x00FFFFFF, 0x00FFFFFF, 0x00FFFFFF, 0x00FFFFFF, 0x00FFFFFF, 0x00FFFFFF,
  0x66F0FCFF, 0xFFA1D9FF, 0xFF6AB5F4, 0xFF6EBCFB, 0xFF76BFFC, 0xFF80C2FE, 0xFF7DBDF5, 0xFF84BEEF,
  0xFF97C5F0, 0xC3A8D0F0, 0x7FB8D5ED, 0x37C8DDF3, 0x6CD3E9F8, 0x4BEAF6F9, 0x27F9FEFF, 0x00FFFFFF,
  0x00FFFFFF, 0x00FFFFFF, 0x00FFFFFF, 0x00FFFFFF, 0x00FFFFFF, 0x00FFFFFF, 0x00FFFFFF, 0x00FFFFFF,
  0x00FFFFFF, 0x00FFFFFF, 0x00FFFFFF, 0x00FFFFFF, 0x00FFFFFF, 0x00FFFFFF, 0x00FFFFFF, 0x00FFFFFF,
  0x00FFFFFF, 0x00FFFFFF, 0x00FFFFFF, 0x00FFFFFF, 0x00FFFFFF, 0x00FFFFFF, 0x00FFFFFF, 0x00FFFFFF,
  0x00FFFFFF, 0x00FFFFFF, 0x00FFFFFF, 0x00FFFFFF, 0x00FFFFFF, 0x00FFFFFF, 0x00FFFFFF, 0x00FFFFFF,
  0x00FFFFFF, 0x00FFFFFF, 0x00FFFFFF, 0x00FFFFFF, 0x00FFFFFF, 0x00FFFFFF, 0x00FFFFFF, 0x00FFFFFF,
  0x92B8D8F1, 0xFB5BADF2, 0xF157AAF0, 0xF757A8EF, 0xF75AA6EB, 0xF75AA4EB, 0xFB56A6EF, 0xFD54A4F0,
  0xFD52A2EE, 0xFF58A9F4, 0xFF5FAFF9, 0xFF67B7FF, 0xFF68B5FA, 0xFF79B7F0, 0xFFABD6F8, 0x13F6FCFE,
  0x00FFFFFF, 0x00FFFFFF, 0x00FFFFFF, 0x00FFFFFF, 0x00FFFFFF, 0x00FFFFFF, 0x00FFFFFF, 0x00FFFFFF,
  0x00FFFFFF, 0x00FFFFFF, 0x00FFFFFF, 0x00FFFFFF, 0x00FFFFFF, 0x00FFFFFF, 0x00FFFFFF, 0x00FFFFFF,
  0x00FFFFFF, 0x00FFFFFF, 0x00FFFFFF, 0x00FFFFFF, 0x00FFFFFF, 0x00FFFFFF, 0x00FFFFFF, 0x00FFFFFF,
  0x00FFFFFF, 0x00FFFFFF, 0x00FFFFFF, 0x00FFFFFF, 0x00FFFFFF, 0x00FFFFFF, 0x00FFFFFF, 0x00FFFFFF,
  0x00FFFFFF, 0x00FFFFFF, 0x00FFFFFF, 0x00FFFFFF, 0x00FFFFFF, 0x00FFFFFF, 0x00FFFFFF, 0x00FFFFFF,
  0xC7A7CBEA, 0xFB5AA8EF, 0xFB5CABF4, 0xFF5AA9F1, 0xFF5DA9EB, 0xFF5DAAEB, 0xFF5BAAEE, 0xFF5CA9EE,
  0xFF5CA9EE, 0xFB5CABEE, 0xF95CABEE, 0xF75BA8ED, 0xF958A8F1, 0xF353A8F3, 0xF95BA9F0, 0xBCC5E2F6,
  0x00FFFFFF, 0x00FFFFFF, 0x00FFFFFF, 0x00FFFFFF, 0x00FFFFFF, 0x00FFFFFF, 0x00FFFFFF, 0x00FFFFFF,
  0x00FFFFFF, 0x00FFFFFF, 0x00FFFFFF, 0x00FFFFFF, 0x00FFFFFF, 0x00FFFFFF, 0x00FFFFFF, 0x00FFFFFF,
  0x00FFFFFF, 0x00FFFFFF, 0x00FFFFFF, 0x00FFFFFF, 0x00FFFFFF, 0x00FFFFFF, 0x00FFFFFF, 0x00FFFFFF,
  0x00FFFFFF, 0x00FFFFFF, 0x00FFFFFF, 0x00FFFFFF, 0x00FFFFFF, 0x00FFFFFF, 0x00FFFFFF, 0x00FFFFFF,
  0x00FFFFFF, 0x00FFFFFF, 0x00FFFFFF, 0x00FFFFFF, 0x00FFFFFF, 0x00FFFFFF, 0x00FFFFFF, 0x00FFFFFF,
  0x79DCECF5, 0xFF7DB9F2, 0xF951A1EB, 0xFF52A6F1, 0xF753A6EF, 0xF954A7EE, 0xFB56A9EE, 0xF95AA9EC,
  0xFB5AAAEB, 0xFB5AAAEC, 0xFB5AABEC, 0xFF5AAAED, 0xFF5FA8E9, 0xFD5EABEB, 0xF752A4F4, 0xE8B3D3EE,
  0x00FFFFFF, 0x00FFFFFF, 0x00FFFFFF, 0x00FFFFFF, 0x00FFFFFF, 0x00FFFFFF, 0x00FFFFFF, 0x00FFFFFF,
  0x00FFFFFF, 0x00FFFFFF, 0x00FFFFFF, 0x00FFFFFF, 0x00FFFFFF, 0x00FFFFFF, 0x00FFFFFF, 0x00FFFFFF,
  0x00FFFFFF, 0x00FFFFFF, 0x00FFFFFF, 0x00FFFFFF, 0x00FFFFFF, 0x00FFFFFF, 0x00FFFFFF, 0x00FFFFFF,
  0x00FFFFFF, 0x00FFFFFF, 0x00FFFFFF, 0x00FFFFFF, 0x00FFFFFF, 0x00FFFFFF, 0x00FFFFFF, 0x00FFFFFF,
  0x00FFFFFF, 0x00FFFFFF, 0x00FFFFFF, 0x00FFFFFF, 0x00FFFFFF, 0x00FFFFFF, 0x00FFFFFF, 0x00FFFFFF,
  0x00FFFFFF, 0xD3D3EEFB, 0xFD8EBEE5, 0xFF7EBBED, 0xFF84C5FE, 0xFF79BBF5, 0xFF6FB2EF, 0xFF68B4F5,
  0xFF60B0F5, 0xFF5CAEF5, 0xFF5BADF5, 0xFD52A4EC, 0xF953A3EE, 0xF94FA5ED, 0xFF71C0FF, 0x7FD3E8F6,
  0x00FFFFFF, 0x00FFFFFF, 0x00FFFFFF, 0x00FFFFFF, 0x00FFFFFF, 0x00FFFFFF, 0x00FFFFFF, 0x00FFFFFF,
  0x00FFFFFF, 0x00FFFFFF, 0x00FFFFFF, 0x00FFFFFF, 0x00FFFFFF, 0x00FFFFFF, 0x00FFFFFF, 0x00FFFFFF,
  0x00FFFFFF, 0x00FFFFFF, 0x00FFFFFF, 0x00FFFFFF, 0x00FFFFFF, 0x00FFFFFF, 0x00FFFFFF, 0x00FFFFFF,
  0x00FFFFFF, 0x00FFFFFF, 0x00FFFFFF, 0x00FFFFFF, 0x00FFFFFF, 0x00FFFFFF, 0x00FFFFFF, 0x00FFFFFF,
  0x00FFFFFF, 0x00FFFFFF, 0x00FFFFFF, 0x00FFFFFF, 0x00FFFFFF, 0x00FFFFFF, 0x00FFFFFF, 0x00FFFFFF,
  0x00FFFFFF, 0x00FFFFFF, 0x00FFFFFF, 0x00FFFFFF, 0x38F5FAFC, 0x66E6F5F7, 0xA8DFEFF7, 0x7BD0E7F7,
  0xA8C4E1F8, 0xA6B5DAF3, 0xAAA8D0F0, 0xFF96C7EE, 0xFF91C4F4, 0xF982B5E2, 0xA8CDEEFD, 0x00FFFFFF,
  0x00FFFFFF, 0x00FFFFFF, 0x00FFFFFF, 0x00FFFFFF, 0x00FFFFFF, 0x00FFFFFF, 0x00FFFFFF, 0x00FFFFFF,
  0x00FFFFFF, 0x00FFFFFF, 0x00FFFFFF, 0x00FFFFFF, 0x00FFFFFF, 0x00FFFFFF, 0x00FFFFFF, 0x00FFFFFF,
  0x00FFFFFF, 0x00FFFFFF, 0x00FFFFFF, 0x00FFFFFF, 0x00FFFFFF, 0x00FFFFFF, 0x00FFFFFF, 0x00FFFFFF,
  0x00FFFFFF, 0x6BF1F8FC, 0x00FFFFFF, 0xFFEEF9FF, 0xFFF3FDFF, 0xFFF2FCFF, 0xFFF6FEFF, 0xD9EBF4FA,
  0xBAECF5FB, 0xBAECF4FB, 0xBAF4F7FC, 0x79F2F7FC, 0x00FFFFFF, 0x00FFFFFF, 0x00FFFFFF, 0x00FFFFFF,
  0x00FFFFFF, 0x00FFFFFF, 0x00FFFFFF, 0x00FFFFFF, 0x00FFFFFF, 0x00FFFFFF, 0x00FFFFFF, 0x00FFFFFF,
  0x00FFFFFF, 0x00FFFFFF, 0x00FFFFFF, 0x00FFFFFF, 0x00FFFFFF, 0x00FFFFFF, 0x00FFFFFF, 0x00FFFFFF,
  0x00FFFFFF, 0x00FFFFFF, 0x00FFFFFF, 0x00FFFFFF, 0x00FFFFFF, 0x00FFFFFF, 0x00FFFFFF, 0x00FFFFFF,
  0x00FFFFFF, 0x00FFFFFF, 0x00FFFFFF, 0x00FFFFFF, 0x00FFFFFF, 0x00FFFFFF, 0x00FFFFFF, 0x00FFFFFF,
  0x00FFFFFF, 0x00FFFFFF, 0x00FFFFFF, 0x00FFFFFF, 0x00FFFFFF, 0x00FFFFFF, 0x00FFFFFF, 0x00FFFFFF,
  0x00FFFFFF, 0xFDEEF9FD, 0xF7E4F3FF, 0xF9E4F1FD, 0xFBE4F0FB, 0xFBE4F0FC, 0xFBE3EFFB, 0xFFEAF5FF,
  0xFFEFF9FF, 0xFFEFF9FF, 0xFFEEF9FF, 0xFFF4FDFF, 0x00FFFFFF, 0xFFF0F8FF, 0xFFF5FEFF, 0x00FFFFFF,
  0x00FFFFFF, 0x00FFFFFF, 0x00FFFFFF, 0x00FFFFFF, 0x00FFFFFF, 0x00FFFFFF, 0x00FFFFFF, 0x00FFFFFF,
  0x00FFFFFF, 0x00FFFFFF, 0x00FFFFFF, 0x00FFFFFF, 0x00FFFFFF, 0x00FFFFFF, 0x00FFFFFF, 0x00FFFFFF,
  0x00FFFFFF, 0x00FFFFFF, 0x00FFFFFF, 0x00FFFFFF, 0x00FFFFFF, 0x00FFFFFF, 0x00FFFFFF, 0x00FFFFFF,
  0x00FFFFFF, 0x00FFFFFF, 0x00FFFFFF, 0x00FFFFFF, 0x00FFFFFF, 0x00FFFFFF, 0x00FFFFFF, 0x00FFFFFF,
  0x00FFFFFF, 0x00FFFFFF, 0x00FFFFFF, 0x00FFFFFF, 0x00FFFFFF, 0x00FFFFFF, 0x00FFFFFF, 0x00FFFFFF,
  0x00FFFFFF, 0xFFF5FFFF, 0xF3E2F0FD, 0xF9E4F0FC, 0xFBE4F0FC, 0xFDE4F1FF, 0xFDE4F0FF, 0xFBE5F1FF,
  0xFBE5F1FF, 0xFBE4F0FD, 0xFBE4F1FD, 0xF9E3F1FD, 0xF7E4F0FB, 0xF9E4F1FB, 0xFFE9F8FE, 0xB9ECF5FB,
  0x00FFFFFF, 0x00FFFFFF, 0x00FFFFFF, 0x00FFFFFF, 0x00FFFFFF, 0x00FFFFFF, 0x00FFFFFF, 0x00FFFFFF,
  0x00FFFFFF, 0x00FFFFFF, 0x00FFFFFF, 0x00FFFFFF, 0x00FFFFFF, 0x4CE9F8FD, 0x80E5F3FD, 0x00FFFFFF,
  0x00FFFFFF, 0x00FFFFFF, 0x00FFFFFF, 0x00FFFFFF, 0x00FFFFFF, 0x00FFFFFF, 0x00FFFFFF, 0x00FFFFFF,
  0x00FFFFFF, 0x00FFFFFF, 0x00FFFFFF, 0x00FFFFFF, 0x00FFFFFF, 0x00FFFFFF, 0x00FFFFFF, 0x00FFFFFF,
  0x00FFFFFF, 0x00FFFFFF, 0x00FFFFFF, 0x00FFFFFF, 0x00FFFFFF, 0x00FFFFFF, 0x00FFFFFF, 0x00FFFFFF,
  0x00FFFFFF, 0xA6F0F7FC, 0x00FFFFFF, 0xFFF4FDFF, 0xFFF0FAFF, 0xFFE6F3FF, 0xFFE7F3FF, 0xFBE4F0FC,
  0xF7E4F0FC, 0xF7E4F0FF, 0xF7E4F1FF, 0xF7E4F0FF, 0xF9E4F0FD, 0xF7E3F1FF, 0xF7E5F5FF, 0xE0EAF3F9,
  0x00FFFFFF, 0x00FFFFFF, 0x00FFFFFF, 0x00FFFFFF, 0x00FFFFFF, 0x00FFFFFF, 0x00FFFFFF, 0x00FFFFFF,
  0x00FFFFFF, 0x00FFFFFF, 0x00FFFFFF, 0x62DAEFFC, 0xF19ECAEE, 0xFF88C9FF, 0xFF7EC2FB, 0xF1A1CCF0,
  0x3BEFF9FD, 0x00FFFFFF, 0x00FFFFFF, 0x00FFFFFF, 0x00FFFFFF, 0x00FFFFFF, 0x00FFFFFF, 0x00FFFFFF,
  0x00FFFFFF, 0x00FFFFFF, 0x00FFFFFF, 0x00FFFFFF, 0x00FFFFFF, 0x00FFFFFF, 0x00FFFFFF, 0x00FFFFFF,
  0x00FFFFFF, 0x00FFFFFF, 0x00FFFFFF, 0x00FFFFFF, 0x00FFFFFF, 0x00FFFFFF, 0x00FFFFFF, 0x00FFFFFF,
  0x00FFFFFF, 0x00FFFFFF, 0x00FFFFFF, 0x79F5F9FC, 0xA5EFF4F9, 0xEFEFF4FB, 0xEDE8F1FA, 0xFFF1FBFF,
  0x00FFFFFF, 0xFFF7FFFF, 0xFFF7FFFF, 0xFFF8FFFF, 0xFFF4FEFF, 0xFFEEFCFF, 0x00FFFFFF, 0x4EF4F8FD,
  0x00FFFFFF, 0x00FFFFFF, 0x00FFFFFF, 0x00FFFFFF, 0x00FFFFFF, 0x00FFFFFF, 0x00FFFFFF, 0x00FFFFFF,
  0x1EF8FEFF, 0x7CCFEBF9, 0xFD93C8F3, 0xFF7DC4FF, 0xFF68AFEF, 0xF76AB2F3, 0xF76BB3F7, 0xFF6AB0F1,
  0xF9BADDF6, 0x00FFFFFF, 0x00FFFFFF, 0x00FFFFFF, 0x00FFFFFF, 0x00FFFFFF, 0x00FFFFFF, 0x00FFFFFF,
  0x00FFFFFF, 0x00FFFFFF, 0x00FFFFFF, 0x00FFFFFF, 0x00FFFFFF, 0x00FFFFFF, 0x00FFFFFF, 0x00FFFFFF,
  0x00FFFFFF, 0x00FFFFFF, 0x00FFFFFF, 0x00FFFFFF, 0x00FFFFFF, 0x00FFFFFF, 0x00FFFFFF, 0x00FFFFFF,
  0x00FFFFFF, 0x00FFFFFF, 0x00FFFFFF, 0x00FFFFFF, 0x00FFFFFF, 0x00FFFFFF, 0x00FFFFFF, 0x00FFFFFF,
  0x00FFFFFF, 0x28F7FBFF, 0x2AF6FAFD, 0x29F6FAFD, 0x73F3F7FB, 0x8FF7FBFF, 0x36F7FBFE, 0x00FFFFFF,
  0x00FFFFFF, 0x00FFFFFF, 0x00FFFFFF, 0x00FFFFFF, 0x00FFFFFF, 0x00FFFFFF, 0x41F4FEFF, 0xC8BDE1F9,
  0xFF93CBF8, 0xFF78BFFA, 0xFF6AAFEC, 0xF771B2EF, 0xFD73B4F0, 0xFF70B4F0, 0xFB75B5EF, 0xFB6CB4F2,
  0xCAAACDEB, 0x00FFFFFF, 0x00FFFFFF, 0x00FFFFFF, 0x00FFFFFF, 0x00FFFFFF, 0x00FFFFFF, 0x00FFFFFF,
  0x00FFFFFF, 0x00FFFFFF, 0x00FFFFFF, 0x00FFFFFF, 0x00FFFFFF, 0x00FFFFFF, 0x00FFFFFF, 0x00FFFFFF,
  0x00FFFFFF, 0x00FFFFFF, 0x00FFFFFF, 0x00FFFFFF, 0x00FFFFFF, 0x00FFFFFF, 0x00FFFFFF, 0x00FFFFFF,
  0x00FFFFFF, 0x00FFFFFF, 0x00FFFFFF, 0x00FFFFFF, 0x00FFFFFF, 0x00FFFFFF, 0x00FFFFFF, 0x00FFFFFF,
  0x00FFFFFF, 0x00FFFFFF, 0x00FFFFFF, 0x00FFFFFF, 0x00FFFFFF, 0x00FFFFFF, 0x00FFFFFF, 0x00FFFFFF,
  0x00FFFFFF, 0x00FFFFFF, 0x00FFFFFF, 0x00FFFFFF, 0x4CF1FAFF, 0xD5B3D6F0, 0xFF8FCEF9, 0xFF6CB5F4,
  0xF96DB0EB, 0xF970B4F0, 0xFF6DB5F5, 0xFF70B4F2, 0xFF71B4EF, 0xFD6BB4F3, 0xFF69B1F2, 0xFF7CC0FB,
  0xB5CDE7F8, 0x00FFFFFF, 0x00FFFFFF, 0x00FFFFFF, 0x00FFFFFF, 0x00FFFFFF, 0x00FFFFFF, 0x00FFFFFF,
  0x00FFFFFF, 0x00FFFFFF, 0x00FFFFFF, 0x00FFFFFF, 0x00FFFFFF, 0x00FFFFFF, 0x00FFFFFF, 0x00FFFFFF,
  0x00FFFFFF, 0x00FFFFFF, 0x00FFFFFF, 0x00FFFFFF, 0x00FFFFFF, 0x00FFFFFF, 0x31F4F8FC, 0xE4E7F5FF,
  0xFFDDEBF9, 0xB9ECF7FD, 0x00FFFFFF, 0x00FFFFFF, 0x00FFFFFF, 0x00FFFFFF, 0x00FFFFFF, 0x00FFFFFF,
  0x00FFFFFF, 0x00FFFFFF, 0x00FFFFFF, 0x00FFFFFF, 0x00FFFFFF, 0x00FFFFFF, 0x00FFFFFF, 0x00FFFFFF,
  0x00FFFFFF, 0x00FFFFFF, 0x00FFFFFF, 0xD5C0E3FA, 0xFF8DC8FF, 0xFF6AB2F6, 0xF968B3EE, 0xFD6DB4F4,
  0xFF6CB5F6, 0xFF6FB4F2, 0xFD72B3EE, 0xF96CB4F2, 0xFB66B1EF, 0xFF6FB9F4, 0xEB8ABDEA, 0xCAD2ECFC,
  0x00FFFFFF, 0x00FFFFFF, 0x00FFFFFF, 0x00FFFFFF, 0x00FFFFFF, 0x00FFFFFF, 0x00FFFFFF, 0x00FFFFFF,
  0x00FFFFFF, 0x00FFFFFF, 0x00FFFFFF, 0x00FFFFFF, 0x00FFFFFF, 0x00FFFFFF, 0x00FFFFFF, 0x00FFFFFF,
  0x00FFFFFF, 0x00FFFFFF, 0x00FFFFFF, 0x00FFFFFF, 0x00FFFFFF, 0x00FFFFFF, 0xFDDEEDF8, 0xFFD0E7FD,
  0xF9CAE3FC, 0xFFD5EBFF, 0xFDE1F0FB, 0x56F4FBFE, 0x00FFFFFF, 0x00FFFFFF, 0x00FFFFFF, 0x00FFFFFF,
  0x00FFFFFF, 0x00FFFFFF, 0x00FFFFFF, 0x00FFFFFF, 0x00FFFFFF, 0x00FFFFFF, 0x00FFFFFF, 0x00FFFFFF,
  0x00FFFFFF, 0x00FFFFFF, 0xBCC4E3F6, 0xFF73BBFB, 0xF16CB2F4, 0xFD74B3EF, 0xFF6DB5F4, 0xFF71B3F1,
  0xFF70B5F4, 0xF96AB5F5, 0xFF66B0F0, 0xFF7EC2FA, 0xFF9BCDF5, 0xD9CDEAF9, 0x00FFFFFF, 0x00FFFFFF,
  0x00FFFFFF, 0x00FFFFFF, 0x00FFFFFF, 0x00FFFFFF, 0x00FFFFFF, 0x00FFFFFF, 0x00FFFFFF, 0x00FFFFFF,
  0x00FFFFFF, 0x00FFFFFF, 0x00FFFFFF, 0x00FFFFFF, 0x00FFFFFF, 0x00FFFFFF, 0x00FFFFFF, 0x00FFFFFF,
  0x00FFFFFF, 0x00FFFFFF, 0x00FFFFFF, 0x00FFFFFF, 0x00FFFFFF, 0x21F6FAFC, 0xFBE3F5FF, 0xF3CBE5FD,
  0xFFCBE5FD, 0xFBCBE3FA, 0xFBCDE3F8, 0xFFE7F9FF, 0x69F1FAFF, 0x00FFFFFF, 0x00FFFFFF, 0x00FFFFFF,
  0x00FFFFFF, 0x00FFFFFF, 0x00FFFFFF, 0x00FFFFFF, 0x00FFFFFF, 0x00FFFFFF, 0x00FFFFFF, 0x00FFFFFF,
  0x00FFFFFF, 0x00FFFFFF, 0xEDB2D4EF, 0xF56CB1F2, 0xFD6FB7F4, 0xFF72B4EC, 0xFD6FB4F4, 0xF76BB1F2,
  0xF967AEEE, 0xFF7FC0F6, 0xFBA3CFF1, 0x63DBEFFB, 0x00FFFFFF, 0x00FFFFFF, 0x00FFFFFF, 0x00FFFFFF,
  0x00FFFFFF, 0x82D8EEFD, 0xDC9EC8ED, 0xFFB1DFFF, 0xD9D0EDFB, 0x00FFFFFF, 0x00FFFFFF, 0x00FFFFFF,
  0x00FFFFFF, 0x00FFFFFF, 0x00FFFFFF, 0x00FFFFFF, 0x00FFFFFF, 0x00FFFFFF, 0x00FFFFFF, 0x00FFFFFF,
  0x00FFFFFF, 0x00FFFFFF, 0x00FFFFFF, 0x00FFFFFF, 0x00FFFFFF, 0x00FFFFFF, 0xFFE4F5FF, 0xF7CBE3FC,
  0xFDCCE4FA, 0xFFCCE5FA, 0xFFCBE5FB, 0xF5CDE4F8, 0xFFE1F7FF, 0xBAE4F0FB, 0x00FFFFFF, 0x00FFFFFF,
  0x00FFFFFF, 0x00FFFFFF, 0x00FFFFFF, 0x00FFFFFF, 0x00FFFFFF, 0x00FFFFFF, 0x00FFFFFF, 0x00FFFFFF,
  0x00FFFFFF, 0x00FFFFFF, 0xADC7DCEE, 0xFF76BBF8, 0xF367B3F5, 0xF76BB0F0, 0xFF6CB1F3, 0xFF8AC6FB,
  0xFFBBE2FF, 0x80E5F6FD, 0x00FFFFFF, 0x00FFFFFF, 0x00FFFFFF, 0x00FFFFFF, 0x00FFFFFF, 0x00FFFFFF,
  0x9DD9EBF6, 0xFF99D2FF, 0xFF7EBDF5, 0xEF7ABBEF, 0xFF94CFFF, 0x70DFF0FA, 0x00FFFFFF, 0x00FFFFFF,
  0x00FFFFFF, 0x00FFFFFF, 0x00FFFFFF, 0x00FFFFFF, 0x00FFFFFF, 0x00FFFFFF, 0x00FFFFFF, 0x00FFFFFF,
  0x00FFFFFF, 0x00FFFFFF, 0x00FFFFFF, 0x00FFFFFF, 0x00FFFFFF, 0x00FFFFFF, 0x6BEDF5FC, 0xFFE9FAFF,
  0xFBCCE2F8, 0xFBCCE3F9, 0xFFCCE5FC, 0xFFCCE5FC, 0xF7CAE4FB, 0xFFD3EBFF, 0xE4DBECF9, 0x45F2F9FD,
  0x00FFFFFF, 0x00FFFFFF, 0x00FFFFFF, 0x00FFFFFF, 0x00FFFFFF, 0x00FFFFFF, 0x00FFFFFF, 0x00FFFFFF,
  0x00FFFFFF, 0x00FFFFFF, 0x5FF4FFFF, 0xE2B8DDF5, 0xFF8CC8F4, 0xFF97D1F9, 0xD5B9DBF1, 0x49F1F9FB,
  0x00FFFFFF, 0x00FFFFFF, 0x00FFFFFF, 0x00FFFFFF, 0x00FFFFFF, 0x00FFFFFF, 0x00FFFFFF, 0x25F3FAFB,
  0xFFA6D6FD, 0xF57CBAF1, 0xFD82BFF5, 0xF982C2F2, 0xFB89C3FC, 0xA5C8E0F1, 0x00FFFFFF, 0x00FFFFFF,
  0x00FFFFFF, 0x00FFFFFF, 0x00FFFFFF, 0x00FFFFFF, 0x00FFFFFF, 0x00FFFFFF, 0x00FFFFFF, 0x00FFFFFF,
  0x83E4F3FE, 0xFFCCE4FA, 0xFFCEE6FD, 0xCAE1F3FD, 0x00FFFFFF, 0x00FFFFFF, 0x00FFFFFF, 0x00FFFFFF,
  0xFDE3F4FD, 0xFFD4ECFF, 0xF9CBE4FB, 0xFFCBE5FC, 0xFFCEE5F9, 0xFBCDE3F8, 0xFFCFE5FA, 0xFFE4F7FF,
  0x7BEDF7FC, 0x00FFFFFF, 0x00FFFFFF, 0x00FFFFFF, 0x00FFFFFF, 0x00FFFFFF, 0x00FFFFFF, 0x00FFFFFF,
  0x00FFFFFF, 0x00FFFFFF, 0x00FFFFFF, 0x00FFFFFF, 0x3FF2FCFF, 0x4BF6FFFF, 0x00FFFFFF, 0x00FFFFFF,
  0x00FFFFFF, 0x00FFFFFF, 0x00FFFFFF, 0x00FFFFFF, 0x00FFFFFF, 0x00FFFFFF, 0x00FFFFFF, 0xFDBADCF9,
  0xF77CBBF1, 0xFD80C0F2, 0xFF81BEF4, 0xF97BC1F5, 0xFF91C8FB, 0x83DAE9F5, 0x00FFFFFF, 0x00FFFFFF,
  0x4AEBF4FB, 0xD5C6E4FA, 0xFFB7D7F2, 0xC1D3EBFC, 0x00FFFFFF, 0x00FFFFFF, 0x00FFFFFF, 0x3FF0F8FB,
  0xFFD6F7FF, 0xF7ADD6F9, 0xF3AED9FC, 0xFFC3E7FF, 0xA8E2F0F9, 0x00FFFFFF, 0x00FFFFFF, 0x00FFFFFF,
  0x00FFFFFF, 0xABE9F6FD, 0xFFDCF3FF, 0xFBC9E3FA, 0xFDCDE3F9, 0xFFCEE4FA, 0xFDCBE4FA, 0xF7CAE4FA,
  0xFFDBF3FF, 0xDAE7F5FC, 0x00FFFFFF, 0x00FFFFFF, 0x00FFFFFF, 0x00FFFFFF, 0x00FFFFFF, 0x00FFFFFF,
  0x00FFFFFF, 0x00FFFFFF, 0x00FFFFFF, 0x00FFFFFF, 0x00FFFFFF, 0x00FFFFFF, 0x00FFFFFF, 0x00FFFFFF,
  0x00FFFFFF, 0x00FFFFFF, 0x00FFFFFF, 0x00FFFFFF, 0x00FFFFFF, 0x00FFFFFF, 0x77D2E4F5, 0xFF92C8FC,
  0xF981BEF1, 0xFF82BFF0, 0xFD84BDF0, 0xFB7AC0F6, 0xF7ADD4F4, 0x00FFFFFF, 0x00FFFFFF, 0x11F9FDFF,
  0xFFBBDDF7, 0xFF98CCF9, 0xF595C8F5, 0xFFA6D7FF, 0x94D4E7F6, 0x00FFFFFF, 0x00FFFFFF, 0x56E7F0F7,
  0xF9C9E8FF, 0xF5B4DBFA, 0xFFB3D9F8, 0xF9B2D7F7, 0xF3CEE6F8, 0x00FFFFFF, 0x00FFFFFF, 0x00FFFFFF,
  0x00FFFFFF, 0x00FFFFFF, 0x6CEFF8FE, 0xFFE0F4FF, 0xFFCCE5FB, 0xF9CBE4FB, 0xFFCCE5FC, 0xFFC9E7FF,
  0xF5C8E5FD, 0xFFD9EEFF, 0xDAE1ECF6, 0x00FFFFFF, 0x00FFFFFF, 0x00FFFFFF, 0x00FFFFFF, 0x00FFFFFF,
  0x00FFFFFF, 0x00FFFFFF, 0x00FFFFFF, 0x00FFFFFF, 0x00FFFFFF, 0x00FFFFFF, 0x00FFFFFF, 0x00FFFFFF,
  0x00FFFFFF, 0x00FFFFFF, 0x00FFFFFF, 0x00FFFFFF, 0x00FFFFFF, 0x55EBF5FA, 0xFF9CCDF7, 0xF97FBDF3,
  0xFF81BFF4, 0xFF82BFF3, 0xF97FBDF1, 0xFF9ECFF3, 0x23F0F8FD, 0x00FFFFFF, 0x00FFFFFF, 0x4CEEF6FA,
  0xFFAFDFFF, 0xF598C9F6, 0xFFA2CAF1, 0xF992CAF9, 0xFFBEE1F9, 0x00FFFFFF, 0x00FFFFFF, 0x2EF2F7FC,
  0xFDC5E6FF, 0xF9B3D8F7, 0xFFB6D8F2, 0xF5B4DAF9, 0xFFC7E9FF, 0x58EBF5FB, 0x00FFFFFF, 0x00FFFFFF,
  0x00FFFFFF, 0x00FFFFFF, 0x00FFFFFF, 0x2AF9FDFF, 0xF3E2F4FC, 0xFFD6EFFF, 0xF7CBE3F9, 0xFFCBE5FC,
  0xFFCCE5FD, 0xF9CCE2F8, 0xFFD6EBFC, 0x00FFFFFF, 0x00FFFFFF, 0x00FFFFFF, 0x00FFFFFF, 0x00FFFFFF,
  0x00FFFFFF, 0x00FFFFFF, 0x00FFFFFF, 0x00FFFFFF, 0x00FFFFFF, 0x00FFFFFF, 0x00FFFFFF, 0x00FFFFFF,
  0x00FFFFFF, 0x00FFFFFF, 0x00FFFFFF, 0x00FFFFFF, 0x00FFFFFF, 0xFFB7DFFF, 0xF77BBBEF, 0xFF80C0F6,
  0xFF7FBFF8, 0xF981BEF2, 0xFD8CC8FA, 0xA0D3EAF5, 0x00FFFFFF, 0x00FFFFFF, 0x00FFFFFF, 0x62E7F1F8,
  0xFDA9D3F9, 0xF99BCAF5, 0xFB9FCAF3, 0xFF9BD0FC, 0xBEBED8EE, 0x00FFFFFF, 0x00FFFFFF, 0x00FFFFFF,
  0xFFD1EFFF, 0xFBAFD5F7, 0xFFB5D9F6, 0xFBB3D9F9, 0xFFB5DDFE, 0xC7CFE5F5, 0x00FFFFFF, 0x00FFFFFF,
  0x00FFFFFF, 0x00FFFFFF, 0x00FFFFFF, 0x00FFFFFF, 0x00FFFFFF, 0x9AE9F6FD, 0xFFE1F6FF, 0xFDCBE3FA,
  0xF5CBE5FC, 0xFBCBE4F9, 0xFFE1F5FF, 0x00FFFFFF, 0x00FFFFFF, 0x00FFFFFF, 0x00FFFFFF, 0x00FFFFFF,
  0x00FFFFFF, 0x00FFFFFF, 0x00FFFFFF, 0x00FFFFFF, 0x00FFFFFF, 0x00FFFFFF, 0x00FFFFFF, 0x00FFFFFF,
  0x00FFFFFF, 0x00FFFFFF, 0x00FFFFFF, 0x00FFFFFF, 0xD3C5DFF7, 0xF983C1F4, 0xFB7FC0F5, 0xFF84BDF0,
  0xFD7FC0F4, 0xFB7EBDF1, 0xFFC0E0F8, 0x00FFFFFF, 0x00FFFFFF, 0x00FFFFFF, 0x00FFFFFF, 0x9ED4EBFC,
  0xFFA5D3FC, 0xFB9DC9F1, 0xF79CCCF5, 0xFFA4D8FF, 0x74C8E0F4, 0x00FFFFFF, 0x00FFFFFF, 0x00FFFFFF,
  0x69EAF3FA, 0xFFC6E6FF, 0xF9B0D8F9, 0xFFB5D8F7, 0xF7B2D6FC, 0xFFC9ECFF, 0x1EF4F9FB, 0x00FFFFFF,
  0x00FFFFFF, 0x00FFFFFF, 0x00FFFFFF, 0x00FFFFFF, 0x00FFFFFF, 0x00FFFFFF, 0x61F3F9FD, 0xF9DBEEFB,
  0xFFDFF5FF, 0xFFE5F7FF, 0x44F3F8FB, 0x00FFFFFF, 0x00FFFFFF, 0x00FFFFFF, 0x00FFFFFF, 0x00FFFFFF,
  0x00FFFFFF, 0x00FFFFFF, 0x00FFFFFF, 0x00FFFFFF, 0x00FFFFFF, 0x00FFFFFF, 0x00FFFFFF, 0x00FFFFFF,
  0x00FFFFFF, 0x00FFFFFF, 0x00FFFFFF, 0xA2E2F5FF, 0xFF8FC2F8, 0xFB7DC0EE, 0xFF84BEF3, 0xFF85BEEF,
  0xF77DBAF0, 0xFFA7D5FC, 0x32F5FCFE, 0x00FFFFFF, 0x00FFFFFF, 0x00FFFFFF, 0x00FFFFFF, 0xB0CCE4F7,
  0xFFA2D0FC, 0xFB9DCAF3, 0xF79CCCF5, 0xFFA5D7FF, 0x7BD2E7F9, 0x00FFFFFF, 0x00FFFFFF, 0x00FFFFFF,
  0x00FFFFFF, 0xEDCCE5F8, 0xFDADD9FC, 0xFDB5D8F8, 0xF9B7D7F8, 0xFFBAE4FE, 0x89D6E8F4, 0x00FFFFFF,
  0x00FFFFFF, 0x00FFFFFF, 0x00FFFFFF, 0x00FFFFFF, 0x00FFFFFF, 0x00FFFFFF, 0x00FFFFFF, 0x00FFFFFF,
  0x00FFFFFF, 0x00FFFFFF, 0x00FFFFFF, 0x00FFFFFF, 0x00FFFFFF, 0x00FFFFFF, 0x00FFFFFF, 0x00FFFFFF,
  0x00FFFFFF, 0x00FFFFFF, 0x00FFFFFF, 0x00FFFFFF, 0x00FFFFFF, 0x00FFFFFF, 0x00FFFFFF, 0x00FFFFFF,
  0x00FFFFFF, 0x00FFFFFF, 0xB9EFFCFF, 0xFFA7D6FC, 0xFB7ABAF0, 0xFF81BFF8, 0xFF7FBFF5, 0xF97BBEF4,
  0xFF98CAFA, 0xA0E2F2FA, 0x00FFFFFF, 0x00FFFFFF, 0x00FFFFFF, 0x00FFFFFF, 0x00FFFFFF, 0xAAC7DEF4,
  0xFFA2D1FD, 0xFB9CCAF3, 0xF79BCCF6, 0xFFA8D7FF, 0x78DAECFA, 0x00FFFFFF, 0x00FFFFFF, 0x00FFFFFF,
  0x00FFFFFF, 0x94DEEEF9, 0xFDBCE5FF, 0xF7B5D9F9, 0xFFB7D8F4, 0xFBAED8FC, 0xFFC7E7FB, 0x00FFFFFF,
  0x00FFFFFF, 0x00FFFFFF, 0x00FFFFFF, 0x00FFFFFF, 0x00FFFFFF, 0x00FFFFFF, 0x00FFFFFF, 0x00FFFFFF,
  0x00FFFFFF, 0x00FFFFFF, 0x00FFFFFF, 0x00FFFFFF, 0x00FFFFFF, 0x00FFFFFF, 0x00FFFFFF, 0x00FFFFFF,
  0x00FFFFFF, 0x00FFFFFF, 0x00FFFFFF, 0x00FFFFFF, 0x00FFFFFF, 0x00FFFFFF, 0x00FFFFFF, 0x00FFFFFF,
  0x00FFFFFF, 0x00FFFFFF, 0x7CD1E4F5, 0xFB8CC6FB, 0xF981C1F1, 0xFF84BDF2, 0xFB7CC0F4, 0xFD82C1FA,
  0xC1CDE6F5, 0x00FFFFFF, 0x00FFFFFF, 0x00FFFFFF, 0x00FFFFFF, 0x00FFFFFF, 0x00FFFFFF, 0xB7C0DBF4,
  0xFFA0D0FD, 0xFB9CCAF4, 0xF79BCCF5, 0xFFABD8FF, 0x7FE0F1FB, 0x00FFFFFF, 0x00FFFFFF, 0x00FFFFFF,
  0x00FFFFFF, 0x1BF9FDFE, 0xFFD0E9FD, 0xFBB1D5F7, 0xFFB4D9F5, 0xF7B2D9FA, 0xFFBFE6FF, 0x61E0EDF6,
  0x00FFFFFF, 0x00FFFFFF, 0x00FFFFFF, 0x00FFFFFF, 0x00FFFFFF, 0x00FFFFFF, 0x00FFFFFF, 0x00FFFFFF,
  0x00FFFFFF, 0x00FFFFFF, 0x00FFFFFF, 0x00FFFFFF, 0x00FFFFFF, 0x00FFFFFF, 0x00FFFFFF, 0x00FFFFFF,
  0x00FFFFFF, 0x00FFFFFF, 0x00FFFFFF, 0x00FFFFFF, 0x00FFFFFF, 0x00FFFFFF, 0x00FFFFFF, 0x00FFFFFF,
  0x00FFFFFF, 0x00FFFFFF, 0xAFCDE5F2, 0xFB87C1F6, 0xF981C0FB, 0xFB86BFF1, 0xF782BCF2, 0xFDAFD6F5,
  0x00FFFFFF, 0x00FFFFFF, 0x00FFFFFF, 0x00FFFFFF, 0x00FFFFFF, 0x00FFFFFF, 0x00FFFFFF, 0xFFBEDDF9,
  0xFD96C7F3, 0xFF9ACBF6, 0xF79BCBF4, 0xFFAFDBFF, 0x2FE9F5FF, 0x00FFFFFF, 0x00FFFFFF, 0x00FFFFFF,
  0x00FFFFFF, 0x00FFFFFF, 0xABD9E5F4, 0xFFBAE1FE, 0xF9B1DBF8, 0xFFB8D7F3, 0xFBB1D5FA, 0xFFCDEBFC,
  0x00FFFFFF, 0x00FFFFFF, 0x00FFFFFF, 0x00FFFFFF, 0x00FFFFFF, 0x00FFFFFF, 0x00FFFFFF, 0x00FFFFFF,
  0x00FFFFFF, 0x00FFFFFF, 0x00FFFFFF, 0x00FFFFFF, 0x00FFFFFF, 0x00FFFFFF, 0x00FFFFFF, 0x00FFFFFF,
  0x00FFFFFF, 0x00FFFFFF, 0x00FFFFFF, 0x00FFFFFF, 0x00FFFFFF, 0x00FFFFFF, 0x00FFFFFF, 0x00FFFFFF,
  0x00FFFFFF, 0x00FFFFFF, 0x47F1FCFD, 0xFFB2DDFF, 0xF977B8F3, 0xFF7FBAEF, 0xFFB4DBFC, 0x44EDF8FB,
  0x00FFFFFF, 0x00FFFFFF, 0x00FFFFFF, 0x00FFFFFF, 0x00FFFFFF, 0x00FFFFFF, 0x00FFFFFF, 0xFFB5DBF7,
  0xFD97C6F2, 0xFF9DCBF2, 0xF797CCF5, 0xFFB5DBFF, 0x1AF1F8FD, 0x00FFFFFF, 0x00FFFFFF, 0x00FFFFFF,
  0x00FFFFFF, 0x00FFFFFF, 0x1CF4F9FE, 0xFFC6E6FB, 0xF9AED8F6, 0xFFB6D8F8, 0xFBB6D6F9, 0xFDB7E0F9,
  0xADE5F4FD, 0x00FFFFFF, 0x00FFFFFF, 0x00FFFFFF, 0x00FFFFFF, 0x00FFFFFF, 0x00FFFFFF, 0x00FFFFFF,
  0x00FFFFFF, 0x00FFFFFF, 0x00FFFFFF, 0x00FFFFFF, 0x00FFFFFF, 0x00FFFFFF, 0x00FFFFFF, 0x00FFFFFF,
  0x00FFFFFF, 0x00FFFFFF, 0x00FFFFFF, 0x00FFFFFF, 0x00FFFFFF, 0x00FFFFFF, 0x00FFFFFF, 0x00FFFFFF,
  0x00FFFFFF, 0x00FFFFFF, 0x00FFFFFF, 0x82ECF9FE, 0xFFC4E3F9, 0xDCC7E6F7, 0x3FF0FAFD, 0x00FFFFFF,
  0x00FFFFFF, 0x00FFFFFF, 0x00FFFFFF, 0x00FFFFFF, 0x00FFFFFF, 0x00FFFFFF, 0x00FFFFFF, 0xFFAED7F9,
  0xFD99C7F3, 0xFF9DCBF1, 0xF795CBF5, 0xFFBBDFFF, 0x22F6FAFD, 0x00FFFFFF, 0x00FFFFFF, 0x00FFFFFF,
  0x00FFFFFF, 0x00FFFFFF, 0x00FFFFFF, 0xE9CEE1F2, 0xFFB6DCFC, 0xFBB4D8FB, 0xFDB5D8F2, 0xFFB4DCFC,
  0xCAD1E5F5, 0x00FFFFFF, 0x00FFFFFF, 0x00FFFFFF, 0x00FFFFFF, 0x00FFFFFF, 0x00FFFFFF, 0x00FFFFFF,
  0x00FFFFFF, 0x00FFFFFF, 0x00FFFFFF, 0x00FFFFFF, 0x00FFFFFF, 0x00FFFFFF, 0x00FFFFFF, 0x00FFFFFF,
  0x00FFFFFF, 0x00FFFFFF, 0x00FFFFFF, 0x00FFFFFF, 0x00FFFFFF, 0x00FFFFFF, 0x00FFFFFF, 0x00FFFFFF,
  0x00FFFFFF, 0x00FFFFFF, 0x00FFFFFF, 0x00FFFFFF, 0x00FFFFFF, 0x00FFFFFF, 0x00FFFFFF, 0x00FFFFFF,
  0x00FFFFFF, 0x00FFFFFF, 0x00FFFFFF, 0x00FFFFFF, 0x00FFFFFF, 0x00FFFFFF, 0x11F4FAFF, 0xFFAAD7FC,
  0xFB9AC8F4, 0xFF9ACBF3, 0xF996CAF7, 0xF7BCDEFB, 0x00FFFFFF, 0x00FFFFFF, 0x00FFFFFF, 0x00FFFFFF,
  0x00FFFFFF, 0x00FFFFFF, 0x00FFFFFF, 0x36EEF5FB, 0xFDC2E0FB, 0xF3B2D8F9, 0xF9B3DAF4, 0xF7B1D9FB,
  0xF9D3E5F5, 0x00FFFFFF, 0x00FFFFFF, 0x00FFFFFF, 0x00FFFFFF, 0x00FFFFFF, 0x00FFFFFF, 0x00FFFFFF,
  0x00FFFFFF, 0x00FFFFFF, 0x00FFFFFF, 0x00FFFFFF, 0x00FFFFFF, 0x00FFFFFF, 0x00FFFFFF, 0x00FFFFFF,
  0x00FFFFFF, 0x00FFFFFF, 0x00FFFFFF, 0x00FFFFFF, 0x00FFFFFF, 0x00FFFFFF, 0x00FFFFFF, 0x00FFFFFF,
  0x00FFFFFF, 0x00FFFFFF, 0x00FFFFFF, 0x00FFFFFF, 0x00FFFFFF, 0x00FFFFFF, 0x00FFFFFF, 0x00FFFFFF,
  0x00FFFFFF, 0x00FFFFFF, 0x00FFFFFF, 0x00FFFFFF, 0x00FFFFFF, 0x00FFFFFF, 0x1FEDF4F9, 0xFDAAD5FB,
  0xFB9BC9F3, 0xFF9ACCF6, 0xF997C9F5, 0xF7C8E3FB, 0x00FFFFFF, 0x00FFFFFF, 0x00FFFFFF, 0x00FFFFFF,
  0x00FFFFFF, 0x00FFFFFF, 0x00FFFFFF, 0x00FFFFFF, 0xE9CCE3F3, 0xFFC7E9FF, 0xFFB8DCFE, 0xFFD4F6FF,
  0x4AEDF6FC, 0x00FFFFFF, 0x00FFFFFF, 0x00FFFFFF, 0x00FFFFFF, 0x00FFFFFF, 0x00FFFFFF, 0x00FFFFFF,
  0x00FFFFFF, 0x00FFFFFF, 0x00FFFFFF, 0x00FFFFFF, 0x00FFFFFF, 0x00FFFFFF, 0x00FFFFFF, 0x00FFFFFF,
  0x00FFFFFF, 0x00FFFFFF, 0x00FFFFFF, 0x00FFFFFF, 0x00FFFFFF, 0x00FFFFFF, 0x00FFFFFF, 0x00FFFFFF,
  0x00FFFFFF, 0x00FFFFFF, 0x00FFFFFF, 0x00FFFFFF, 0x00FFFFFF, 0x00FFFFFF, 0x00FFFFFF, 0x00FFFFFF,
  0x00FFFFFF, 0x00FFFFFF, 0x00FFFFFF, 0x00FFFFFF, 0x00FFFFFF, 0x00FFFFFF, 0x24F0F7FB, 0xFFB1D7FE,
  0xF79ACAF1, 0xFB9BCCF6, 0xF79BC7F5, 0xF5C9E1EF, 0x00FFFFFF, 0x00FFFFFF, 0x00FFFFFF, 0x00FFFFFF,
  0x00FFFFFF, 0x00FFFFFF, 0x00FFFFFF, 0x00FFFFFF, 0x00FFFFFF, 0x70E8F6FE, 0x9EDCEBF9, 0x34EFF8FC,
  0x00FFFFFF, 0x00FFFFFF, 0x00FFFFFF, 0x00FFFFFF, 0x00FFFFFF, 0x00FFFFFF, 0x00FFFFFF, 0x00FFFFFF,
  0x00FFFFFF, 0x00FFFFFF, 0x00FFFFFF, 0x00FFFFFF, 0x00FFFFFF, 0x00FFFFFF, 0x00FFFFFF, 0x00FFFFFF,
  0x00FFFFFF, 0x00FFFFFF, 0x00FFFFFF, 0x00FFFFFF, 0x00FFFFFF, 0x00FFFFFF, 0x00FFFFFF, 0x00FFFFFF,
  0x00FFFFFF, 0x00FFFFFF, 0x00FFFFFF, 0x00FFFFFF, 0x00FFFFFF, 0x00FFFFFF, 0x00FFFFFF, 0x00FFFFFF,
  0x00FFFFFF, 0x00FFFFFF, 0x00FFFFFF, 0x00FFFFFF, 0x00FFFFFF, 0x00FFFFFF, 0x00FFFFFF, 0xEDC6E2FC,
  0xFFA4CEF2, 0xFF9DCAF0, 0xFFBCE1FF, 0x9EE6F4FA, 0x00FFFFFF, 0x00FFFFFF, 0x00FFFFFF, 0x00FFFFFF,
  0x00FFFFFF, 0x00FFFFFF, 0x00FFFFFF, 0x00FFFFFF, 0x00FFFFFF, 0x00FFFFFF, 0x00FFFFFF, 0x00FFFFFF,
  0x00FFFFFF, 0x00FFFFFF, 0x00FFFFFF, 0x00FFFFFF, 0x00FFFFFF, 0x00FFFFFF, 0x00FFFFFF, 0x00FFFFFF,
  0x00FFFFFF, 0x00FFFFFF, 0x00FFFFFF, 0x00FFFFFF, 0x00FFFFFF, 0x00FFFFFF, 0x00FFFFFF, 0x00FFFFFF,
  0x00FFFFFF, 0x00FFFFFF, 0x00FFFFFF, 0x00FFFFFF, 0x00FFFFFF, 0x00FFFFFF, 0x00FFFFFF, 0x00FFFFFF,
  0x00FFFFFF, 0x00FFFFFF, 0x00FFFFFF, 0x00FFFFFF, 0x00FFFFFF, 0x00FFFFFF, 0x00FFFFFF, 0x00FFFFFF,
  0x00FFFFFF, 0x00FFFFFF, 0x00FFFFFF, 0x00FFFFFF, 0x00FFFFFF, 0x00FFFFFF, 0x00FFFFFF, 0x00FFFFFF,
  0xBCE3F0FB, 0xB9DAEAF1, 0x4CF4FDFF, 0x00FFFFFF, 0x00FFFFFF, 0x00FFFFFF, 0x00FFFFFF, 0x00FFFFFF,
  0x00FFFFFF, 0x00FFFFFF, 0x00FFFFFF, 0x00FFFFFF, 0x00FFFFFF, 0x00FFFFFF, 0x00FFFFFF, 0x00FFFFFF,
  0x00FFFFFF, 0x00FFFFFF, 0x00FFFFFF, 0x00FFFFFF, 0x00FFFFFF, 0x00FFFFFF, 0x00FFFFFF, 0x00FFFFFF,
  0x00FFFFFF, 0x00FFFFFF, 0x00FFFFFF, 0x00FFFFFF, 0x00FFFFFF, 0x00FFFFFF, 0x00FFFFFF, 0x00FFFFFF,
};

static const unsigned g_splash_sp07_w = 56u;
static const unsigned g_splash_sp07_h = 56u;
static const uint32_t g_splash_sp07_px[3136] = {
  0x00000000, 0x00000000, 0x00000000, 0x00000000, 0x00000000, 0x00000000, 0x00000000, 0x00000000,
  0x00000000, 0x00000000, 0x00000000, 0x00000000, 0x00000000, 0x00000000, 0x00000000, 0x00000000,
  0x00000000, 0x00000000, 0x00FFFFFF, 0x00000000, 0x00000000, 0x00000000, 0x00000000, 0x00000000,
  0x00000000, 0x00000000, 0x00000000, 0x00000000, 0x15DAE6E6, 0xB0AACCE9, 0xFA3893ED, 0xFA2A93EC,
  0xFF2897F3, 0xFA82BEEB, 0x2FF4FFFF, 0x00000000, 0x00000000, 0x00000000, 0x00000000, 0x00000000,
  0x00000000, 0x00000000, 0x00000000, 0x00000000, 0x00000000, 0x00000000, 0x00000000, 0x00000000,
  0x00000000, 0x00000000, 0x00000000, 0x00000000, 0x00000000, 0x00000000, 0x00000000, 0x00000000,
  0x00000000, 0x00000000, 0x00000000, 0x00000000, 0x00000000, 0x00000000, 0x00000000, 0x00000000,
  0x00000000, 0x00000000, 0x00000000, 0x00000000, 0x00000000, 0x00000000, 0x00000000, 0x00000000,
  0x3ACEE4F1, 0x92BEDCF2, 0xEAA2D2F7, 0xC89BCAF2, 0x509FC8EB, 0x00000000, 0x00000000, 0x00000000,
  0x00000000, 0x00000000, 0x00000000, 0x00000000, 0x00110600, 0xC46DB6F3, 0xFF2E9AFC, 0xF82D95EC,
  0xF81D8FF1, 0xFF4CA1ED, 0x7DC5E2F2, 0x00000000, 0x00000000, 0x00000000, 0x00000000, 0x00000000,
  0x00000000, 0x00000000, 0x00000000, 0x00000000, 0x00000000, 0x00000000, 0x00000000, 0x00000000,
  0x00000000, 0x00000000, 0x00000000, 0x00000000, 0x00000000, 0x00000000, 0x00000000, 0x00000000,
  0x00000000, 0x00000000, 0x00000000, 0x00000000, 0x00000000, 0x00000000, 0x00000000, 0x00000000,
  0x00000000, 0x00000000, 0x00000000, 0x00000000, 0x00000000, 0x00000000, 0x00000000, 0x00000000,
  0xD596CBF1, 0xFF66B6FB, 0xFF379BF1, 0xFF57AEF9, 0xFC96C8EE, 0x00FFFFFF, 0x00000000, 0x00000000,
  0x00000000, 0x00000000, 0x00000000, 0x00000000, 0x2589C7F8, 0xFF6CC0FF, 0xF83192EC, 0xFE3693E7,
  0xF8258BE2, 0xFF66C0FF, 0x8FCBE4F2, 0x00000000, 0x00000000, 0x00000000, 0x00000000, 0x00000000,
  0x00000000, 0x00000000, 0x00000000, 0x00000000, 0x00000000, 0x00000000, 0x00000000, 0x00000000,
  0x00000000, 0x00000000, 0x00000000, 0x00000000, 0x00000000, 0x00000000, 0x00000000, 0x00000000,
  0x00000000, 0x00000000, 0x00000000, 0x00000000, 0x00000000, 0x00000000, 0x00000000, 0x00000000,
  0x00000000, 0x00000000, 0x00000000, 0x00000000, 0x00000000, 0x00000000, 0x00000000, 0x3DD9EAEE,
  0xFF87C7FB, 0xF4288AE6, 0xFF47A2F4, 0xFE3297EA, 0xFF52AEFA, 0x9ACAEEFF, 0x00000000, 0x03AAFFFF,
  0x00000000, 0x00000000, 0x00000000, 0x00000000, 0x75E7F8F6, 0xFF69BCFF, 0xFA1D88E6, 0xFF3598EB,
  0xFD3191E5, 0xFF4AA4F6, 0x4EC4E1FB, 0x00000000, 0x00000000, 0x00000000, 0x00000000, 0x00000000,
  0x00000000, 0x00000000, 0x00000000, 0x00000000, 0x00000000, 0x00000000, 0x00000000, 0x00000000,
  0x00000000, 0x00000000, 0x00000000, 0x00000000, 0x00000000, 0x00000000, 0x00000000, 0x00000000,
  0x00000000, 0x00000000, 0x00000000, 0x00000000, 0x00000000, 0x00000000, 0x00000000, 0x00000000,
  0x00000000, 0x00000000, 0x00000000, 0x00000000, 0x00000000, 0x00000000, 0x00000000, 0x00FFFFFF,
  0xED8ACAFD, 0xFF43A0EF, 0xFE4EA0E7, 0xFB439FE6, 0xFA419FEC, 0xE59DCEF6, 0x00000000, 0x00000000,
  0x00000000, 0x00000000, 0x00000000, 0x00000000, 0x71B6DDFA, 0xFF4BA9FA, 0xF93393EA, 0xFF3298E8,
  0xFD1E84E2, 0xFF82D0FF, 0x7CFFFFF8, 0x00000000, 0x00000000, 0x00000000, 0x00000000, 0x00000000,
  0x00000000, 0x4FF2F8F2, 0xDF9DCAEC, 0x00000000, 0x00000000, 0x00000000, 0x00000000, 0x00000000,
  0x00000000, 0x00000000, 0x00000000, 0x00000000, 0x00000000, 0x00000000, 0x00000000, 0x00000000,
  0x00000000, 0x00000000, 0x00000000, 0x00000000, 0x00000000, 0x00000000, 0x00000000, 0x00000000,
  0x00000000, 0x00000000, 0x00000000, 0x00000000, 0x00000000, 0x00000000, 0x00000000, 0x00FFFFFF,
  0xEAB1DDF9, 0xFF46A2EE, 0xFB449EF0, 0xFF4AA0EE, 0xFC3F9AEB, 0xFF83D1FF, 0x4FF8FFFF, 0x00000000,
  0x00FFFFFF, 0x00000000, 0x00FFFFFF, 0x00000000, 0x8AB6DAF0, 0xFF56AEFB, 0xF9248BE6, 0xFD2D97E4,
  0xFB3294E6, 0xFF69B9F6, 0x1790D2F3, 0x00000000, 0x00000000, 0x00000000, 0x00000000, 0x00000000,
  0x109FCFEF, 0xD6A3CCEB, 0xFD3996E1, 0xFF1987E9, 0xF71787EE, 0x00000000, 0x00000000, 0x00000000,
  0x00000000, 0x00000000, 0x00000000, 0x00000000, 0x00000000, 0x00000000, 0x00000000, 0x00000000,
  0x00000000, 0x00000000, 0x00000000, 0x00000000, 0x00000000, 0x00000000, 0x00000000, 0x00000000,
  0x00000000, 0x00000000, 0x00000000, 0x00000000, 0x00000000, 0x00000000, 0x00000000, 0x00000000,
  0x3AB4D7F1, 0xF368B1ED, 0xFB3596EE, 0xFE44A0EC, 0xFC3E9DE9, 0xFF409AEB, 0xAC89BFE8, 0x20EFFFFF,
  0x00000000, 0x00FFFFFF, 0x00FFFFFF, 0x00FFFFFF, 0xA6ADD8F2, 0xFF369AEF, 0xFC3394EC, 0xFE3197EB,
  0xFF2893F7, 0xC374BCFB, 0x000E0000, 0x00000000, 0x00000000, 0x00000000, 0x00000000, 0x00000000,
  0x7C9CCBEE, 0xFF5AB0F6, 0xFF0482E6, 0xFD218BEB, 0xFD2088EE, 0xFF1E8BF3, 0xB38BBEF0, 0x00000000,
  0x00000000, 0x00000000, 0x00000000, 0x00000000, 0x00000000, 0x00000000, 0x00000000, 0x00000000,
  0x00000000, 0x00000000, 0x00000000, 0x00000000, 0x00000000, 0x00000000, 0x00000000, 0x00000000,
  0x00000000, 0x00000000, 0x00000000, 0x00000000, 0x00000000, 0x00000000, 0x00000000, 0x00FFFFFF,
  0x000A0400, 0xE7A4D6F3, 0xFF4BABFC, 0xFE489FE9, 0xFE47A0ED, 0xFC3C98ED, 0xFF92D8FF, 0x00FFFFFF,
  0x00000000, 0x00FFFFFF, 0x00000000, 0x00000000, 0xB792CEF3, 0xFF42A4FA, 0xFA2C8FED, 0xFD2891EA,
  0xFF3790E8, 0xDC95C6ED, 0x09AAC6E2, 0x00000000, 0x00000000, 0x00000000, 0x00000000, 0x2D71B5E8,
  0xED64ADE9, 0xFE1888EA, 0xFE1889E8, 0xFC208BE9, 0xFD0977E3, 0xFF57AEFB, 0x8FC2E2F2, 0x00000000,
  0x00000000, 0x00000000, 0x00000000, 0x00000000, 0x00000000, 0x00000000, 0x00000000, 0x00000000,
  0x00000000, 0x00000000, 0x00000000, 0x00000000, 0x00000000, 0x00000000, 0x00000000, 0x00000000,
  0x00000000, 0x00000000, 0x00000000, 0x00000000, 0x00000000, 0x00000000, 0x00000000, 0x00FFFFFF,
  0x00000000, 0x52E3F5FB, 0xFE63AFF3, 0xF83E94E6, 0xFF49A0EC, 0xFE429DEF, 0xFF409AE8, 0xE2BFE3F5,
  0x00FFFFFF, 0x00FFFFFF, 0x00000000, 0x00FFFFFF, 0xE196C9F0, 0xFC218AE7, 0xFE3193E9, 0xFB2C96E9,
  0xFF39A3FF, 0x9C93CAFA, 0x00000000, 0x0100FFFF, 0x00000000, 0x00000000, 0x00000000, 0xA874B9EF,
  0xFF3B9EF7, 0xFF1384F2, 0xFB2488E4, 0xFD1C8AE3, 0xFC1C8AE8, 0xF594C5EA, 0x3BB1D8ED, 0x00000000,
  0x00000000, 0x00000000, 0x00000000, 0x00000000, 0x00000000, 0x00000000, 0x00000000, 0x00000000,
  0x00000000, 0x00000000, 0x00000000, 0x00000000, 0x00000000, 0x00000000, 0x00FFFFFF, 0x81D3F5FF,
  0x68B2DFFA, 0x00FFFFFF, 0x00FFFFFF, 0x00000000, 0x00000000, 0x00000000, 0x00000000, 0x00000000,
  0x00000000, 0x00FFFFFF, 0xD382C1FA, 0xFF3998EC, 0xFD429FE8, 0xFE44A0EA, 0xFA2C8FE7, 0xF684C2F4,
  0x13F1FFFF, 0x00000000, 0x00000000, 0x000A0200, 0xCA7FC1F4, 0xFF3099F3, 0xFD3494E8, 0xFD2890EA,
  0xFB3897EB, 0x9AC3E1F5, 0x00FFFFFF, 0x00000000, 0x00000000, 0x00FFFFFF, 0x7A8CC6F6, 0xFF5ABAFF,
  0xF80F82E7, 0xFE1D89EB, 0xF81986E8, 0xFF1897FF, 0xE263B4F3, 0x72D6E8EF, 0x00000000, 0x00000000,
  0x00000000, 0x00000000, 0x00000000, 0x00000000, 0x00000000, 0x00000000, 0x00000000, 0x00000000,
  0x00000000, 0x00000000, 0x00000000, 0x00000000, 0x00000000, 0x00000000, 0xA7A0CCEF, 0xFF84D0FF,
  0xFF73C2FF, 0xBB81C4F9, 0x59C2E2FC, 0x00FFFFFF, 0x00FFFFFF, 0x00000000, 0x00000000, 0x00000000,
  0x00000000, 0x00000000, 0x7FBEDCF0, 0xFF6ECAFF, 0xFC419FED, 0xFF48A2EF, 0xFD489CEC, 0xFF6CBEFF,
  0xACC5E7FF, 0x00030000, 0x00000000, 0x27D7EBEB, 0xF675B8EC, 0xF81F8EEE, 0xFE3293E8, 0xF82C8CE8,
  0xFF4CAFFF, 0x86ABD7F9, 0x00000000, 0x00000000, 0x00FFFFFF, 0x6CECFAFC, 0xE756AAEF, 0xFF2693F2,
  0xFB1485E9, 0xFB1A88E8, 0xFF2291F0, 0xE13CA3F9, 0x4BD6EAF8, 0x0BD0E7FF, 0x00000000, 0x00000000,
  0x00000000, 0x00000000, 0x00000000, 0x00000000, 0x00000000, 0x00000000, 0x00000000, 0x00000000,
  0x00000000, 0x00000000, 0x00000000, 0x00000000, 0x00000000, 0xADC9DEED, 0xE870B0EC, 0xFE4AA2F0,
  0xF255A9EF, 0xFF6AC1FF, 0xF879C0FC, 0xA5A5D6FF, 0x00FFFFFF, 0x00000000, 0x00000000, 0x00000000,
  0x00000000, 0x00000000, 0x0E91C8EC, 0xE780BCF1, 0xF93C97EC, 0xFD429FEE, 0xFF46A0F0, 0xFF3E9EF4,
  0xD691CAF6, 0x00FFFFFF, 0x00000000, 0x00FFFFFF, 0xDE57ADF4, 0xFF1E90F1, 0xFE3496EA, 0xFF2D91E8,
  0xF248A5F0, 0x68E6F2FA, 0x00FFFFFF, 0x00000000, 0x00FFFFFF, 0xD07ABCF5, 0xFF2798FC, 0xF71487EB,
  0xFE208AE7, 0xF61685E6, 0xFF35A6FF, 0x887BC1F9, 0x00FFFFFF, 0x00000000, 0x00000000, 0x00000000,
  0x00000000, 0x00000000, 0x00000000, 0x00000000, 0x00000000, 0x00000000, 0x00000000, 0x00000000,
  0x00000000, 0x00000000, 0x00000000, 0x00000000, 0x00000000, 0x76C8E5F8, 0xFF6AB5FC, 0xFB55A5F1,
  0xFC5AA8F1, 0xF956A3E9, 0xFB5FA8EE, 0xFF7DCAFF, 0xD483BFF1, 0x5899C7ED, 0x00000000, 0x00000000,
  0x00000000, 0x03AAFFFF, 0x00000000, 0xB4B9DFF6, 0xFF4CA4F3, 0xFA3E9BE8, 0xFF44A2EA, 0xF33593E6,
  0xFF70BEFD, 0x44DDFBFF, 0x00000000, 0x2AC8ECFF, 0xFF96E7FF, 0xFD2C91E6, 0xFA399AEB, 0xF71683E5,
  0xFF75BDF9, 0x57D0E4F0, 0x00000000, 0x15FFF2F2, 0x969FCCEF, 0xFC2D93F0, 0xFA198CEE, 0xFC1D8AE7,
  0xFC1381E3, 0xFF309DFA, 0xD16BB9FB, 0x00FFFFFF, 0x00000000, 0x00000000, 0x00000000, 0x00000000,
  0x00000000, 0x0100FFFF, 0x00000000, 0x00FFFFFF, 0x30F9F9F4, 0x30FFFFF4, 0x00000000, 0x00FFFFFF,
  0x00000000, 0x00000000, 0x00000000, 0x00000000, 0x00000000, 0x74F8FFFF, 0xFFAEE5FF, 0xFF57A8F0,
  0xFD4EA4EF, 0xFE5AA7E9, 0xFC5AA6EA, 0xFB52A3EC, 0xFF67B6FD, 0xFF99D9FF, 0x9CB2D2F0, 0x1DC1DBED,
  0x00000000, 0x00000000, 0x00000000, 0x00FFFFFF, 0xFF8FD1FF, 0xFD459AEB, 0xF84BA3ED, 0xF93D97EA,
  0xFF6EB3F2, 0x7ADDEEF4, 0x00FFFFFF, 0x00000000, 0x9C94CAF6, 0xF32F91E2, 0xFF2FA2FF, 0xFF4CA4F0,
  0xE991C7ED, 0x00000000, 0x00000000, 0x4BE0E7EE, 0xCF42A0F7, 0xFF1C91FA, 0xF91E8AEA, 0xFF1A87E7,
  0xFE1686E5, 0xFF54ADF3, 0x5DA4D3F6, 0x00FFFFFF, 0x00000000, 0x00000000, 0x00000000, 0x00000000,
  0x00000000, 0x00000000, 0x00000000, 0x00000000, 0x00FFFFFF, 0x87FFFFF7, 0x00000000, 0x00000000,
  0x00000000, 0x00000000, 0x00000000, 0x00000000, 0x00000000, 0x00000000, 0x7394C0E2, 0xF080BCEC,
  0xFF77C9FF, 0xF855A7EE, 0xFC53A7EC, 0xFE5BA9EE, 0xFE51A2EE, 0xFD4EA1EE, 0xF679B9F3, 0x96ADD1EE,
  0x07FFFF91, 0x00FFFFFF, 0x00000000, 0x00020000, 0xAF97CEFF, 0xFA47A1F5, 0xFF42A3F6, 0xFF3FA4F6,
  0xFF92CCFB, 0x67C6E1F0, 0x00000000, 0x00000000, 0x00FFFFFF, 0x9CABCDED, 0xCD99D2FD, 0x99B9DDFB,
  0x3FCEE6EE, 0x00000000, 0x00FFFFFF, 0xE087C1F5, 0xFF0A89FE, 0xF6228AE9, 0xFE248BE8, 0xFA0579E1,
  0xFF59BCFF, 0x8B73B9EC, 0x00000000, 0x00000000, 0x00000000, 0x00000000, 0x08DFFFFF, 0x00000000,
  0x00000000, 0x00FFFFFF, 0x89CCE8F5, 0xCC9ECDF0, 0xC475B6F0, 0xFFECF8FF, 0x00FFFFFF, 0x00000000,
  0x00000000, 0x00000000, 0x00000000, 0x00000000, 0x00000000, 0x00000000, 0x00000000, 0x30CFE4F9,
  0xBAA1D4FF, 0xFF73BAF9, 0xFF5BACF3, 0xF959A7EA, 0xFD5BA9EB, 0xFC5BAAEE, 0xFF58AFFE, 0xF266B5FD,
  0x9987C8FF, 0x5BE8F6F9, 0x00FFFFFF, 0x00000000, 0x36FFFFF5, 0xBAB3D9F6, 0xD085C6F6, 0xCF9DDBFF,
  0x59F3F3F9, 0x00FFFFFF, 0x00FFFFFF, 0x00000000, 0x00000000, 0x0BD0E7E7, 0x00FFFFFF, 0x00000000,
  0x00000000, 0x00000000, 0x00FFFFFF, 0xE882B6E4, 0xFF1E90F8, 0xF11D8CEB, 0xFB0A85ED, 0xFF2E91EB,
  0xE499CEF4, 0x0D75C4FF, 0x00FFFFFF, 0x00FFFFFF, 0x00000000, 0x00000000, 0x00FFFFFF, 0x128DC6F0,
  0x8FC0E6F9, 0xE173BCF5, 0xFF3F9EF5, 0xFF117FE5, 0xFF006CE2, 0xFF348EDD, 0x7AABD7F0, 0x00000000,
  0x00000000, 0x00000000, 0x00000000, 0x00000000, 0x00000000, 0x00000000, 0x00000000, 0x00FFFFFF,
  0x27FFFFF8, 0xC8C4E0F4, 0xE785C0F3, 0xFF60B7FF, 0xFF57AAEF, 0xFA5AA9EA, 0xF85AA9EA, 0xFE5DABF1,
  0xFF64BDFF, 0xE27AB9F2, 0x86C2DEF5, 0x00000000, 0x00000000, 0x15F2FFFF, 0x00020000, 0x12E2FFFF,
  0x00FFFFFF, 0x00FFFFFF, 0x00000000, 0x00000000, 0x00000000, 0x00000000, 0x00000000, 0x00000000,
  0x00FFFFFF, 0x00000000, 0x00080501, 0xAFB7D9F3, 0xF2429FF3, 0xFF178CFB, 0xFF35A5FF, 0xEF75B5E8,
  0x53C4E0E9, 0x00000000, 0x00FFFFFF, 0x00FFFFFF, 0x00000000, 0x00FFFFFF, 0xA7C4EBFF, 0xDB64AFED,
  0xFF35A1FB, 0xFF0078E3, 0xF50072E4, 0xFD0380E5, 0xFD0281E5, 0xFF0378E0, 0xD788C0EA, 0x00FFFFFF,
  0x00000000, 0x00000000, 0x00000000, 0x00000000, 0x00000000, 0x00000000, 0x00000000, 0x00000000,
  0x00000000, 0x31FFFFF9, 0x59EDF3F6, 0xDD9CCEF8, 0xF568B4F5, 0xFF58B2FF, 0xFE57A9ED, 0xFD5BA8EA,
  0xF754A7F0, 0xFF65B3FA, 0xFFABDEFF, 0x00FFFFFF, 0x00000000, 0x00000000, 0x00000000, 0x00000000,
  0x00000000, 0x00000000, 0x00000000, 0x00000000, 0x00000000, 0x00000000, 0x00000000, 0x00000000,
  0x00000000, 0x00000000, 0x00000000, 0x00FFFFFF, 0x7BE4EEEE, 0xA189C2F2, 0xA3B3E2FF, 0x2CFFFFF3,
  0x00000000, 0x00FFFFFF, 0x00040000, 0x00FFFFFF, 0xA780C0F4, 0xFF73B9FC, 0xFF2092FF, 0xFA006EE1,
  0xFB047CE6, 0xFD047DE3, 0xFF037DEE, 0xFE0A81EA, 0xFF007AE8, 0xFF1983EA, 0xC87FB3E5, 0x00000000,
  0x00000000, 0x00000000, 0x00000000, 0x00000000, 0x00000000, 0x00000000, 0x00000000, 0x00000000,
  0x00000000, 0x00000000, 0x00000000, 0x48E6F4F7, 0x9BB3D7F0, 0xF37CBCF2, 0xFC51A4EB, 0xFB51A0E9,
  0xFE5FAAE8, 0xF63B98EF, 0xF590C5F1, 0x00FFFFFF, 0x00000000, 0x00000000, 0x00000000, 0x00000000,
  0x00000000, 0x00000000, 0x00000000, 0x00000000, 0x00000000, 0x00000000, 0x00000000, 0x00000000,
  0x00000000, 0x00000000, 0x00000000, 0x00000000, 0x00000000, 0x000B0500, 0x00FFFFFF, 0x00000000,
  0x00FFFFFF, 0x89D2ECF9, 0xDC94C8F3, 0xFF5EB9FF, 0xF90572DD, 0xF90573E2, 0xFB027AE4, 0xFC027CE8,
  0xFF0580EB, 0xFE067EE1, 0xFD0578E4, 0xFD0576E6, 0xFD0076DF, 0xFF56AFF8, 0x3A60A2E0, 0x00000000,
  0x00000000, 0x00000000, 0x00000000, 0x00000000, 0x00000000, 0x00000000, 0x00000000, 0x00000000,
  0x00FFFFFF, 0x00FFFFFF, 0x00000000, 0x00000000, 0x10BFDFEF, 0x88ACD2EC, 0xFF9FDBFF, 0xFF6CB8FF,
  0xFF52ADF7, 0xFE66B2F8, 0xE8B5D4EE, 0x1AC4E1F5, 0x00000000, 0x00FFFFFF, 0x00000000, 0x00000000,
  0x00000000, 0x00000000, 0x00000000, 0x00000000, 0x00000000, 0x00000000, 0x00000000, 0x00000000,
  0x00000000, 0x00000000, 0x00000000, 0x00000000, 0x00000000, 0x00000000, 0x00000000, 0x00FFFFFF,
  0x9AC6E1F1, 0xFF429EEA, 0xFE197FE7, 0xFF0077E5, 0xFB0079E6, 0xFF0683ED, 0xFF037FEB, 0xFE047BE7,
  0xFD087DE5, 0xF60073DE, 0xFF007FEF, 0xFF429EEC, 0xC767B0E6, 0x72C4E8F6, 0x00000000, 0x00000000,
  0x00000000, 0x00000000, 0x0100FFFF, 0x00000000, 0x00000000, 0x00000000, 0x00000000, 0x00000000,
  0x00FFFFFF, 0x00000000, 0x00000000, 0x00000000, 0x00000000, 0x00000000, 0x3E9CC9F6, 0xBE88B6E1,
  0xF9A2D5F7, 0x98B8E4FF, 0x45F3F3EC, 0x00000000, 0x00000000, 0x00000000, 0x00000000, 0x00000000,
  0x00000000, 0x00000000, 0x00000000, 0x00000000, 0x00000000, 0x00000000, 0x00000000, 0x00000000,
  0x00000000, 0x00000000, 0x00000000, 0x00000000, 0x00000000, 0x00000000, 0x00000000, 0x00050000,
  0xB7499EE3, 0xFF0581EB, 0xFA0076E7, 0xFF0980E5, 0xFF017FE4, 0xFF087EE9, 0xF90179E8, 0xFF0073E3,
  0xFF188FF8, 0xFA4CA3E9, 0xDA88C8F3, 0x00FFFFFF, 0x00FFFFFF, 0x00050200, 0x00000000, 0x00000000,
  0x00000000, 0x00FFFFFF, 0x00FFFFFF, 0x1CC8E3F5, 0x00FFFFFF, 0x0BB9D0E7, 0x00000000, 0x0AE5FFFF,
  0x00000000, 0x00FFFFFF, 0x00000000, 0x00000000, 0x00000000, 0x00000000, 0x00000000, 0x00000000,
  0x00FFFFFF, 0x00010000, 0x00000000, 0x00000000, 0x00000000, 0x00000000, 0x00000000, 0x00000000,
  0x00000000, 0x00000000, 0x00000000, 0x00000000, 0x00000000, 0x00000000, 0x00000000, 0x00000000,
  0x00000000, 0x00000000, 0x00000000, 0x00000000, 0x00000000, 0x00000000, 0x00000000, 0x2CB3E7FF,
  0xFF79D3FF, 0xF40B7DEA, 0xFB0781E9, 0xFE057EE3, 0xFA0071DE, 0xFF057BE9, 0xFD1A85E4, 0xE755ABF1,
  0xCAA1D4F6, 0x35CEEBFA, 0x00FFFFFF, 0x00000000, 0x00000000, 0x00000000, 0x00000000, 0x00000000,
  0x00000000, 0x8BD8EAF3, 0xD6ACDAFB, 0xFEA9D7FD, 0xDA9FCFFB, 0xF0A8D4F1, 0xB8A9DAFC, 0xC4BDE1F8,
  0x83AFDBFD, 0x4EF1FFFB, 0x57B5D8F0, 0x00FFFFFF, 0x3DE1EEEE, 0x00FFFFFF, 0x13FFFFF1, 0x00000000,
  0x00000000, 0x00000000, 0x00000000, 0x00000000, 0x00000000, 0x00000000, 0x00000000, 0x00000000,
  0x00000000, 0x00000000, 0x00000000, 0x00000000, 0x00000000, 0x00000000, 0x00000000, 0x00000000,
  0x00000000, 0x00000000, 0x00000000, 0x00000000, 0x00000000, 0x00000000, 0x00000000, 0x00FFFFFF,
  0xCF89C5F2, 0xFF006DDC, 0xFF0075E9, 0xF90E79E5, 0xFF1D87E6, 0xFF75C3FF, 0x8C9ECDF0, 0x3EE6F6FA,
  0x00FFFFFF, 0x00000000, 0x00000000, 0x00000000, 0x00000000, 0x00000000, 0x00000000, 0x00000000,
  0x60C7DCEC, 0xFFACDCFF, 0xFF5EAEF9, 0xF56FB4F5, 0xFF6AB4FD, 0xFD6DB6EE, 0xFF72C4FF, 0xFF71B4EE,
  0xFF8BD5FF, 0xF579BEF7, 0xFF99DDFF, 0xE985C9FF, 0xFF96CBF7, 0xE695CEFA, 0xC2B4DEFF, 0x00FFFFFF,
  0x00000000, 0x00000000, 0x00000000, 0x00000000, 0x00000000, 0x00000000, 0x00000000, 0x00000000,
  0x00000000, 0x00000000, 0x00000000, 0x00000000, 0x00000000, 0x00000000, 0x00000000, 0x00000000,
  0x00000000, 0x00000000, 0x00000000, 0x00000000, 0x00000000, 0x00000000, 0x00000000, 0x00FFFFFF,
  0x4AFFFFF8, 0xF596C5E9, 0xE751A6ED, 0xFF89C9FA, 0x87B9E2F5, 0x00FFFFFF, 0x00000000, 0x00000000,
  0x00000000, 0x00000000, 0x00000000, 0x00000000, 0x00000000, 0x00000000, 0x00000000, 0x00000000,
  0x86DAE6EF, 0xFD79BAF4, 0xFB66B2F4, 0xFD71B5ED, 0xFF74B6F0, 0xFD69B3F0, 0xFE6EB4F3, 0xFC69B2F2,
  0xF96CB1EC, 0xFF69B3F4, 0xF868ACEC, 0xFE6FB3F2, 0xFB61A9EC, 0xFF70B8FA, 0xFF7BC7FF, 0xC0ACD3F1,
  0x10EFEFFF, 0x00000000, 0x00000000, 0x00000000, 0x00000000, 0x00000000, 0x00000000, 0x00000000,
  0x00000000, 0x00000000, 0x00000000, 0x00000000, 0x00000000, 0x00000000, 0x00000000, 0x00000000,
  0x00000000, 0x00000000, 0x00000000, 0x00000000, 0x00000000, 0x00000000, 0x00000000, 0x00000000,
  0x00000000, 0x2DF9FFF3, 0x00FFFFFF, 0x00FFFFFF, 0x00000000, 0x00010000, 0x00000000, 0x00000000,
  0x00000000, 0x00000000, 0x00000000, 0x00000000, 0x00000000, 0x00000000, 0x00000000, 0x00000000,
  0x8EDEF2F9, 0xFFA4E7FF, 0xF367B3F3, 0xF967ACEC, 0xFD6EB4F2, 0xFA6CB0F1, 0xFF70B3F1, 0xFD6CB5F6,
  0xFE6FB2EF, 0xFD70B4F0, 0xFF6FB3F1, 0xFE74B4EE, 0xFF70B4F0, 0xF771B3F0, 0xFB5CA9F2, 0xFE9ECBF1,
  0x00FFFFFF, 0x00000000, 0x00000000, 0x00000000, 0x00000000, 0x00000000, 0x00000000, 0x00000000,
  0x00000000, 0x00000000, 0x00000000, 0x00000000, 0x00000000, 0x00000000, 0x00000000, 0x00000000,
  0x00000000, 0x00000000, 0x00000000, 0x00000000, 0x00000000, 0x00000000, 0x00000000, 0x00FFFFFF,
  0x00FFFFFF, 0x00000000, 0x00000000, 0x00000000, 0x00FFFFFF, 0x00FFFFFF, 0x00000000, 0x00000000,
  0x00000000, 0x00000000, 0x00000000, 0x00000000, 0x00000000, 0x00000000, 0x00000000, 0x00000000,
  0x06AAD4FF, 0xA7ABD5F4, 0xFF91D5FF, 0xFF90CFFF, 0xFF72B9FB, 0xFF8ACFFF, 0xFA66AEED, 0xFF72BEFE,
  0xFD61ADEF, 0xFF6EBAFB, 0xF964B0EE, 0xFD61AFF0, 0xFD67B2F2, 0xFF6CB4F3, 0xF96CB4F0, 0xFFB6DFFF,
  0x32C6E5F4, 0x00000000, 0x00000000, 0x00000000, 0x00000000, 0x00000000, 0x00000000, 0x00000000,
  0x00000000, 0x00000000, 0x00000000, 0x00000000, 0x00000000, 0x00000000, 0x00000000, 0x00000000,
  0x00000000, 0x00000000, 0x00000000, 0x00000000, 0x00000000, 0x00000000, 0x00000000, 0x00FFFFFF,
  0x00FFFFFF, 0x00000000, 0x00000000, 0x00000000, 0x00000000, 0x00000000, 0x00000000, 0x00000000,
  0x00000000, 0x00000000, 0x00000000, 0x00000000, 0x00000000, 0x00000000, 0x00000000, 0x00000000,
  0x00000000, 0x00FFFFFF, 0x6AD1EEFC, 0x85D0E7EF, 0x86C4E0F9, 0xC2BEE4FF, 0xE5C1E3FB, 0xD0A3D1F3,
  0xF0A6D2F2, 0xC598D0FC, 0xFFA9E2FF, 0xFF90CEFC, 0xFF7BBCF5, 0xFF91D2FF, 0xFDA0D0F7, 0x69C9DAE9,
  0x00000000, 0x00000000, 0x00000000, 0x00000000, 0x00000000, 0x00000000, 0x00000000, 0x00000000,
  0x00000000, 0x00000000, 0x00000000, 0x00000000, 0x00000000, 0x00000000, 0x00000000, 0x00000000,
  0x00000000, 0x00000000, 0x00000000, 0x00000000, 0x00000000, 0x00000000, 0x00000000, 0x00000000,
  0x00000000, 0x00000000, 0x00000000, 0x00000000, 0x00000000, 0x00000000, 0x00000000, 0x00000000,
  0x00000000, 0x00000000, 0x00000000, 0x00000000, 0x00000000, 0x00000000, 0x00000000, 0x00000000,
  0x00FFFFFF, 0x00000000, 0x00000000, 0x00000000, 0x00000000, 0x00000000, 0x00FFFFFF, 0x00000000,
  0x1EFFFFF6, 0x00000000, 0x4ACBE6F8, 0x00FFFFFF, 0x41C4D7EF, 0x82F5FFFF, 0x58EDF9FF, 0x0BD0E7FF,
  0x00000000, 0x00000000, 0x00000000, 0x00000000, 0x00000000, 0x00000000, 0x00000000, 0x00000000,
  0x00000000, 0x00000000, 0x00000000, 0x00000000, 0x00000000, 0x00000000, 0x00000000, 0x00000000,
  0x00000000, 0x00000000, 0x00000000, 0x00000000, 0x00000000, 0x00000000, 0x00000000, 0x00000000,
  0x00000000, 0x00000000, 0x00000000, 0x00000000, 0x00000000, 0x00000000, 0x00000000, 0x00000000,
  0x00000000, 0x00000000, 0x00000000, 0x00000000, 0x00000000, 0x00000000, 0x00000000, 0x00000000,
  0x00FFFFFF, 0x00FFFFFF, 0x00000000, 0x00000000, 0x00000000, 0x00000000, 0x00000000, 0x00000000,
  0x00000000, 0x00000000, 0x00000000, 0x00000000, 0x00000000, 0x00000000, 0x00000000, 0x00000000,
  0x00000000, 0x00000000, 0x00000000, 0x00000000, 0x00000000, 0x00000000, 0x00000000, 0x00000000,
  0x00000000, 0x00000000, 0x00000000, 0x00000000, 0x00000000, 0x00000000, 0x00000000, 0x00000000,
  0x00000000, 0x00000000, 0x00000000, 0x00000000, 0x00000000, 0x00000000, 0x00000000, 0x00000000,
  0x00000000, 0x00000000, 0x00000000, 0x00000000, 0x00000000, 0x00000000, 0x00000000, 0x00000000,
  0x00000000, 0x00000000, 0x00000000, 0x00000000, 0x00000000, 0x00000000, 0x00000000, 0x00000000,
  0x00000000, 0x00000000, 0x00000000, 0x00000000, 0x00000000, 0x00000000, 0x00000000, 0x00000000,
  0x00000000, 0x00000000, 0x00000000, 0x00000000, 0x05FFFFCC, 0x00FFFFFF, 0x2FF4F9F9, 0x00000000,
  0x00000000, 0x00000000, 0x00000000, 0x00000000, 0x00000000, 0x00000000, 0x00000000, 0x00000000,
  0x00000000, 0x00000000, 0x00000000, 0x00000000, 0x00000000, 0x00000000, 0x00000000, 0x00000000,
  0x00000000, 0x00000000, 0x00000000, 0x00000000, 0x00000000, 0x00000000, 0x00000000, 0x00000000,
  0x00000000, 0x00000000, 0x00000000, 0x00000000, 0x00000000, 0x00000000, 0x00000000, 0x00000000,
  0x00000000, 0x00000000, 0x00000000, 0x00000000, 0x00000000, 0x00000000, 0x00000000, 0x00000000,
  0x00000000, 0x00000000, 0x00000000, 0x00000000, 0x00000000, 0x00000000, 0x00000000, 0x00FFFFFF,
  0x00000000, 0x00000000, 0x00FFFFFF, 0x00010000, 0xA4D6EAF7, 0xC7BBE4FF, 0xF0A3CEF3, 0xC5A5D1F4,
  0x4AC7EDFF, 0x00000000, 0x00000000, 0x00000000, 0x00000000, 0x00000000, 0x00000000, 0x00000000,
  0x00000000, 0x00000000, 0x00000000, 0x00000000, 0x00000000, 0x00000000, 0x00000000, 0x00000000,
  0x00000000, 0x00000000, 0x00000000, 0x00000000, 0x00000000, 0x00000000, 0x00000000, 0x00000000,
  0x00000000, 0x00000000, 0x00000000, 0x00000000, 0x00000000, 0x00000000, 0x00000000, 0x00000000,
  0x00000000, 0x00000000, 0x00000000, 0x00000000, 0x00000000, 0x00000000, 0x00000000, 0x00000000,
  0x00000000, 0x00000000, 0x00000000, 0x00000000, 0x00000000, 0x00000000, 0x00000000, 0x00000000,
  0x00000000, 0x06FFFFAA, 0xB0C2E0FA, 0xF2AAD3F7, 0xFFA1E0FF, 0xFF7FC1FB, 0xFF7ABCF6, 0xFF92CEFD,
  0xFFD7FFFF, 0x1EEEFFF6, 0x00000000, 0x00000000, 0x00000000, 0x00000000, 0x00000000, 0x00000000,
  0x00000000, 0x00000000, 0x00000000, 0x00000000, 0x00000000, 0x00000000, 0x00000000, 0x00000000,
  0x00000000, 0x00000000, 0x00000000, 0x00000000, 0x00000000, 0x00000000, 0x00000000, 0x00FFFFFF,
  0x00000000, 0x00000000, 0x00000000, 0x00000000, 0x00000000, 0x00000000, 0x00000000, 0x00000000,
  0x00000000, 0x00000000, 0x00000000, 0x00000000, 0x00000000, 0x00000000, 0x00000000, 0x00000000,
  0x00000000, 0x00000000, 0x00000000, 0x00000000, 0x00000000, 0x00000000, 0x00000000, 0x4AF4FFFF,
  0xA2C0E1F8, 0xEFA7D1F7, 0xFF92CDFF, 0xF77AB9EF, 0xFB7CBDF0, 0xFB7DBBF3, 0xFB81C1F1, 0xFF7ABDF6,
  0xDFA4D6FF, 0x00FFFFFF, 0x00000000, 0x00000000, 0x00000000, 0x00000000, 0x00000000, 0x00000000,
  0x00000000, 0x00000000, 0x00000000, 0x00000000, 0x00000000, 0x00000000, 0x00000000, 0x00000000,
  0x00000000, 0x00000000, 0x00000000, 0x00000000, 0x00000000, 0x00000000, 0x00000000, 0x00FFFFFF,
  0x00FFFFFF, 0x00FFFFFF, 0x00000000, 0x00000000, 0x00000000, 0x00000000, 0x00000000, 0x00000000,
  0x00000000, 0x00000000, 0x00000000, 0x00000000, 0x00000000, 0x00000000, 0x00000000, 0x00000000,
  0x00000000, 0x00000000, 0x00000000, 0x00FFFFFF, 0x00FFFFFF, 0x74D7EBFC, 0xD5C3DEF6, 0xFFB1E5FF,
  0xFA87C1F1, 0xFF81C2F8, 0xFC7DBDF3, 0xFD82BFF0, 0xFF84BFF0, 0xFD7EBCF2, 0xF97BC0F4, 0xFF86C2FE,
  0xCBB7D9F4, 0x2BF9F9F3, 0x00000000, 0x00000000, 0x00000000, 0x00000000, 0x00000000, 0x00000000,
  0x00000000, 0x00000000, 0x00000000, 0x00000000, 0x00000000, 0x00000000, 0x00000000, 0x00000000,
  0x00000000, 0x00000000, 0x00000000, 0x00000000, 0x00000000, 0x00000000, 0x00000000, 0x8BEEF7FD,
  0x00000000, 0x24F7FFFF, 0x00000000, 0x00000000, 0x00000000, 0x00000000, 0x00000000, 0x00000000,
  0x00000000, 0x00000000, 0x00000000, 0x00000000, 0x00000000, 0x00000000, 0x00000000, 0x00000000,
  0x00000000, 0x00000000, 0x17F3F3F3, 0xC9E6F7FD, 0xE6C0E4FD, 0xFF95C6F9, 0xFF89C7F8, 0xFA75BAF1,
  0xF97ABCF2, 0xFF82C1F8, 0xFF7FBFF7, 0xFD82BEF3, 0xF87CBBEE, 0xFF80C5FB, 0xFFABECFF, 0xCBAFD5F8,
  0x64EFF2EF, 0x00000000, 0x00000000, 0x00000000, 0x00000000, 0x00000000, 0x00000000, 0x00000000,
  0x00000000, 0x00000000, 0x00000000, 0x00000000, 0x00000000, 0x00000000, 0x00000000, 0x00000000,
  0x00000000, 0x00000000, 0x00000000, 0x00000000, 0x00000000, 0x00000000, 0x69F7FFFF, 0x00FFFFFF,
  0xBBE3F2FF, 0x00FFFFFF, 0xC9F4FFFF, 0x4DF5FFFF, 0x00000000, 0x00000000, 0x00000000, 0x00000000,
  0x00000000, 0x00000000, 0x00000000, 0x00000000, 0x00000000, 0x00000000, 0x00000000, 0x00000000,
  0x00000000, 0x00000000, 0x61E4EFEF, 0xCEA2CEF8, 0xFF8CCFFF, 0xFA75B6EF, 0xFD7EC0F4, 0xFF84BEF3,
  0xFF88BEF0, 0xFC7FBEF1, 0xF672B7F0, 0xFF8ACAFF, 0xFF95CCF8, 0xC9ADD6F3, 0x6AC7DFF5, 0x056699CC,
  0x00FFFFFF, 0x00000000, 0x00000000, 0x0DD7EBFF, 0x00000000, 0x00000000, 0x00000000, 0x00000000,
  0x00000000, 0x00000000, 0x00000000, 0x00000000, 0x00000000, 0x00000000, 0x00000000, 0x00000000,
  0x00000000, 0x00000000, 0x00000000, 0x00000000, 0x00000000, 0x00000000, 0xCCF3FCFD, 0xE9E8F5FD,
  0xFFEFFEFF, 0xF6E1EEFA, 0x00FFFFFF, 0x00FFFFFF, 0x00FFFFFF, 0x18E9F4F4, 0x00000000, 0x00000000,
  0x00000000, 0x00000000, 0x00000000, 0x00000000, 0x00000000, 0x00000000, 0x00000000, 0x00000000,
  0x00000000, 0x00FFFFFF, 0xB2C8E3F6, 0xFD84BFF5, 0xF982C1F6, 0xFE83BCF0, 0xFF80C0F6, 0xFB78BCF2,
  0xFF7CBBF1, 0xFF85C0F3, 0xFF95CCF9, 0xFFC6E9FF, 0x74D0EBFA, 0x2DE8F9F3, 0x00000000, 0x00000000,
  0x00040201, 0x35D3EBFA, 0xAFCAE3F7, 0xBCCAE6FC, 0x7DBFDCF2, 0x00000000, 0x00000000, 0x00000000,
  0x00000000, 0x00000000, 0x00000000, 0x00000000, 0x00000000, 0x00000000, 0x00000000, 0x00000000,
  0x00000000, 0x00000000, 0x00000000, 0x00000000, 0x00FFFFFF, 0x00FFFFFF, 0x22F0F0F7, 0x24F7FFFF,
  0x00FFFFFF, 0xFAE3EFFB, 0xFBE0EDFB, 0xFAE2EEFA, 0x00FFFFFF, 0xC1E8F3F9, 0x4DEBF5FB, 0x00000000,
  0x00000000, 0x00000000, 0x00000000, 0x00000000, 0x00000000, 0x00000000, 0x00000000, 0x00000000,
  0x00000000, 0x00000000, 0x9AD8F3FF, 0xFF95D5FF, 0xF873B5F4, 0xF881BCEF, 0xFC7BBDF3, 0xFC7BBDF9,
  0xFFAAD9FF, 0xEFC2E1F9, 0x5FDEF1FF, 0x00FFFFFF, 0x00000000, 0x00000000, 0x00000000, 0x00000000,
  0x30FFFFF4, 0xC7BDE6FF, 0xFFC1F8FF, 0xFF97CBF8, 0xFFC9F3FF, 0x81E1F3FF, 0x00000000, 0x00000000,
  0x00000000, 0x027F7FFF, 0x00000000, 0x00000000, 0x00000000, 0x00000000, 0x00000000, 0x00000000,
  0x00000000, 0x00000000, 0x00FFFFFF, 0x00000000, 0x00000000, 0x00000000, 0x00000000, 0x64F7FCFF,
  0xFBF5FCFF, 0xFFEEFAFF, 0xFFE3F1FF, 0xFCE2EEFD, 0xFFECF8FF, 0xF8EFF9FF, 0xECEDF6FC, 0x9EF2F5FA,
  0x2CF9F9FF, 0x00000000, 0x00000000, 0x00000000, 0x00000000, 0x00000000, 0x00000000, 0x00000000,
  0x00FFFFFF, 0x00FFFFFF, 0x75F1FCFC, 0xFFC9F7FF, 0xFF8BC3F3, 0xFFB2EBFF, 0xFFB4DCFF, 0xB3B3D8F6,
  0x41FFFFEF, 0x00FFFFFF, 0x00000000, 0x00000000, 0x00000000, 0x00000000, 0x00000000, 0x30F4FFF9,
  0xA9C8E3F8, 0xFFB0E0FF, 0xF497C7F4, 0xFB9BC8F1, 0xFF9DD7FF, 0xA3C9E5FD, 0x00000000, 0x00000000,
  0x00000000, 0x00000000, 0x14E5F2FF, 0x00000000, 0x00000000, 0x00000000, 0x00000000, 0x00000000,
  0x36E7F5FA, 0xC8DDEBF6, 0xF2E4F3FF, 0xBFE1EDF9, 0x31E4EFF9, 0x00000000, 0x00000000, 0x21EFEFF7,
  0x7EEEF2F6, 0x00FFFFFF, 0xFFECF7FF, 0xF7E3EFFD, 0xFFE3EFFE, 0xFFE9F5FF, 0xFFF3FFFF, 0xF7F1F9FF,
  0xA4F4F8FD, 0x00FFFFFF, 0x00FFFFFF, 0x00000000, 0x00000000, 0x00000000, 0x00000000, 0x00000000,
  0x00000000, 0x00000000, 0x00000000, 0x75D5EDFA, 0x8BD6EEF7, 0x64E0F4FF, 0x00FFFFFF, 0x00000000,
  0x00000000, 0x00000000, 0x01000000, 0x00000000, 0x00000000, 0x00000000, 0x0ACCE5E5, 0x9DD3E8F8,
  0xF2ACD8FC, 0xFFA2D0FA, 0xF89CC8F2, 0xFF9BC9F5, 0xFFA1D6FF, 0xCBCAE5F8, 0x027F7FFF, 0x00000000,
  0x15FFF2F2, 0x87E8FFFF, 0xDFD4EAFB, 0xA3D1E7FB, 0x13C9E4F1, 0x00000000, 0x00000000, 0x00000000,
  0xB2E9F9FF, 0xFFF4FFFF, 0xFAC8E3FD, 0xFFE4F9FF, 0xB3ECF7FF, 0x00000000, 0x00000000, 0x00000000,
  0x00000000, 0x66EDF2FA, 0xF0EAF4FA, 0xFBEBF5FC, 0xE4E4EFFB, 0xFAE0ECFD, 0xFAE2EFFC, 0x00FFFFFF,
  0x6AF2FCFC, 0x00FFFFFF, 0x20F7FFFF, 0x00000000, 0x00000000, 0x00000000, 0x00000000, 0x00000000,
  0x00000000, 0x00000000, 0x00000000, 0x00000000, 0x00FFFFFF, 0x00000000, 0x00000000, 0x00000000,
  0x00000000, 0x00000000, 0x00000000, 0x00000000, 0x00000000, 0x00000000, 0x53D7E3EF, 0xE9B7D9F9,
  0xFFA3D4FF, 0xF99CC8F0, 0xF79BCCF4, 0xFFA4DBFF, 0xEFB4D6F2, 0x5EC6E1F4, 0x00000000, 0x0CFFFFE9,
  0x86DCEDF9, 0xFFE0FFFF, 0xF9B0D7F8, 0xFFD8FDFF, 0xE7DCEEFC, 0x1BF5FFF5, 0x00000000, 0x39EDF6FF,
  0x00FFFFFF, 0xF2C6E0FB, 0xFDCAE4FC, 0xFFCCE6FF, 0xFFEAFCFF, 0x45F0F7FB, 0x00000000, 0x00FFFFFF,
  0x00000000, 0x00000000, 0x24F7FFFF, 0x00010100, 0x79F4FCFF, 0x00FFFFFF, 0xF6E3EFFF, 0xFBDFECFC,
  0xE8E3EFFA, 0xFFECF6FF, 0x00FFFFFF, 0x00FFFFFF, 0x00000000, 0x00000000, 0x00000000, 0x00000000,
  0x00000000, 0x00000000, 0x00000000, 0x00000000, 0x00000000, 0x00FFFFFF, 0x00000000, 0x00000000,
  0x00000000, 0x00000000, 0x00000000, 0x00000000, 0x00000000, 0x25C7DCF8, 0xB9BED9F3, 0xF9A3D2FD,
  0xFF9DCBF5, 0xF69ACAF2, 0xFFA6DDFF, 0xD0B0DDFF, 0x4CD6E0EA, 0x00000000, 0x00000000, 0x00050100,
  0xC9CAE8FF, 0xFFC0E6FF, 0xF6ADD6F9, 0xFDAED9FB, 0xE8D0EEFF, 0x2EF3F3F9, 0x00000000, 0x15F2E6F2,
  0xFAE8F8FF, 0xFFD5ECFF, 0xFFCCE5FA, 0xFAC7E0F7, 0xFFD5E8F9, 0x9DEEFBFF, 0x00000000, 0x00000000,
  0x00000000, 0x00000000, 0x00000000, 0x00FFFFFF, 0x5AF9FCFF, 0xC3F9FFFF, 0x00FFFFFF, 0xFFF1FBFF,
  0xF7E2EDFC, 0xFCE2F1FC, 0xEDECFAFD, 0x37F1F5FA, 0x00000000, 0x00000000, 0x00000000, 0x00000000,
  0x00000000, 0x00000000, 0x00000000, 0x00000000, 0x00000000, 0x00000000, 0x00000000, 0x00000000,
  0x00000000, 0x00000000, 0x00000000, 0x00000000, 0x00000000, 0xB8C4E1FA, 0xFFB5DEFF, 0xFF9DD0FF,
  0xF89AC8F1, 0xFA9CCEF7, 0xFCA6D6FF, 0x94CBE5FB, 0x16DCE7F3, 0x00000000, 0x00000000, 0x51DFF8FF,
  0xFFECFFFF, 0xF9B0D6F5, 0xFFB6D9F4, 0xF8ADD3F5, 0xFFD9F3FF, 0x52E9EFF5, 0x00000000, 0x00000000,
  0x99ECFBFF, 0xFFD2E6FB, 0xFBCAE0F7, 0xFFCCE7FD, 0xFFD6EDFF, 0xE3E9F9FF, 0x00000000, 0x00000000,
  0x00000000, 0x00000000, 0x00000000, 0x00000000, 0x00000000, 0x02FF7FFF, 0x84F9FFFF, 0xF0F5FFFF,
  0xFFF5FFFF, 0xCFE3F3FF, 0xFFEBF6FD, 0x00000000, 0x00000000, 0x00000000, 0x00000000, 0x00000000,
  0x00000000, 0x00000000, 0x00000000, 0x00000000, 0x00000000, 0x00000000, 0x00000000, 0x00000000,
  0x00000000, 0x00000000, 0x00000000, 0x00000000, 0x5ABBDFF9, 0xFFC3F0FF, 0xFC93C3F0, 0xFF99CAF6,
  0xF798C9F2, 0xFFACE0FF, 0xD2C1E1FD, 0x00FFFFFF, 0x00000000, 0x00000000, 0x00000000, 0x40FBF7F7,
  0xF7C4E4FD, 0xFDAFD5F5, 0xFBB4D8F4, 0xFFBBE1FF, 0xDCCFEBFB, 0x00010000, 0x00000000, 0x00000000,
  0x3FF2FFFF, 0xFFEDFFFF, 0xFFCBE4FC, 0xFFCCE6FD, 0xFACAE3F9, 0xFFE4FBFF, 0x79E9F4FA, 0x00000000,
  0x027F7F7F, 0x00000000, 0x00000000, 0x00000000, 0x00000000, 0x00000000, 0x19EAEAEA, 0x8DF5F9FD,
  0x6FF5FFFF, 0x00000000, 0xA7EFF4FA, 0x00000000, 0x00000000, 0x00000000, 0x00000000, 0x00000000,
  0x00000000, 0x00000000, 0x00000000, 0x00000000, 0x00000000, 0x00000000, 0x00000000, 0x00000000,
  0x00000000, 0x00000000, 0x00000000, 0x00FFFFFF, 0xD5ADD8FB, 0xFFA9D7FF, 0xFF99C6F0, 0xFB97CAF1,
  0xFFA5D6FE, 0xE1B3DEFF, 0x5BE8F6FC, 0x0DEBEBFF, 0x00000000, 0x00000000, 0x00000000, 0x61D7E9F9,
  0xFFD9FDFF, 0xF9AFD7F7, 0xFDB3D8F7, 0xFFB9E4FF, 0xC6D1EAFB, 0x00FFFFFF, 0x00000000, 0x00000000,
  0x00000000, 0xC3E4F4FD, 0xFFDAF4FF, 0xFDC9E3FB, 0xFAC8E2FA, 0xFDCFE9FD, 0xBFDEEEFD, 0x00000000,
  0x00000000, 0x00000000, 0x00000000, 0x00000000, 0x00000000, 0x00000000, 0x00000000, 0x0CE9E9FF,
  0x27F8F8FF, 0x00FFFFFF, 0x00000000, 0x00000000, 0x00000000, 0x00000000, 0x00000000, 0x00000000,
  0x00000000, 0x00000000, 0x00000000, 0x00000000, 0x00000000, 0x00000000, 0x00000000, 0x00000000,
  0x00000000, 0x00000000, 0x00000000, 0x87B5DBFB, 0xFFB9ECFF, 0xFB98C6F2, 0xFE9BCAF1, 0xF693CBF3,
  0xFFC3F1FF, 0x6DC4E2FF, 0x00000000, 0x00000000, 0x00000000, 0x00000000, 0x00000000, 0x95DEECF6,
  0xFFB9E0FD, 0xFEADD5F8, 0xFAB2D3F6, 0xFFBFE5FF, 0xB9D2EAF6, 0x00000000, 0x00000000, 0x00000000,
  0x00000000, 0x56F0FCFF, 0xFED9EFFD, 0xF8C5DFF8, 0xFFCEE4F8, 0xFECDE3F8, 0xFFEDFFFF, 0x48E9F0F7,
  0x00000000, 0x00FFFFFF, 0x00000000, 0x00000000, 0x00000000, 0x00000000, 0x00000000, 0x00000000,
  0x00000000, 0x00000000, 0x00000000, 0x00000000, 0x00000000, 0x00000000, 0x00000000, 0x00000000,
  0x00000000, 0x00000000, 0x00000000, 0x00000000, 0x00000000, 0x00000000, 0x00000000, 0x00000000,
  0x00000000, 0x00000000, 0x37D5E7FA, 0xF8ACD4FD, 0xFF9ECBF4, 0xFF99CAF4, 0xFC91C7F4, 0xFFAFE0FF,
  0xC0C5E4FF, 0x00FFFFFF, 0x00000000, 0x00000000, 0x00000000, 0x00000000, 0x00000000, 0x95D7EFFF,
  0xFFC7F0FF, 0xF8B5D7F7, 0xF9B8D7F6, 0xFFCFFBFF, 0x79D4F0FF, 0x00000000, 0x00000000, 0x00000000,
  0x00000000, 0x00FFFFFF, 0xCFE6F7FF, 0xFFD8F1FF, 0xFECCE2F8, 0xFDCBE2F8, 0xFFE3FBFF, 0xA0F0FDFF,
  0x00FFFFFF, 0x00000000, 0x00000000, 0x00000000, 0x00000000, 0x00000000, 0x00000000, 0x00000000,
  0x00000000, 0x00000000, 0x00000000, 0x00000000, 0x00000000, 0x00000000, 0x00000000, 0x00000000,
  0x00000000, 0x00000000, 0x00000000, 0x00000000, 0x00000000, 0x00000000, 0x00000000, 0x00000000,
  0x00000000, 0x00000000, 0x89CEE6FF, 0xFFCEFBFF, 0xF796C9F0, 0xFB97CAF6, 0xF998C9F4, 0xFFC3E3FF,
  0x46CFE9FB, 0x00000000, 0x00000000, 0x00000000, 0x00000000, 0x00000000, 0x00000000, 0xC2DBE9F8,
  0xFFC1E3FF, 0xFCB3D5F2, 0xFDB0D6F6, 0xFEB8E0FB, 0x62DDEAEF, 0x00000000, 0x00000000, 0x00000000,
  0x00000000, 0x00000000, 0x7AEAF8FA, 0xFFF4FFFF, 0xF9CAE4FA, 0xFECAE4FB, 0xF6C8E3F9, 0xF0E1F4FF,
  0x2AF2F8F8, 0x00000000, 0x00000000, 0x00000000, 0x00000000, 0x00000000, 0x00000000, 0x00000000,
  0x00000000, 0x00000000, 0x00000000, 0x00000000, 0x00000000, 0x00000000, 0x00000000, 0x00000000,
  0x00000000, 0x00000000, 0x00000000, 0x00000000, 0x00000000, 0x00000000, 0x00000000, 0x00000000,
  0x00000000, 0x00000000, 0x3CD8EEFF, 0xE4B9D8F4, 0xFF97C9F3, 0xFFA6D7FF, 0xFFC9EDFF, 0x9AD7E9F6,
  0x00000000, 0x00000000, 0x00000000, 0x00000000, 0x00000000, 0x00000000, 0x00020000, 0xB2D1E6F9,
  0xFFB7E2FF, 0xFCB3D9F5, 0xF6AFD8FA, 0xFFDFFFFF, 0x4ED1EBF8, 0x00000000, 0x00000000, 0x00000000,
  0x00000000, 0x00000000, 0x16E7FFFF, 0xD7E1F5FF, 0xFCCBE4FA, 0xFDC9E4FC, 0xFAC6E6FF, 0xFFEAFFFF,
  0xA9E8F5FA, 0x00000000, 0x00000000, 0x00000000, 0x00000000, 0x00000000, 0x00000000, 0x00000000,
  0x00000000, 0x00000000, 0x00000000, 0x00000000, 0x00000000, 0x00000000, 0x00000000, 0x00000000,
  0x00000000, 0x00000000, 0x00000000, 0x00000000, 0x00000000, 0x00000000, 0x00000000, 0x00000000,
  0x00000000, 0x00000000, 0x00000000, 0xD9E8F3F7, 0xB7C8E1F2, 0xC1CFEDFF, 0xBBE1EEF5, 0x0EC8DAEC,
  0x00000000, 0x00000000, 0x00000000, 0x00000000, 0x00000000, 0x00000000, 0x00000000, 0xDCCDE7F9,
  0xFFB6E1FD, 0xFCB5D8F3, 0xFFB3D7F8, 0xE6C3E6FF, 0x11FFFFE1, 0x00000000, 0x00000000, 0x00000000,
  0x00000000, 0x00FFFFFF, 0x00000000, 0x95EDF9FD, 0xFFEDFFFF, 0xFECAE3FA, 0xFDC9E4FD, 0xFFCFE8FE,
  0xE2E3F0FA, 0x0FEEEEEE, 0x010000FF, 0x00000000, 0x00000000, 0x00000000, 0x00000000, 0x00000000,
  0x00000000, 0x00000000, 0x00000000, 0x00000000, 0x00000000, 0x00000000, 0x00000000, 0x00000000,
  0x00000000, 0x00000000, 0x00000000, 0x00000000, 0x00000000, 0x00000000, 0x00000000, 0x00000000,
  0x00000000, 0x00000000, 0x00000000, 0x00000000, 0x00000000, 0x00030201, 0x00FFFFFF, 0x00000000,
  0x00000000, 0x00000000, 0x00000000, 0x00000000, 0x00000000, 0x00000000, 0x2EE8EEEE, 0xFFCBE5FA,
  0xFBADD7F9, 0xFEB5D7F8, 0xF9B2D3F9, 0xFFE3FFFF, 0x2FDEF4F9, 0x00000000, 0x00000000, 0x00000000,
  0x00000000, 0x00000000, 0x00000000, 0x1EFFFFF6, 0xFEDAEDFA, 0xFCC9E2F9, 0xF4C6E0F9, 0xFFD0E6FB,
  0xEFD9EAF8, 0x0EECECFF, 0x00000000, 0x00000000, 0x00000000, 0x00000000, 0x00000000, 0x00000000,
  0x00000000, 0x00000000, 0x00000000, 0x00000000, 0x00000000, 0x00000000, 0x00000000, 0x00000000,
  0x00000000, 0x00000000, 0x00000000, 0x00000000, 0x00000000, 0x00000000, 0x00000000, 0x00000000,
  0x00000000, 0x00000000, 0x00000000, 0x00000000, 0x00000000, 0x00000000, 0x0100FFFF, 0x00000000,
  0x00000000, 0x00000000, 0x00000000, 0x00000000, 0x00000000, 0x00000000, 0x00FFFFFF, 0xE3C4E1FB,
  0xFDB2D8FC, 0xFBB4D7F4, 0xFFB4DBFA, 0xEDC4E7FA, 0x00FFFFFF, 0x00000000, 0x00000000, 0x00000000,
  0x00000000, 0x00000000, 0x00000000, 0x05CCCCFF, 0x95E1F3FD, 0xFFE3F9FF, 0xFFF5FFFF, 0x00FFFFFF,
  0x82DFF3FF, 0x00000000, 0x00000000, 0x00000000, 0x00000000, 0x00000000, 0x00000000, 0x00000000,
  0x00000000, 0x00000000, 0x00000000, 0x00000000, 0x00000000, 0x00000000, 0x00000000, 0x00000000,
  0x00000000, 0x00000000, 0x00000000, 0x00000000, 0x00000000, 0x00000000, 0x00000000, 0x00000000,
  0x00000000, 0x00000000, 0x00000000, 0x00000000, 0x00000000, 0x00000000, 0x00000000, 0x00000000,
  0x00000000, 0x00000000, 0x00000000, 0x00000000, 0x00000000, 0x00000000, 0x41CCDFEB, 0xFFEDFFFF,
  0xFFB5DDFB, 0xF9B2D9F1, 0xFCAFD7FB, 0xE6CEE4F7, 0x3CE9F6FA, 0x00000000, 0x00000000, 0x00000000,
  0x00000000, 0x00000000, 0x00000000, 0x00000000, 0x00000000, 0x54ECFBFF, 0x79F0FCFF, 0x3DF6FAFF,
  0x00000000, 0x00000000, 0x00000000, 0x00000000, 0x00000000, 0x00000000, 0x00000000, 0x00000000,
  0x00000000, 0x00000000, 0x00000000, 0x00000000, 0x00000000, 0x00000000, 0x00000000, 0x00000000,
  0x00000000, 0x00000000, 0x00000000, 0x00000000, 0x00000000, 0x00000000, 0x00000000, 0x00000000,
  0x00000000, 0x00000000, 0x00000000, 0x00000000, 0x00000000, 0x00000000, 0x00000000, 0x00000000,
  0x00000000, 0x00000000, 0x00000000, 0x00000000, 0x00000000, 0x00000000, 0x00000000, 0x9CDCF1FF,
  0xF4BEDFFF, 0xFFDDFFFF, 0xFFCDEBFF, 0xB5D7E7F2, 0x00000000, 0x00000000, 0x00000000, 0x00000000,
  0x00000000, 0x00000000, 0x00000000, 0x00000000, 0x00000000, 0x00000000, 0x00000000, 0x00000000,
  0x00000000, 0x00000000, 0x00000000, 0x00000000, 0x00000000, 0x00000000, 0x00000000, 0x00000000,
  0x00000000, 0x00000000, 0x00000000, 0x00000000, 0x00000000, 0x00000000, 0x00000000, 0x00000000,
  0x00000000, 0x00000000, 0x00000000, 0x00000000, 0x00000000, 0x00000000, 0x00000000, 0x00000000,
  0x00000000, 0x00000000, 0x00000000, 0x00000000, 0x00000000, 0x00000000, 0x00000000, 0x00000000,
  0x00000000, 0x00000000, 0x00000000, 0x00000000, 0x00000000, 0x00000000, 0x00000000, 0x36F0F5FA,
  0x7EE0ECF6, 0x83E5FFFF, 0x46F0F7FF, 0x1BE2E2F5, 0x00000000, 0x00000000, 0x00000000, 0x00000000,
  0x00000000, 0x00000000, 0x00000000, 0x00000000, 0x00000000, 0x00000000, 0x00000000, 0x00000000,
  0x00000000, 0x00000000, 0x00000000, 0x00000000, 0x00000000, 0x00000000, 0x00000000, 0x00000000,
  0x00000000, 0x00000000, 0x00000000, 0x00000000, 0x00000000, 0x00000000, 0x00000000, 0x00000000,
};

static const unsigned g_splash_sp08_w = 56u;
static const unsigned g_splash_sp08_h = 56u;
static const uint32_t g_splash_sp08_px[3136] = {
  0x00000000, 0x00000000, 0x00000000, 0x00000000, 0x00000000, 0x00000000, 0x00000000, 0x00000000,
  0x00000000, 0x00000000, 0x00000000, 0x00000000, 0x00000000, 0x00000000, 0x00000000, 0x00000000,
  0x00000000, 0x00000000, 0x00000000, 0x00000000, 0x00000000, 0x00000000, 0x00000000, 0x00000000,
  0x00000000, 0x00000000, 0x00000000, 0x00FFFFFF, 0x00000000, 0x44D2E4EC, 0xFF92CAF3, 0xFF7FC9FF,
  0xF06DB6F4, 0xEBABD4F5, 0x1E90C3EE, 0x00000000, 0x00000000, 0x00000000, 0x00000000, 0x00000000,
  0x00000000, 0x00000000, 0x00000000, 0x00000000, 0x00000000, 0x00000000, 0x00000000, 0x00000000,
  0x00000000, 0x00000000, 0x00000000, 0x00000000, 0x00000000, 0x00000000, 0x00000000, 0x00000000,
  0x00000000, 0x00000000, 0x00000000, 0x00000000, 0x00000000, 0x00000000, 0x00000000, 0x00000000,
  0x00000000, 0x00000000, 0x00000000, 0x00000000, 0x00000000, 0x00000000, 0x00000000, 0x00000000,
  0x00000000, 0x00000000, 0x6DF3FAFA, 0x59E2FCFF, 0x00000000, 0x00000000, 0x00000000, 0x00000000,
  0x00000000, 0x00000000, 0x00000000, 0x00000000, 0x00000000, 0xA3B5DFFB, 0xFC53A3EA, 0xF52D90EC,
  0xFA3496ED, 0xFF70C4FF, 0xA3A4CCEC, 0x00000000, 0x00000000, 0x00000000, 0x00000000, 0x00000000,
  0x00000000, 0x00000000, 0x00000000, 0x00000000, 0x00000000, 0x00000000, 0x00000000, 0x00000000,
  0x00000000, 0x00000000, 0x00000000, 0x00000000, 0x00000000, 0x00000000, 0x00000000, 0x00000000,
  0x00000000, 0x00000000, 0x00000000, 0x00000000, 0x00000000, 0x00000000, 0x00000000, 0x00000000,
  0x00000000, 0x00000000, 0x00000000, 0x00000000, 0x00000000, 0x00000000, 0x00000000, 0x00000000,
  0x96DEEAEF, 0xD094C1EB, 0xD872B8F3, 0xFFA2EBFF, 0x73AAD7F8, 0x00FFFFFF, 0x00000000, 0x00000000,
  0x00000000, 0x00000000, 0x00000000, 0x00000000, 0x00FFFFFF, 0xF8A1D6FB, 0xFF44A4F4, 0xFD50A4ED,
  0xFF43A0EE, 0xFF3F9DEE, 0xD8B4DBF5, 0x00FFFFFF, 0x00000000, 0x00000000, 0x00000000, 0x00000000,
  0x00000000, 0x00000000, 0x00000000, 0x00000000, 0x00FFFFFF, 0x00FFFFFF, 0x00000000, 0x00000000,
  0x00000000, 0x00000000, 0x00000000, 0x00000000, 0x00000000, 0x00000000, 0x00000000, 0x00000000,
  0x00000000, 0x00000000, 0x00000000, 0x00000000, 0x00000000, 0x00000000, 0x00000000, 0x00000000,
  0x00000000, 0x00000000, 0x00000000, 0x00000000, 0x00000000, 0x00000000, 0x00000000, 0x00000000,
  0xAEB1D7F7, 0xFF5FAAF1, 0xFD4BA3F0, 0xFF5DB1F7, 0xD572BBF7, 0x29FFFFF2, 0x00000000, 0x00000000,
  0x00000000, 0x00000000, 0x00000000, 0x00000000, 0x00FFFFFF, 0xFD7DBCEC, 0xFB3898EA, 0xFE489DE8,
  0xFA409EE6, 0xFF4FAEF9, 0xB2BFE6FD, 0x00000000, 0x00FFFFFF, 0x00000000, 0x00000000, 0x00000000,
  0x00000000, 0x00000000, 0x00000000, 0x04BFBFBF, 0x00000000, 0x00FFFFFF, 0x00000000, 0x00000000,
  0x00000000, 0x00000000, 0x00000000, 0x00000000, 0x00000000, 0x00000000, 0x00000000, 0x00000000,
  0x00000000, 0x00000000, 0x00000000, 0x00000000, 0x00000000, 0x00000000, 0x00000000, 0x00000000,
  0x00000000, 0x00000000, 0x00000000, 0x00000000, 0x00000000, 0x00000000, 0x00000000, 0x49F8FFFF,
  0xFFC2F4FF, 0xFA4EA0EC, 0xFC5BAAF3, 0xF655A6EF, 0xFF71C8FF, 0x949ED3FD, 0x00FFFFFF, 0x00000000,
  0x00000000, 0x00000000, 0x00000000, 0x03AAAAFF, 0x00FFFFFF, 0xF080BFEE, 0xFC3596EF, 0xFF47A0F1,
  0xFC429CEB, 0xFF489DED, 0x8DC8E7FB, 0x00000000, 0x00FFFFFF, 0x00000000, 0x00000000, 0x00000000,
  0x00000000, 0x00000000, 0x30F4EFE4, 0x9BDAE9F1, 0xA4A6D1F4, 0x81CDE9F3, 0x00FFFFFF, 0x00000000,
  0x00000000, 0x00000000, 0x00000000, 0x00000000, 0x00000000, 0x00000000, 0x00000000, 0x00000000,
  0x00000000, 0x00000000, 0x00000000, 0x00000000, 0x00000000, 0x00000000, 0x00000000, 0x00000000,
  0x00000000, 0x00000000, 0x00000000, 0x00000000, 0x00000000, 0x00000000, 0x00000000, 0x00000000,
  0xCE8ABCE2, 0xFF68B8FE, 0xFF51A5F0, 0xFC5AA5E9, 0xFF62ADF1, 0xEA87C7FF, 0x3AE9F6FF, 0x00020100,
  0x00000000, 0x00000000, 0x010000FF, 0x00000000, 0x40CBE7F7, 0xFF71BFFA, 0xF9419CEB, 0xFF44A1E9,
  0xFB3B9AE9, 0xFF77C9FF, 0x55EAFFFF, 0x00000000, 0x00000000, 0x00000000, 0x00000000, 0x00000000,
  0x00000000, 0x00060000, 0xA690C4F1, 0xF24DA0EE, 0xFF389CF9, 0xFF73BCFF, 0xA9B9DAF4, 0x00000000,
  0x00000000, 0x00000000, 0x00000000, 0x00000000, 0x00000000, 0x00000000, 0x00000000, 0x00000000,
  0x00000000, 0x00000000, 0x00000000, 0x00000000, 0x00000000, 0x00000000, 0x00000000, 0x00000000,
  0x00000000, 0x00000000, 0x00000000, 0x00000000, 0x00000000, 0x00000000, 0x00000000, 0x00000000,
  0x599ACBF3, 0xFF84CFFF, 0xF651A5EE, 0xFE5CA9EA, 0xF854A1E9, 0xFF7BC9FF, 0x898BC5F5, 0x00000000,
  0x00000000, 0x00000000, 0x00000000, 0x00000000, 0x00FFFFFF, 0xFF6AB4F9, 0xF93D94E6, 0xFF48A1EC,
  0xFD429DEE, 0xFE55A2E3, 0x25D5EAF8, 0x00000000, 0x00FFFFFF, 0x00000000, 0x00000000, 0x00000000,
  0x19CCEAF4, 0x9D95CEFA, 0xFF56B5FF, 0xFF2F97F5, 0xF31F91F0, 0xFF2292F0, 0xD477B6E4, 0x00FFFFFF,
  0x00000000, 0x00000000, 0x00000000, 0x00000000, 0x00000000, 0x00000000, 0x00000000, 0x00000000,
  0x00000000, 0x00000000, 0x00000000, 0x00000000, 0x00000000, 0x00000000, 0x00000000, 0x00000000,
  0x00000000, 0x00000000, 0x00000000, 0x00000000, 0x00000000, 0x00000000, 0x00000000, 0x00000000,
  0x00FFFFFF, 0xC89ACFFF, 0xFF66B8FF, 0xFC52A6EC, 0xFE58A7ED, 0xFF59A8F0, 0xFF84BFF1, 0x299BC7F2,
  0x00000000, 0x00000000, 0x00000000, 0x00000000, 0x4FB1DBFB, 0xFF59B3FF, 0xFE499DE8, 0xFF48A0EE,
  0xFE3897ED, 0xFF94DAFF, 0x00FFFFFF, 0x00000000, 0x00000000, 0x00000000, 0x00000000, 0x00000000,
  0x80DBEFF5, 0xFF71C2FF, 0xF7268BE8, 0xFB3091EA, 0xFE3693E5, 0xFF1689EF, 0xFF91CBFB, 0x00FFFFFF,
  0x00000000, 0x00000000, 0x00000000, 0x00000000, 0x00000000, 0x00000000, 0x00000000, 0x00000000,
  0x00000000, 0x00000000, 0x00000000, 0x00000000, 0x00000000, 0x00000000, 0x00000000, 0x00000000,
  0x00000000, 0x00000000, 0x00000000, 0x00000000, 0x00000000, 0x00000000, 0x00000000, 0x00000000,
  0x10FFFFEF, 0xAAC9E4F6, 0xFF6FB3F0, 0xFB59A9ED, 0xFD5BA9EC, 0xFD4CA0EE, 0xFF83CAFF, 0x97B1D3F1,
  0x00000000, 0x00000000, 0x00000000, 0x00000000, 0x8CB4D6F0, 0xFF60BEFF, 0xFB3E9EE9, 0xFE44A1EB,
  0xFB3E9CEB, 0xFF8CC7F4, 0x3AD3F1FA, 0x00000000, 0x00FFFFFF, 0x00FFFFFF, 0x00020100, 0x4ABDDCF1,
  0xEB71B9F5, 0xFF2D94F1, 0xFD2D93E9, 0xFF3597EA, 0xF8298EE3, 0xFF51AFFD, 0xBCB4D7EE, 0x00000000,
  0x00000000, 0x00000000, 0x00000000, 0x00000000, 0x00000000, 0x00000000, 0x00000000, 0x00000000,
  0x00000000, 0x00000000, 0x00000000, 0x00000000, 0x00000000, 0x00000000, 0x00000000, 0x28D8EBF2,
  0x00FFFFFF, 0x00FFFFFF, 0x00000000, 0x00000000, 0x00000000, 0x00000000, 0x00000000, 0x00000000,
  0x00000000, 0x00FFFFFF, 0xD495CAF5, 0xFF60B7FF, 0xFB59A7E9, 0xFE5AA7ED, 0xFE54A5F1, 0xCC9ECBF1,
  0x25D5E3EA, 0x00000000, 0x00FFFFFF, 0x00000000, 0xA7AED7F5, 0xFE3896EC, 0xFD42A0EE, 0xFF4AA0ED,
  0xFB2A8DE6, 0xF297CDF4, 0x00FFFFFF, 0x18F4FFFF, 0x00FFFFFF, 0x00000000, 0x00FFFFFF, 0xC09CCDED,
  0xFF429DED, 0xF7278CE7, 0xFE3197E6, 0xFE2D8FE4, 0xFF2189EB, 0xD977BEFA, 0x42C8E3F3, 0x00000000,
  0x00000000, 0x00000000, 0x00000000, 0x00000000, 0x00000000, 0x00000000, 0x00000000, 0x00000000,
  0x00000000, 0x00000000, 0x00000000, 0x00000000, 0x00000000, 0x0DD7EBEB, 0x83C8DDEB, 0xFFB4DAF8,
  0xD8A6D6FB, 0xB0C9E9FA, 0x00FFFFFF, 0x00FFFFFF, 0x00000000, 0x00000000, 0x00000000, 0x00000000,
  0x00000000, 0x0FEEFFFF, 0x97C3E0F8, 0xF767B4F6, 0xFF58A9EE, 0xF95CAAEB, 0xFF58AEFB, 0xD775BAF9,
  0x1DFFFFDB, 0x00000000, 0x00FFFFFF, 0x00000000, 0xC6ADD9F7, 0xFF47A0F0, 0xFC419FEE, 0xFD459DEC,
  0xFF4399EC, 0xECB1DEFF, 0x00000000, 0x00000000, 0x00000000, 0x067FAAD4, 0x9E9AD0F2, 0xFF4BAEFD,
  0xFF2C91EE, 0xFF3195EA, 0xFA2C94E2, 0xFD2F8FE2, 0xFF8FDAFF, 0x7FFCFFF8, 0x00000000, 0x00000000,
  0x00000000, 0x00000000, 0x00000000, 0x00000000, 0x00000000, 0x00000000, 0x00000000, 0x00000000,
  0x00000000, 0x00000000, 0x00000000, 0x00000000, 0x00FFFFFF, 0x73EDF6FA, 0xF799C8F1, 0xF46EB1F2,
  0xFE5FAEF8, 0xFF8ED2FF, 0xD7A4D0F9, 0x67CDE1EB, 0x00000000, 0x00000000, 0x00000000, 0x00FFFFFF,
  0x00FFFFFF, 0x00000000, 0x4FE5F2F5, 0xE18DC7F4, 0xFF58B2FF, 0xFA59AAEA, 0xF75BA9ED, 0xFF6AC2FF,
  0x8799CFFD, 0x1DFFFFF6, 0x00000000, 0x00FFFFFF, 0xFFA6D8FD, 0xF53F93E1, 0xFF43A1EA, 0xFF46A3F1,
  0xFF47A6FD, 0xBFA5D5F9, 0x00080000, 0x00000000, 0x00000000, 0x65EAF7FC, 0xFF6CB3EE, 0xF9298CE8,
  0xFB2D90ED, 0xFE2E96ED, 0xFF2992F1, 0xFF52B0FF, 0x8797D3F7, 0x16E7F3FF, 0x00000000, 0x00000000,
  0x00000000, 0x00000000, 0x00000000, 0x00000000, 0x00000000, 0x00000000, 0x00000000, 0x00000000,
  0x00000000, 0x00000000, 0x00000000, 0x00000000, 0x00000000, 0x92D1EBF6, 0xFF8FD7FF, 0xF964B2F4,
  0xFA70B4EF, 0xFD6FB2F2, 0xFD68B2F1, 0xFF98D3FB, 0x9AC1E4FB, 0x2CE2F3F9, 0x00000000, 0x00000000,
  0x00000000, 0x00000000, 0x03AAFFFF, 0x85B9D8EF, 0xFA67B1F1, 0xFF51A6EE, 0xFB5AA7EA, 0xFF5CB0FD,
  0xE37ABBF7, 0x00FFFFFF, 0x00FFFFFF, 0x00070000, 0xDC80C2FF, 0xFF47A4FC, 0xFA49A2EB, 0xFA419CE9,
  0xFC59ABF1, 0x7ABEE1F8, 0x00000000, 0x00000000, 0x2ABCDAE6, 0xDA79BCF0, 0xFF309DFA, 0xFE3091E6,
  0xFE2E96EB, 0xF9268CE5, 0xFF4FA3F5, 0xB29CCCF3, 0x00060000, 0x00000000, 0x00000000, 0x00000000,
  0x00000000, 0x00000000, 0x00000000, 0x00000000, 0x00000000, 0x00000000, 0x00000000, 0x00000000,
  0x00000000, 0x00000000, 0x00000000, 0x00000000, 0x00000000, 0x68BCDFF5, 0xFF8BD2FF, 0xF368B0F0,
  0xFE6FB1EB, 0xFF71B6F3, 0xFA66B0EE, 0xFF6EBDFE, 0xFF83C3F9, 0xC8ACD8F9, 0x00FFFFFF, 0x00FFFFFF,
  0x00000000, 0x0100FFFF, 0x00000000, 0x56ABD2ED, 0xFF9CDFFF, 0xF94C9FEB, 0xFE5FA8E8, 0xF452A7F2,
  0xFF83CCFF, 0xA2C0DFF8, 0x00000000, 0x1CFFFFEC, 0xCAA4D0F6, 0xFF3A99F0, 0xF944A1EF, 0xF72F8DE6,
  0xFF7AC3FF, 0x4CD6F8FF, 0x00000000, 0x00000000, 0xB095CCF3, 0xFF40A1F1, 0xF7248EEA, 0xFE3394E9,
  0xFC2A94EB, 0xFF339FFD, 0xD582C0F6, 0x32BCD6EA, 0x00000000, 0x00000000, 0x00000000, 0x00000000,
  0x00000000, 0x00000000, 0x00000000, 0x00000000, 0x00000000, 0x00000000, 0x00000000, 0x00000000,
  0x00000000, 0x00000000, 0x00000000, 0x00FFFFFF, 0x00000000, 0x00FFFFFF, 0xC0B1E0FC, 0xFF96D4FF,
  0xFF67B2FA, 0xF96CB2F3, 0xFF71B3F1, 0xFE6CB4F6, 0xF867ADEA, 0xFF87D3FF, 0xD09BD0FA, 0x68BADAF2,
  0x00000000, 0x00000000, 0x00000000, 0x00000000, 0xC19AC8F4, 0xFF68B6FC, 0xFC50A6ED, 0xF6419BEF,
  0xFC74B7F1, 0x6CC3E5FA, 0x00000000, 0x00000000, 0x00FFFFFF, 0xC98ACAF8, 0xFF7CD3FF, 0xFF78B9F1,
  0xD8B4D8EE, 0x1AFFFFF5, 0x00000000, 0x63C6E5FF, 0xFF6EC7FF, 0xFE1E90F0, 0xFF3396EC, 0xFA2F90E8,
  0xF92E8FEA, 0xFD6EB4F0, 0x5AEEF9F9, 0x00000000, 0x00000000, 0x00000000, 0x00000000, 0x00000000,
  0x00000000, 0x00000000, 0x0D9CC4EB, 0x64F4F7F2, 0xB7CBE3F2, 0x00000000, 0x00000000, 0x00000000,
  0x00000000, 0x00000000, 0x00000000, 0x00FFFFFF, 0x00FFFFFF, 0x00040200, 0x22CAE1F0, 0x9ACEE4F1,
  0xEA8CC7FA, 0xFF7CBFFB, 0xFB64ABEE, 0xFE6DB5F6, 0xFD6DB2EF, 0xFD6CB5F3, 0xFF6DB1ED, 0xFF95DBFF,
  0x80BDE3FF, 0x2DD1E2EE, 0x00000000, 0x00000000, 0x4189B4DF, 0xFE92C4EA, 0xFF6FC2FF, 0xFF81BFF9,
  0xF6B5D8F3, 0x00FFFFFF, 0x00000000, 0x00000000, 0x00030100, 0x00FFFFFF, 0x46DEF4FF, 0x56F9F6F9,
  0x1ECCE5EE, 0x00000000, 0x00000000, 0x84A8D6F9, 0xFF3F9FF3, 0xF43295EA, 0xFE3596E7, 0xFF2992EC,
  0xFF4AADFF, 0x96A6D6F8, 0x01000000, 0x00000000, 0x00000000, 0x00000000, 0x00000000, 0x00000000,
  0x00000000, 0x5C9BCAEE, 0xCE9DC9EE, 0xFF73B9EE, 0xFA3B95E3, 0x00000000, 0x00000000, 0x00000000,
  0x00000000, 0x00000000, 0x00000000, 0x00000000, 0x00FFFFFF, 0x00000000, 0x00000000, 0x00020000,
  0x6CC6E9FF, 0xFFBCE5FF, 0xFF71BAF9, 0xFA68B3F2, 0xFD6EB1ED, 0xFE6FB5F4, 0xFA6BAEED, 0xFF70B9FB,
  0xFF7DBCF3, 0xE59BCBF2, 0x2FF4FFF9, 0x00FFFFFF, 0x00000000, 0x00FFFFFF, 0x6BCFEEFF, 0x75E2EBEF,
  0x32C6DBEF, 0x00000000, 0x00000000, 0x00000000, 0x00000000, 0x00000000, 0x00FFFFFF, 0x00FFFFFF,
  0x00FFFFFF, 0x00000000, 0x00000000, 0x61DFF1FC, 0xEE499FE6, 0xFF2A9AF9, 0xF31080E5, 0xFF4BA2EE,
  0xB89DCEF3, 0x00FFFFFF, 0x00000000, 0x00000000, 0x00000000, 0x00FFFFFF, 0x00000000, 0x4270B9EF,
  0xAB75B4E8, 0xFF59AFF5, 0xFF2A93E8, 0xFF0480E5, 0xFE1B87E7, 0xF81586EE, 0x00000000, 0x00000000,
  0x00000000, 0x00000000, 0x00000000, 0x00000000, 0x00000000, 0x00000000, 0x00000000, 0x00000000,
  0x00000000, 0x00FFFFFF, 0xB8A9D4F3, 0xFF98D4FF, 0xFF6DBCFF, 0xF967B1F0, 0xFF72B4EF, 0xFE72B4EF,
  0xF964ACEE, 0xFF80CEFF, 0xD2A8D9FF, 0x00FFFFFF, 0x00000000, 0x00000000, 0x00000000, 0x00000000,
  0x00000000, 0x00FFFFFF, 0x00FFFFFF, 0x00000000, 0x00000000, 0x00000000, 0x00000000, 0x00000000,
  0x00000000, 0x00000000, 0x00000000, 0x25CEDCF1, 0xB3B0D8F6, 0xE977C0FF, 0xFF7AC3FE, 0xE090C6EC,
  0x41C0DFEF, 0x00000000, 0x00000000, 0x00FFFFFF, 0x00FFFFFF, 0x7AB3DBF6, 0xBB72B9F5, 0xFF5EBAFF,
  0xFF3398F4, 0xFF1084F2, 0xFF1585E9, 0xFC1B8DEB, 0xFE248BEE, 0xFC1F88EE, 0x00000000, 0x00000000,
  0x00000000, 0x00000000, 0x00000000, 0x00000000, 0x00000000, 0x00000000, 0x00000000, 0x00000000,
  0x00000000, 0x00000000, 0x010000FF, 0x53E9F8FB, 0xDD93CCFA, 0xFF7DC4FD, 0xFE61AFF0, 0xFE6CB3F0,
  0xF971B3F0, 0xFA6CB4F7, 0xFF96D0FF, 0x2ACEE6F8, 0x00000000, 0x00000000, 0x00000000, 0x00000000,
  0x00000000, 0x00000000, 0x00000000, 0x00000000, 0x00000000, 0x00000000, 0x00000000, 0x00000000,
  0x00000000, 0x00000000, 0x00000000, 0x00000000, 0x00FFFFFF, 0x00FFFFFF, 0x4DE1EEF1, 0x00000000,
  0x00000000, 0x027FFFFF, 0x2DFFFFE8, 0x7EBADCF2, 0xD574B9F3, 0xFF3E9EF0, 0xFF32A0FF, 0xF71184E8,
  0xFD1083E9, 0xFD2089EA, 0xFA2288E3, 0xFC2089E4, 0xFD0A78E4, 0xFB1D83E6, 0xD366ACF0, 0x00000000,
  0x00000000, 0x00000000, 0x00000000, 0x00000000, 0x00000000, 0x00000000, 0x00000000, 0x00000000,
  0x00000000, 0x00000000, 0x00000000, 0x00000000, 0x48BFDFF7, 0xFFC1ECFF, 0xFF72B7F1, 0xFE68B0F0,
  0xFF6DB4F3, 0xFD5BA9F0, 0xF99FCBF1, 0x00FFFFFF, 0x00000000, 0x00000000, 0x00000000, 0x00000000,
  0x00000000, 0x00000000, 0x00000000, 0x00000000, 0x00000000, 0x00000000, 0x00000000, 0x00000000,
  0x00000000, 0x00000000, 0x00000000, 0x00000000, 0x00000000, 0x00000000, 0x00000000, 0x00000000,
  0x00FFFFFF, 0x86BAD7F1, 0xB35CAAF5, 0xF23296F0, 0xFF1F96FF, 0xF81A8BED, 0xF91586EA, 0xFE1F8AE9,
  0xFC1B88E8, 0xF71987E7, 0xFF1991F5, 0xFF1189EE, 0xFF50A3E9, 0xFF9ADAFF, 0x65D6EAF2, 0x00000000,
  0x00000000, 0x00000000, 0x00000000, 0x00000000, 0x00000000, 0x00000000, 0x00000000, 0x00000000,
  0x00000000, 0x00000000, 0x00000000, 0x00000000, 0x00000000, 0x00FFFFFF, 0x7BB4D1EA, 0xFFADE3FF,
  0xFF83C3F9, 0xFE99C5EC, 0xB5CAE7F7, 0x00FFFFFF, 0x00000000, 0x00000000, 0x00000000, 0x00000000,
  0x00000000, 0x00000000, 0x00000000, 0x00000000, 0x00000000, 0x00000000, 0x00000000, 0x00000000,
  0x00000000, 0x00000000, 0x00000000, 0x00000000, 0x00000000, 0x00000000, 0x00000000, 0x00010000,
  0xA7B8D7EF, 0xF63C9CF5, 0xFF1692FF, 0xFE208BEB, 0xF81B8AEB, 0xFC1D8BE7, 0xFE1C86E3, 0xF71383E5,
  0xFF218EEC, 0xFF30A4FF, 0xD53FA6FB, 0xC282C2F4, 0x92CEE4EF, 0x3AB8DBED, 0x00000000, 0x00000000,
  0x00000000, 0x00000000, 0x00FFFFFF, 0x00FFFFFF, 0x00000000, 0x00000000, 0x00000000, 0x00000000,
  0x00000000, 0x00000000, 0x00000000, 0x010000FF, 0x00000000, 0x00000000, 0x09E2FFFF, 0x64F7FFFF,
  0x7EE4F4FA, 0x45CBDDEC, 0x00000000, 0x00000000, 0x00000000, 0x00000000, 0x00000000, 0x00000000,
  0x00000000, 0x00000000, 0x00000000, 0x00000000, 0x00000000, 0x00000000, 0x00000000, 0x00000000,
  0x00000000, 0x00000000, 0x00000000, 0x00000000, 0x00000000, 0x00000000, 0x00000000, 0x00FFFFFF,
  0xD793C0E7, 0xFF2294FC, 0xF32189E4, 0xFB228CE7, 0xFF2087E8, 0xFE0A7FE3, 0xFF1B88E6, 0xFF3CA9FF,
  0xEC52ABF8, 0x9473BBF8, 0x2CFFFFF9, 0x1AFFFFF5, 0x00000000, 0x00000000, 0x00000000, 0x00000000,
  0x00000000, 0x4AE6F1ED, 0x81DBEBF7, 0xEED0EDFF, 0xB5DBF2FF, 0x8FCDE4F9, 0x5ADFEEF9, 0x47F7FFFF,
  0x1AFFFFEB, 0x05FFFF99, 0x00000000, 0x00050000, 0x00000000, 0x01FFFF00, 0x00000000, 0x00000000,
  0x00FFFFFF, 0x00000000, 0x00000000, 0x00000000, 0x00000000, 0x00000000, 0x00000000, 0x00000000,
  0x00000000, 0x00000000, 0x00000000, 0x00000000, 0x00000000, 0x00000000, 0x00000000, 0x00000000,
  0x00000000, 0x00000000, 0x00000000, 0x00000000, 0x00000000, 0x00000000, 0x00000000, 0x00FFFFFF,
  0xBBB5D7F4, 0xFA1383EF, 0xF7158CF3, 0xFF0680EC, 0xFB107EE4, 0xFF4EB4FF, 0xFF55A8E9, 0x9976BAF1,
  0x54E6F2FB, 0x00FFFFFF, 0x00000000, 0x00000000, 0x00000000, 0x00000000, 0x00000000, 0x00000000,
  0x1FFFFFF6, 0xDCB7D9F4, 0xEC8AC2F8, 0xFF8ED1FF, 0xFF86BFF5, 0xFF98D1FF, 0xF594C9F6, 0xFFB6ECFF,
  0xF99DCDF6, 0xE1A7D1F8, 0xFDB3D8FB, 0xDCB2D8F9, 0xC5C3E5FD, 0xADCBE8FA, 0x57F0FCFF, 0x0DC4D7EB,
  0x00000000, 0x00000000, 0x00000000, 0x00000000, 0x00000000, 0x00000000, 0x00000000, 0x00000000,
  0x00000000, 0x00000000, 0x00000000, 0x00000000, 0x00000000, 0x00000000, 0x00000000, 0x00000000,
  0x00000000, 0x00000000, 0x00000000, 0x00000000, 0x00000000, 0x00000000, 0x00000000, 0x00000000,
  0x3FFFFFEA, 0xB779B7EF, 0xFF67CDFF, 0xF3419AE6, 0xFF81BEEC, 0xA2A3D6FA, 0x205FAFEF, 0x00000000,
  0x00FFFFFF, 0x00000000, 0x00000000, 0x00000000, 0x00000000, 0x00000000, 0x00000000, 0x00000000,
  0x8CE0F5FF, 0xFFA7E5FF, 0xFD7DBEF9, 0xFA7FBEEE, 0xFD7CBBF4, 0xFC7DBFEE, 0xFB7ABCF2, 0xF574B9F0,
  0xFF7DBFF5, 0xFD7BBBF2, 0xFF87C4F8, 0xF673B6EE, 0xFF84C2F8, 0xFF8DD4FF, 0xFE97C8F2, 0x89A5CEEE,
  0x00000000, 0x00000000, 0x00000000, 0x00000000, 0x00000000, 0x00000000, 0x00000000, 0x00000000,
  0x00000000, 0x00000000, 0x00000000, 0x00000000, 0x00000000, 0x00000000, 0x00000000, 0x00000000,
  0x00000000, 0x00000000, 0x00000000, 0x00000000, 0x00000000, 0x00000000, 0x00000000, 0x00000000,
  0x00FFFFFF, 0x00FFFFFF, 0x60D1F1FF, 0x4CEEF1EE, 0x35C0DDEB, 0x00000000, 0x00080300, 0x00FFFFFF,
  0x00000000, 0x00000000, 0x00000000, 0x00000000, 0x00000000, 0x00000000, 0x00000000, 0x00000000,
  0xCBD4ECFB, 0xFF86C2F6, 0xF975B6F2, 0xFC84BDEF, 0xFF80BFF5, 0xFF80BEF4, 0xFF88BFF2, 0xFF84BDF0,
  0xFF81C1FA, 0xFF81C0F6, 0xFE82BFF0, 0xFF82C0F1, 0xFC7EBCF2, 0xFD80BFF4, 0xF477B7EE, 0xFFBBECFF,
  0x37D0F1FF, 0x00000000, 0x00000000, 0x00000000, 0x00000000, 0x00000000, 0x00000000, 0x00000000,
  0x00000000, 0x00000000, 0x00000000, 0x00000000, 0x00000000, 0x00000000, 0x00000000, 0x00000000,
  0x00000000, 0x00000000, 0x00000000, 0x00000000, 0x00000000, 0x00000000, 0x00000000, 0x00000000,
  0x00000000, 0x17FFFFF3, 0x00040100, 0x00000000, 0x00000000, 0x00FFFFFF, 0x00FFFFFF, 0x00FFFFFF,
  0x00000000, 0x00000000, 0x08DFFFFF, 0x00000000, 0x00000000, 0x00000000, 0x00FFFFFF, 0x00000000,
  0x79D4ECF8, 0xFFBBE5FF, 0xFFA3DDFF, 0xF67EB9F1, 0xFF7DC3FD, 0xF976BDF5, 0xFF7BBAF0, 0xF879BAEF,
  0xF874B9F1, 0xFA81BEF1, 0xFB7CBBF0, 0xFC84BDEF, 0xFB79BCF3, 0xFA80C1F2, 0xFF7ABEF8, 0xFFB9EBFF,
  0x43EBFBF7, 0x00000000, 0x00000000, 0x00000000, 0x00000000, 0x00000000, 0x00000000, 0x00000000,
  0x00000000, 0x00000000, 0x00000000, 0x00000000, 0x00000000, 0x00000000, 0x00000000, 0x00000000,
  0x00000000, 0x00000000, 0x00000000, 0x00000000, 0x00000000, 0x00000000, 0x00000000, 0x00000000,
  0x00000000, 0x00000000, 0x00FFFFFF, 0x00FFFFFF, 0x89D7EEF9, 0x00FFFFFF, 0x00FFFFFF, 0x00000000,
  0x00FFFFFF, 0x00FFFFFF, 0x000A0200, 0x00000000, 0x00000000, 0x00000000, 0x00000000, 0x00000000,
  0x00000000, 0x00FFFFFF, 0x83DBF3FF, 0xD9BDDCF5, 0xE0ABD4F7, 0xFFB8E0FF, 0xFBA8D2FA, 0xFFACE2FF,
  0xFF9FD2FB, 0xFFA4E0FF, 0xFF93CCF9, 0xFF91D5FF, 0xFF8ED4FF, 0xFF89CAFF, 0xEB9BCAFA, 0xA3C6E4FB,
  0x00000000, 0x00000000, 0x00000000, 0x00000000, 0x00000000, 0x00000000, 0x00000000, 0x00000000,
  0x00000000, 0x00000000, 0x00000000, 0x00000000, 0x00000000, 0x00000000, 0x00000000, 0x00000000,
  0x00000000, 0x00000000, 0x00000000, 0x00000000, 0x00000000, 0x00000000, 0x00000000, 0x00000000,
  0x00000000, 0x00000000, 0x9377B7E8, 0xEE459CE3, 0xFF45A6FF, 0xFA3B95ED, 0xFF6CC0FF, 0xF461ACEE,
  0xF682BFF7, 0xCA94D1FC, 0xB39BCFF3, 0xA5B0DEF8, 0x8F9CD0F7, 0xA9DCF2FA, 0x6BCAE7F5, 0x00FFFFFF,
  0x00000000, 0x00000000, 0x00000000, 0x00FFFFFF, 0x00000000, 0x11FFFFE1, 0x31FFFFF9, 0x45ECF7FF,
  0x58F0F6F9, 0x77C7E5F8, 0x8BDCEEF3, 0x65BADEF7, 0xA3BBD9F2, 0x9DBCDBF6, 0x82DDE9EF, 0x2BEDF3F3,
  0x00000000, 0x00000000, 0x00000000, 0x00000000, 0x00000000, 0x00000000, 0x00000000, 0x00000000,
  0x00000000, 0x00000000, 0x00000000, 0x00000000, 0x00000000, 0x00000000, 0x00000000, 0x00000000,
  0x00000000, 0x00000000, 0x00000000, 0x00000000, 0x00000000, 0x00000000, 0x00000000, 0x00000000,
  0x00FFFFFF, 0xA5B7E6FF, 0xFF40A8FF, 0xFE057DE6, 0xF80071E5, 0xFE0076E4, 0xF70072E2, 0xFF0778E2,
  0xF30068E1, 0xFF1080EA, 0xFF006FE4, 0xFF1889E9, 0xFF1489F0, 0xFF3A99F2, 0xFF3496EB, 0xE468ADEE,
  0x00000000, 0x00000000, 0x00000000, 0x00000000, 0x00000000, 0x00000000, 0x00000000, 0x00000000,
  0x00000000, 0x00000000, 0x00000000, 0x00000000, 0x00000000, 0x00000000, 0x00000000, 0x00000000,
  0x00000000, 0x00000000, 0x00000000, 0x00000000, 0x00000000, 0x00000000, 0x00000000, 0x00000000,
  0x00000000, 0x00000000, 0x00000000, 0x00000000, 0x00000000, 0x00000000, 0x00000000, 0x00000000,
  0x00000000, 0x00000000, 0x00000000, 0x00000000, 0x00000000, 0x00000000, 0x00000000, 0x00000000,
  0x00FFFFFF, 0xC395CAF4, 0xFF017BEF, 0xF7047EEC, 0xFF077BE3, 0xFF0581E3, 0xFF0280EA, 0xFF0581ED,
  0xFF0482EA, 0xFC027DE8, 0xFE067EE9, 0xFC017AE2, 0xFD0680E9, 0xF90076E6, 0xF90075E2, 0xFF0069DF,
  0x00000000, 0x00000000, 0x00000000, 0x00000000, 0x00000000, 0x00000000, 0x00000000, 0x00000000,
  0x00000000, 0x00000000, 0x00000000, 0x00000000, 0x00000000, 0x00000000, 0x00000000, 0x00000000,
  0x00000000, 0x00000000, 0x00000000, 0x00000000, 0x00000000, 0x00000000, 0x00000000, 0x00000000,
  0x00000000, 0x00000000, 0x00000000, 0x00000000, 0x00000000, 0x00000000, 0x00000000, 0x00000000,
  0x00000000, 0x00000000, 0x00000000, 0x00000000, 0x00000000, 0x00000000, 0x00000000, 0x00000000,
  0x08DFDFDF, 0xACC8E1ED, 0xFE2283DC, 0xFF0075E7, 0xF80076E3, 0xFB0075DF, 0xFE087FE8, 0xFB0279E8,
  0xFF077EE9, 0xFD047AE7, 0xFF057FE7, 0xFE077EE1, 0xFF067DEB, 0xFF0781EC, 0xFD0480E1, 0xFF0076E0,
  0x00000000, 0x00000000, 0x00000000, 0x00000000, 0x00000000, 0x00000000, 0x00000000, 0x00000000,
  0x00000000, 0x00000000, 0x00000000, 0x20EFF7F7, 0x2DFFFFF9, 0x80CFEBFD, 0xC1C3E0F5, 0x8ED3E9F9,
  0x22D9F0FF, 0x00000000, 0x00000000, 0x00000000, 0x00000000, 0x00000000, 0x00000000, 0x00000000,
  0x00000000, 0x00000000, 0x00000000, 0x00000000, 0x00000000, 0x00000000, 0x00000000, 0x00000000,
  0x00000000, 0x00000000, 0x00000000, 0x00000000, 0x00000000, 0x00000000, 0x00000000, 0x00FFFFFF,
  0x00000000, 0x4FF5F8F2, 0xC589C3F2, 0xFF56B1FE, 0xFF2D9AF8, 0xFF3091EB, 0xFF1589F2, 0xFF1584E6,
  0xFF007AEC, 0xFF087CE6, 0xF60069DB, 0xFF027DE3, 0xFB0071E5, 0xFF0478E4, 0xFF0077EA, 0xFF1380EA,
  0x00000000, 0x00000000, 0x00000000, 0x00000000, 0x00000000, 0x00000000, 0x00000000, 0x00000000,
  0x00000000, 0x17D2DDF3, 0x65DEEDF4, 0xC0C9E5FB, 0xD3B7D9FA, 0xFFB0E5FF, 0xFFB2E9FF, 0xFFB2E1FF,
  0xBABFDCF4, 0x00000000, 0x00000000, 0x00000000, 0x00000000, 0x00000000, 0x00000000, 0x00000000,
  0x00000000, 0x00000000, 0x00000000, 0x00000000, 0x00000000, 0x00000000, 0x00000000, 0x00000000,
  0x00000000, 0x00000000, 0x00000000, 0x00000000, 0x00000000, 0x00000000, 0x00FFFFFF, 0x00FFFFFF,
  0x00FFFFFF, 0x00000000, 0x00060000, 0x00FFFFFF, 0x6ACEEEF7, 0x86D7F1FD, 0x8888C3F0, 0xB1B2DAF4,
  0xC990C9F6, 0xD173BDF1, 0xF476BBEE, 0xF15EAFED, 0xFB4FA2E7, 0xFF3496E4, 0xFF56BAFF, 0xA9579EE0,
  0x00000000, 0x00000000, 0x00000000, 0x00000000, 0x00000000, 0x00000000, 0x00000000, 0x03AAAAFF,
  0x5BCCE0F3, 0xACC3DBF3, 0xEDB4D8FA, 0xFFA3D1FD, 0xFFA5D5FF, 0xF799C9F5, 0xF99BC6F1, 0xF593C6F4,
  0xFFD3F8FF, 0x3CE1F2FA, 0x00000000, 0x00000000, 0x00000000, 0x00000000, 0x00000000, 0x00000000,
  0x00000000, 0x00000000, 0x00000000, 0x00000000, 0x00000000, 0x00000000, 0x00000000, 0x00000000,
  0x00000000, 0x00000000, 0x00000000, 0x00000000, 0x00000000, 0x00000000, 0x00000000, 0x00000000,
  0x00000000, 0x00000000, 0x00000000, 0x00000000, 0x00000000, 0x00000000, 0x00000000, 0x00000000,
  0x00160C02, 0x00070200, 0x00FFFFFF, 0x00FFFFFF, 0x00FFFFFF, 0x00FFFFFF, 0x5BBEE5F3, 0x00000000,
  0x00000000, 0x00000000, 0x00000000, 0x00000000, 0x00000000, 0x00000000, 0x68BCDFF7, 0xE9BEDFF9,
  0xFFBEE4FF, 0xF7A5D2FF, 0xFFA3D6FF, 0xFC9DCAF3, 0xF89AC7EF, 0xF89DC9F2, 0xFF9AC8F3, 0xFF94CDFD,
  0xC3C2E4FF, 0x00FFFFFF, 0x00000000, 0x00000000, 0x00000000, 0x00000000, 0x00000000, 0x00000000,
  0x00000000, 0x00000000, 0x00000000, 0x00000000, 0x00000000, 0x00000000, 0x00000000, 0x00000000,
  0x00000000, 0x00000000, 0x00000000, 0x00000000, 0x00000000, 0x00000000, 0x00000000, 0x00000000,
  0x00000000, 0x00000000, 0x00000000, 0x00000000, 0x00FFFFFF, 0x00000000, 0x0100FFFF, 0x00000000,
  0x00000000, 0x00000000, 0x00000000, 0x00000000, 0x00000000, 0x00000000, 0x00000000, 0x00000000,
  0x00000000, 0x00000000, 0x00000000, 0x00080300, 0x55BDDEFC, 0xC2AEDAFD, 0xFFC0EFFF, 0xFFA5D2FC,
  0xFC90C3F1, 0xFF9BCBF7, 0xF89AC9F1, 0xF699CAF2, 0xFE9CCFF7, 0xFFA8E1FF, 0xFAA1D2F9, 0xFFCCFAFF,
  0x86DAEAF5, 0x00FFFFFF, 0x00000000, 0x00FFFFFF, 0x00000000, 0x00000000, 0x00000000, 0x00000000,
  0x00000000, 0x00000000, 0x00000000, 0x00000000, 0x00000000, 0x00000000, 0x00000000, 0x00000000,
  0x00000000, 0x00000000, 0x00000000, 0x00000000, 0x00000000, 0x00000000, 0x00000000, 0x00000000,
  0x00000000, 0x00000000, 0x00000000, 0x00000000, 0x00000000, 0x00000000, 0x00000000, 0x00000000,
  0x00000000, 0x00000000, 0x00000000, 0x00000000, 0x00000000, 0x00000000, 0x00000000, 0x00000000,
  0x00000000, 0x00000000, 0x23CCE9FF, 0xAFBADCFF, 0xFFB3E1FF, 0xFFACDCFF, 0xFC98C6F2, 0xFF9AC7F0,
  0xFE9BCBF3, 0xF898C9F2, 0xF89CCDF6, 0xFFAADFFF, 0xF2A8D9FF, 0xB5B8DEFC, 0x79C8D9E9, 0x5BC6E0F0,
  0x00000000, 0x00000000, 0x00FFFFFF, 0x00000000, 0x00000000, 0x00000000, 0x00000000, 0x00000000,
  0x00000000, 0x00000000, 0x00000000, 0x00000000, 0x00000000, 0x00000000, 0x00000000, 0x00000000,
  0x00000000, 0x00000000, 0x00000000, 0x00000000, 0x00000000, 0x00000000, 0x00000000, 0x00000000,
  0x00000000, 0x00000000, 0x00000000, 0x00000000, 0x00000000, 0x00000000, 0x00000000, 0x00000000,
  0x00000000, 0x00000000, 0x00000000, 0x00000000, 0x00000000, 0x00000000, 0x00000000, 0x00000000,
  0x00000000, 0x00000000, 0x9ACDE6FB, 0xFFCBF8FF, 0xF799C9F1, 0xFD99C9F3, 0xFF9ACAF2, 0xFA94C8F0,
  0xF695CCF4, 0xFFB3E5FF, 0xFFADDBFF, 0xD6BFE1FF, 0x7ED4E8F8, 0x2DEEEEEE, 0x00FFFFFF, 0x00000000,
  0x00000000, 0x11FFFFE1, 0x51E8F2F5, 0x79E9FFFF, 0x4BEAF1FB, 0x00000000, 0x00000000, 0x00000000,
  0x00000000, 0x00000000, 0x00000000, 0x00000000, 0x00000000, 0x00000000, 0x00000000, 0x00000000,
  0x00000000, 0x00000000, 0x00000000, 0x00FFFFFF, 0x00000000, 0x00000000, 0x00000000, 0x00000000,
  0x00000000, 0x00000000, 0x00000000, 0x00000000, 0x00000000, 0x00000000, 0x00000000, 0x00000000,
  0x00000000, 0x00000000, 0x00000000, 0x00000000, 0x00000000, 0x00000000, 0x00000000, 0x00000000,
  0x00000000, 0x00000000, 0xB1D6E9FA, 0xFF9AC9F1, 0xFB99CBF3, 0xFC94C8F5, 0xFA91C6F5, 0xFFA8DAFF,
  0xFFC4F0FF, 0xB3BCDFFF, 0x5DD0EBFF, 0x3EFFFFF6, 0x10EFEFFF, 0x00000000, 0x00000000, 0x00000000,
  0x00000000, 0x84D4EDFF, 0xE1CEEBFF, 0xFFE0FFFF, 0xFFD8F4FF, 0x6CCFE5FA, 0x00000000, 0x00000000,
  0x00000000, 0x00000000, 0x00000000, 0x00000000, 0x00000000, 0x00000000, 0x00000000, 0x00000000,
  0x00000000, 0x00000000, 0x00000000, 0x08DFDFDF, 0x00000000, 0x00000000, 0x00000000, 0x00000000,
  0x00000000, 0x00000000, 0x00000000, 0x00000000, 0x00000000, 0x00000000, 0x00000000, 0x00000000,
  0x00000000, 0x00000000, 0x00000000, 0x00000000, 0x00000000, 0x00000000, 0x00000000, 0x00000000,
  0x00000000, 0x00000000, 0xCDE7F2F5, 0xD7B7D9F1, 0xFFB4E6FF, 0xFFA1CAF3, 0xFFCBF0FF, 0xC7C4E2FC,
  0x66D2E8FF, 0x00000000, 0x00000000, 0x00000000, 0x00000000, 0x00000000, 0x00000000, 0x0CFFFFE9,
  0x9DDEF6FF, 0xFFE0FFFF, 0xFFBADEFC, 0xF2A9D4F9, 0xFFB5DDFF, 0xDCD5EAFC, 0x04BFBFFF, 0x00000000,
  0x00000000, 0x00000000, 0x00000000, 0x00000000, 0x00000000, 0x00000000, 0x00000000, 0x00000000,
  0x00000000, 0x47F7FFFF, 0x9CEEF6FB, 0x29F8F8FF, 0x00FFFFFF, 0x00000000, 0x00000000, 0x00000000,
  0x00000000, 0x00000000, 0x00000000, 0x00000000, 0x00000000, 0x00000000, 0x00000000, 0x00000000,
  0x00000000, 0x00000000, 0x00000000, 0x00000000, 0x00000000, 0x00000000, 0x00000000, 0x00000000,
  0x00000000, 0x00000000, 0x00000000, 0x45F3FBFF, 0xC4D9EFFF, 0xD3D2E5EF, 0x77D8E9F6, 0x00FFFFFF,
  0x00000000, 0x00000000, 0x00000000, 0x00000000, 0x00000000, 0x00000000, 0x00000000, 0x34EBF0FA,
  0xEACBE9FD, 0xF9ABD1F4, 0xFDB3D6F1, 0xFFB4D9F7, 0xFFB5E2FF, 0xECD8EFFD, 0x00FFFFFF, 0x00000000,
  0x00000000, 0x32EFF9FF, 0x9CE1EEF6, 0x6EE7F3FA, 0x27F8FFFF, 0x00000000, 0x00FFFFFF, 0x00FFFFFF,
  0x89F0F9FB, 0x00FFFFFF, 0x00FFFFFF, 0x47E5F4FF, 0x36F5FAFF, 0x00000000, 0x00000000, 0x00000000,
  0x00000000, 0x00000000, 0x00000000, 0x00000000, 0x00000000, 0x00000000, 0x00000000, 0x00000000,
  0x00000000, 0x00000000, 0x00000000, 0x00000000, 0x00000000, 0x00000000, 0x00000000, 0x00000000,
  0x00000000, 0x00000000, 0x00000000, 0x00000000, 0x00FFFFFF, 0x0AE5E5FF, 0x00000000, 0x00000000,
  0x00000000, 0x00000000, 0x00000000, 0x00000000, 0x00000000, 0x00000000, 0x3CE9EEF6, 0xD7CFE6F6,
  0xFFCDF5FF, 0xFCB3D8F7, 0xFBB4D8F4, 0xF5AFD5F6, 0xFFCEEDFF, 0x9CE3F0FA, 0x00000000, 0x00000000,
  0x61ECF9FF, 0xFEE4F6FF, 0x00FFFFFF, 0xFFDDF1FF, 0xE0E4F1FC, 0x00000000, 0x00000000, 0x00000000,
  0x18E9E9F4, 0x7BE1F0FC, 0xFFF6FFFF, 0xFFE8F4FF, 0xFFF8FFFF, 0x00FFFFFF, 0x00000000, 0x00000000,
  0x00000000, 0x00000000, 0x00000000, 0x00000000, 0x00000000, 0x00000000, 0x00000000, 0x00000000,
  0x00000000, 0x00000000, 0x00000000, 0x00000000, 0x00000000, 0x00000000, 0x00000000, 0x00000000,
  0x00000000, 0x00000000, 0x00000000, 0x00000000, 0x00FFFFFF, 0x00000000, 0x00000000, 0x00000000,
  0x00000000, 0x00000000, 0x00000000, 0x00000000, 0x00000000, 0x00000000, 0x99D8F0FF, 0xF9B9E2FD,
  0xFCAAD4F9, 0xFEB3D7F5, 0xFFB2DAFB, 0xFFCDF4FF, 0xBBD2EAFA, 0x24E2E9F7, 0x00000000, 0x08FFDFFF,
  0xD9E8F6FD, 0xFFCFE6FD, 0xF5C6E1FC, 0xF8C6E2FB, 0xFFF3FFFF, 0x5EEEF6FC, 0x00000000, 0x00000000,
  0x24F7FFFF, 0xCAF4FDFF, 0xFFE8F3FE, 0xF8E1EDF9, 0x00FFFFFF, 0x8FF6FFFF, 0x00000000, 0x00000000,
  0x00000000, 0x00000000, 0x00000000, 0x00000000, 0x00000000, 0x00000000, 0x00000000, 0x00000000,
  0x00000000, 0x00000000, 0x00000000, 0x00000000, 0x00000000, 0x00000000, 0x00000000, 0x00000000,
  0x00000000, 0x00000000, 0x00000000, 0x00000000, 0x00000000, 0x00000000, 0x00000000, 0x00000000,
  0x00000000, 0x00000000, 0x00000000, 0x00000000, 0x06FFD4D4, 0x83E1E9F5, 0xFFE0FFFF, 0xFFB7DEFD,
  0xFAB6D7F7, 0xF6B2D2F8, 0xFEB4DAFC, 0xD4CDE6FA, 0x00FFFFFF, 0x00000000, 0x00000000, 0x00000000,
  0xE3E9F9FD, 0xFFD4EBFF, 0xFFCCE5FC, 0xFECAE3FB, 0xF4DDF0FF, 0x44F7FFFF, 0x00000000, 0x00000000,
  0x46F0F4F7, 0xE9F4FBFD, 0xFFF2FEFF, 0xFBE2EFFC, 0xFDE5F0FB, 0x00FFFFFF, 0x25F8FFFF, 0x00000000,
  0x00000000, 0x00000000, 0x00000000, 0x00000000, 0x00000000, 0x00000000, 0x00000000, 0x00000000,
  0x00000000, 0x00000000, 0x00000000, 0x00000000, 0x00000000, 0x00000000, 0x00000000, 0x00000000,
  0x00000000, 0x00000000, 0x00000000, 0x00000000, 0x00000000, 0x00000000, 0x00000000, 0x00000000,
  0x00000000, 0x00000000, 0x00000000, 0x00000000, 0x00FFFFFF, 0xCFCBE6FB, 0xFDB2D9FA, 0xFBB1D5F3,
  0xFDB7D7F4, 0xFFC5EEFF, 0xF5C9ECFF, 0x5FD6E9F4, 0x00000000, 0x00000000, 0x00000000, 0x23F7FFFF,
  0x00FFFFFF, 0xF8C7DEF6, 0xFFCCE5FA, 0xF8C6DEF6, 0xFFF1FFFF, 0x41F3F7FB, 0x00000000, 0x00000000,
  0x17E8F3F3, 0xD5EFF4FA, 0xFFE8F4FF, 0xFFE4F1FF, 0xFBDFECFB, 0x00FFFFFF, 0x86EAF3F9, 0x00000000,
  0x00000000, 0x00000000, 0x00000000, 0x00000000, 0x00000000, 0x00000000, 0x00000000, 0x00000000,
  0x00000000, 0x00000000, 0x00000000, 0x00000000, 0x00000000, 0x00000000, 0x00000000, 0x00000000,
  0x00000000, 0x00000000, 0x00000000, 0x00000000, 0x00000000, 0x00000000, 0x00000000, 0x00000000,
  0x00000000, 0x00000000, 0x00000000, 0x2BE7E7ED, 0xF2CDE3F3, 0xFFCDF8FF, 0xFAB1DBF7, 0xFBB1D8F5,
  0xF8ABD5FA, 0xF8BDE3FB, 0x5EDEEEF6, 0x00000000, 0x00000000, 0x00000000, 0x00000000, 0x00FFFFFF,
  0xECDCF0FF, 0xFECAE3FA, 0xFFCCE6FD, 0xFFD1E9FD, 0xF2E8F9FF, 0x00FFFFFF, 0x00000000, 0x00000000,
  0x00000000, 0x7DECF0F6, 0x00FFFFFF, 0xFBE4F0FD, 0xFBE5F1FF, 0xFFEEF9FF, 0xDCECF5FB, 0x30E9F4F9,
  0x00000000, 0x00000000, 0x00000000, 0x00000000, 0x00000000, 0x00000000, 0x00000000, 0x00000000,
  0x00000000, 0x00000000, 0x00000000, 0x00000000, 0x00000000, 0x00000000, 0x00000000, 0x00000000,
  0x00000000, 0x00000000, 0x00000000, 0x00000000, 0x00000000, 0x00000000, 0x00000000, 0x00000000,
  0x00000000, 0x00000000, 0x00000000, 0x6CD4E9FC, 0xFCBEDEF9, 0xFAADD7F8, 0xFEB6D7F3, 0xFEB4D7F6,
  0xFFD5FFFF, 0xACCFEAF9, 0x18E9E9F4, 0x00000000, 0x00000000, 0x00000000, 0x00000000, 0x5AEEFCFF,
  0xFFE7FEFF, 0xF9C8E2F9, 0xFFCDE6FE, 0xFDCFE6F9, 0xD1E9F8FF, 0x00000000, 0x00000000, 0x00000000,
  0x00000000, 0x00FFFFFF, 0xFFF1FBFF, 0xEDE6F2FB, 0xFFF0FDFF, 0xFFF1FCFF, 0xF5EFF8FD, 0x8DECF2F9,
  0x00000000, 0x00000000, 0x00000000, 0x00000000, 0x00000000, 0x00000000, 0x00000000, 0x00000000,
  0x00000000, 0x00000000, 0x00000000, 0x00000000, 0x00000000, 0x00000000, 0x00000000, 0x00000000,
  0x00000000, 0x00000000, 0x00000000, 0x00000000, 0x00000000, 0x00000000, 0x00000000, 0x00000000,
  0x00000000, 0x00000000, 0x4ED1E1EB, 0xFFE7FFFF, 0xFFB6DBFF, 0xFCB5D7F9, 0xFCB6D5F8, 0xFFB4D8FB,
  0xCBCCE9FC, 0x02FFFF7F, 0x00000000, 0x00000000, 0x00000000, 0x00000000, 0x00000000, 0x69F0FAFF,
  0xFFD9F0FF, 0xFBC8E1FA, 0xFCC9E2F9, 0xFFD6EFFF, 0xC6E9F7FD, 0x00000000, 0x00000000, 0x00000000,
  0x00000000, 0x00000000, 0x00FFFFFF, 0x43E8F3FF, 0xFFE4EFFF, 0xFAE3EFFC, 0xFFF1FDFF, 0xE4F2F8FC,
  0x31F4F4FF, 0x00000000, 0x00000000, 0x00000000, 0x00000000, 0x00000000, 0x00000000, 0x00000000,
  0x00000000, 0x00000000, 0x00000000, 0x00000000, 0x00000000, 0x00000000, 0x00000000, 0x00000000,
  0x00000000, 0x00000000, 0x00000000, 0x00000000, 0x00000000, 0x00000000, 0x00000000, 0x00000000,
  0x00000000, 0x00000000, 0x55E7F6FF, 0xFAC7E9FF, 0xF8B1D9F7, 0xFBB4D8F0, 0xFFB4DCFB, 0xFFCCF2FF,
  0x5CE0F3FC, 0x00000000, 0x00000000, 0x00000000, 0x00000000, 0x00000000, 0x00000000, 0x7CEAFAFF,
  0xFFEBFFFF, 0xFDCCE2F7, 0xFCCDE3F7, 0xFFD6F0FF, 0x9DE0EEFB, 0x00000000, 0x00FFFFFF, 0x00000000,
  0x00000000, 0x00000000, 0x00FFFFFF, 0x00FFFFFF, 0x00FFFFFF, 0xF7E0EDFD, 0xFFF9FFFF, 0xE7F5FDFF,
  0x57F3F6FC, 0x00FFFFFF, 0x00000000, 0x00000000, 0x00000000, 0x00000000, 0x00000000, 0x00000000,
  0x00000000, 0x00000000, 0x00000000, 0x00000000, 0x00000000, 0x00000000, 0x00000000, 0x00000000,
  0x00000000, 0x00000000, 0x00000000, 0x00000000, 0x00000000, 0x00000000, 0x00000000, 0x00000000,
  0x00000000, 0x00000000, 0x4BF1F8F8, 0xE4C9E4FD, 0xFFCEFAFF, 0xF6A8D4F9, 0xFBBEE0FA, 0xD4DCF0FC,
  0x00020000, 0x00000000, 0x00000000, 0x00000000, 0x00000000, 0x00000000, 0x00000000, 0xB2E8F7FC,
  0xFFDCF7FF, 0xFCCBE2F9, 0xFDCBE1F7, 0xFFDBF0FF, 0x7BE1EEF6, 0x00000000, 0x00000000, 0x00000000,
  0x00000000, 0x00000000, 0x00000000, 0x65F9FFFF, 0x00FFFFFF, 0xF7E4EFFF, 0xFFE6F3FF, 0x42E3EFFB,
  0x00FFFFFF, 0x00000000, 0x00000000, 0x00000000, 0x00000000, 0x00000000, 0x00000000, 0x00000000,
  0x00000000, 0x00000000, 0x00000000, 0x00000000, 0x00000000, 0x00000000, 0x00000000, 0x00000000,
  0x00000000, 0x00000000, 0x00000000, 0x00000000, 0x00000000, 0x00000000, 0x00000000, 0x00000000,
  0x00000000, 0x00000000, 0x0CD4E9FF, 0x4FE8F2F8, 0xB2E0FFFF, 0xFBCFE6F7, 0xBBD4E5F1, 0x31E4EFF9,
  0x00000000, 0x00000000, 0x00000000, 0x00000000, 0x00000000, 0x027F7FFF, 0x00000000, 0xB0E4F6FF,
  0xFFD2EEFF, 0xFDCBE4FA, 0xFAC8E3F9, 0xFFF6FFFF, 0x60F7FFFF, 0x00000000, 0x00FFFFFF, 0x00000000,
  0x00000000, 0x00000000, 0x00000000, 0x00000000, 0x00FFFFFF, 0x00FFFFFF, 0xFFE8F4FF, 0xEDE5EFFA,
  0x00FFFFFF, 0x1AF5FFFF, 0x00000000, 0x00000000, 0x00000000, 0x00000000, 0x00000000, 0x00000000,
  0x00000000, 0x00000000, 0x00000000, 0x00000000, 0x00000000, 0x00000000, 0x00000000, 0x00000000,
  0x00000000, 0x00000000, 0x00000000, 0x00000000, 0x00000000, 0x00000000, 0x00000000, 0x00000000,
  0x00000000, 0x00000000, 0x00000000, 0x00000000, 0x00030101, 0x1FF6EEF6, 0x00000000, 0x00000000,
  0x00000000, 0x00000000, 0x00000000, 0x00000000, 0x00000000, 0x00000000, 0x00FFFFFF, 0xC7EAFBFF,
  0xFFD3EAFD, 0xFEC9E4FC, 0xFBC7E4FC, 0xFADBF1FC, 0x3DF6FAFA, 0x00000000, 0x00000000, 0x00000000,
  0x00000000, 0x00000000, 0x00000000, 0x0CE9E9E9, 0x96F4F8FB, 0x00FFFFFF, 0xF5E4F2FF, 0xFFE9F9FF,
  0x00FFFFFF, 0x00FFFFFF, 0x00000000, 0x00000000, 0x00000000, 0x00000000, 0x00000000, 0x00000000,
  0x00000000, 0x00000000, 0x00000000, 0x00000000, 0x00000000, 0x00000000, 0x00000000, 0x00000000,
  0x00000000, 0x00000000, 0x00000000, 0x00000000, 0x00000000, 0x00000000, 0x00000000, 0x00000000,
  0x00000000, 0x00000000, 0x00000000, 0x00000000, 0x00000000, 0x00000000, 0x00000000, 0x00000000,
  0x00000000, 0x00000000, 0x00000000, 0x00000000, 0x00000000, 0x00000000, 0x17FFFFF3, 0xEFDEF0FB,
  0xFEC9E2FA, 0xFFCCE7FF, 0xF5C5E3FB, 0xFFF9FFFF, 0x4BEAF8FB, 0x00000000, 0x00000000, 0x00000000,
  0x00000000, 0x00000000, 0x00000000, 0x00000000, 0x00FFFFFF, 0x76F6FFFF, 0x50E2F2FF, 0xFFF2FFFF,
  0xADEBF4FA, 0x00FFFFFF, 0x00000000, 0x00000000, 0x00000000, 0x00000000, 0x00000000, 0x00000000,
  0x00000000, 0x00000000, 0x00000000, 0x00000000, 0x00000000, 0x00000000, 0x00000000, 0x00000000,
  0x00000000, 0x00000000, 0x00000000, 0x00000000, 0x00000000, 0x00000000, 0x00000000, 0x00000000,
  0x00000000, 0x00000000, 0x00000000, 0x00000000, 0x00000000, 0x00000000, 0x00000000, 0x00000000,
  0x00000000, 0x00000000, 0x00000000, 0x00000000, 0x00000000, 0x00000000, 0x00000000, 0xF0DDF0FB,
  0xFFD3EDFF, 0xF7C7E1F9, 0xFECDE5FB, 0xEBE3F1FC, 0x00FFFFFF, 0x00000000, 0x00000000, 0x00000000,
  0x00000000, 0x00000000, 0x00000000, 0x00000000, 0x00FFFFFF, 0x17E8F3FF, 0x20FFF7F7, 0xC3ECF1F8,
  0x00000000, 0x00000000, 0x00000000, 0x00000000, 0x00000000, 0x00000000, 0x00000000, 0x00000000,
  0x00000000, 0x00000000, 0x00000000, 0x00000000, 0x00000000, 0x00000000, 0x00000000, 0x00000000,
  0x00000000, 0x00000000, 0x00000000, 0x00000000, 0x00000000, 0x00000000, 0x00000000, 0x00000000,
  0x00000000, 0x00000000, 0x00000000, 0x00000000, 0x00000000, 0x00000000, 0x00000000, 0x00000000,
  0x00000000, 0x00000000, 0x00000000, 0x00000000, 0x00000000, 0x00000000, 0x00000000, 0x82EBFBFF,
  0x00FFFFFF, 0xFFD5EDFF, 0xFFF0FFFF, 0xC5DFEBF5, 0x0EECFFFF, 0x0100FFFF, 0x00000000, 0x00000000,
  0x00000000, 0x00000000, 0x00000000, 0x00000000, 0x00000000, 0x00000000, 0x00000000, 0x00000000,
  0x00000000, 0x00000000, 0x00000000, 0x00000000, 0x00000000, 0x00000000, 0x00000000, 0x00000000,
  0x00000000, 0x00000000, 0x00000000, 0x00000000, 0x00000000, 0x00000000, 0x00000000, 0x00000000,
  0x00000000, 0x00000000, 0x00000000, 0x00000000, 0x00000000, 0x00000000, 0x00000000, 0x00000000,
  0x00000000, 0x00000000, 0x00000000, 0x00000000, 0x00000000, 0x00000000, 0x00000000, 0x00000000,
  0x00000000, 0x00000000, 0x00000000, 0x00000000, 0x00000000, 0x00000000, 0x00000000, 0x00000000,
  0x60F1FCFF, 0xA7E8F7FF, 0x86E0F3FF, 0x00000000, 0x00000000, 0x00000000, 0x00000000, 0x00000000,
  0x00000000, 0x00000000, 0x00000000, 0x00000000, 0x00000000, 0x00000000, 0x00000000, 0x00000000,
  0x00000000, 0x00000000, 0x00000000, 0x00000000, 0x00000000, 0x00000000, 0x00000000, 0x00000000,
  0x00000000, 0x00000000, 0x00000000, 0x00000000, 0x00000000, 0x00000000, 0x00000000, 0x00000000,
};

static const unsigned g_splash_sp09_w = 56u;
static const unsigned g_splash_sp09_h = 56u;
static const uint32_t g_splash_sp09_px[3136] = {
  0x00FFFFFF, 0x00FFFFFF, 0x00FFFFFF, 0x00FFFFFF, 0x00FFFFFF, 0x00FFFFFF, 0x00FFFFFF, 0x00FFFFFF,
  0x00FFFFFF, 0x00FFFFFF, 0x00FFFFFF, 0x00FFFFFF, 0x00FFFFFF, 0x00FFFFFF, 0x00FFFFFF, 0x00FFFFFF,
  0x00FFFFFF, 0x00FFFFFF, 0x00FFFFFF, 0x00FFFFFF, 0x00FFFFFF, 0x00FFFFFF, 0x00FFFFFF, 0x00FFFFFF,
  0x00FFFFFF, 0x00FFFFFF, 0x00FFFFFF, 0x00FFFFFF, 0x00FFFFFF, 0x00FFFFFF, 0x79DCECF5, 0xC7A7CBEA,
  0x92B8D8F1, 0x66F0FCFF, 0x00FFFFFF, 0x00FFFFFF, 0x00FFFFFF, 0x00FFFFFF, 0x00FFFFFF, 0x00FFFFFF,
  0x00FFFFFF, 0x00FFFFFF, 0x00FFFFFF, 0x00FFFFFF, 0x00FFFFFF, 0x00FFFFFF, 0x00FFFFFF, 0x00FFFFFF,
  0x00FFFFFF, 0x00FFFFFF, 0x00FFFFFF, 0x00FFFFFF, 0x00FFFFFF, 0x00FFFFFF, 0x00FFFFFF, 0x00FFFFFF,
  0x00FFFFFF, 0x00FFFFFF, 0x00FFFFFF, 0x00FFFFFF, 0x00FFFFFF, 0x00FFFFFF, 0x00FFFFFF, 0x00FFFFFF,
  0x00FFFFFF, 0x00FFFFFF, 0x00FFFFFF, 0x00FFFFFF, 0x00FFFFFF, 0x00FFFFFF, 0x00FFFFFF, 0x00FFFFFF,
  0x00FFFFFF, 0x00FFFFFF, 0x00FFFFFF, 0x00FFFFFF, 0x00FFFFFF, 0x00FFFFFF, 0x00FFFFFF, 0x00FFFFFF,
  0x00FFFFFF, 0x00FFFFFF, 0x00FFFFFF, 0x00FFFFFF, 0x00FFFFFF, 0xD3D3EEFB, 0xFF7DB9F2, 0xFB5AA8EF,
  0xFB5BADF2, 0xFFA1D9FF, 0x00FFFFFF, 0x00FFFFFF, 0x00FFFFFF, 0x00FFFFFF, 0x00FFFFFF, 0x00FFFFFF,
  0x00FFFFFF, 0x00FFFFFF, 0x00FFFFFF, 0x00FFFFFF, 0x00FFFFFF, 0x00FFFFFF, 0x00FFFFFF, 0x00FFFFFF,
  0x00FFFFFF, 0x00FFFFFF, 0x00FFFFFF, 0x00FFFFFF, 0x00FFFFFF, 0x00FFFFFF, 0x00FFFFFF, 0x00FFFFFF,
  0x00FFFFFF, 0x00FFFFFF, 0x00FFFFFF, 0x00FFFFFF, 0x00FFFFFF, 0x00FFFFFF, 0x00FFFFFF, 0x00FFFFFF,
  0x00FFFFFF, 0x00FFFFFF, 0x00FFFFFF, 0x00FFFFFF, 0x00FFFFFF, 0x00FFFFFF, 0x00FFFFFF, 0x00FFFFFF,
  0x5FF4FFFF, 0xADC7DCEE, 0xEDB2D4EF, 0xBCC4E3F6, 0x00FFFFFF, 0x00FFFFFF, 0x00FFFFFF, 0x00FFFFFF,
  0x00FFFFFF, 0x00FFFFFF, 0x00FFFFFF, 0x00FFFFFF, 0x00FFFFFF, 0xFD8EBEE5, 0xF951A1EB, 0xFB5CABF4,
  0xF157AAF0, 0xFF6AB5F4, 0x43DFEEF8, 0x00FFFFFF, 0x00FFFFFF, 0x00FFFFFF, 0x00FFFFFF, 0x00FFFFFF,
  0x00FFFFFF, 0x00FFFFFF, 0x00FFFFFF, 0x00FFFFFF, 0x00FFFFFF, 0x00FFFFFF, 0x00FFFFFF, 0x00FFFFFF,
  0x00FFFFFF, 0x00FFFFFF, 0x00FFFFFF, 0x00FFFFFF, 0x00FFFFFF, 0x00FFFFFF, 0x00FFFFFF, 0x00FFFFFF,
  0x00FFFFFF, 0x00FFFFFF, 0x00FFFFFF, 0x00FFFFFF, 0x00FFFFFF, 0x00FFFFFF, 0x00FFFFFF, 0x00FFFFFF,
  0x00FFFFFF, 0x00FFFFFF, 0x00FFFFFF, 0x00FFFFFF, 0x00FFFFFF, 0x00FFFFFF, 0x00FFFFFF, 0x00FFFFFF,
  0xE2B8DDF5, 0xFF76BBF8, 0xF56CB1F2, 0xFF73BBFB, 0xD5C0E3FA, 0x00FFFFFF, 0x00FFFFFF, 0x00FFFFFF,
  0x00FFFFFF, 0x00FFFFFF, 0x00FFFFFF, 0x00FFFFFF, 0x00FFFFFF, 0xFF7EBBED, 0xFF52A6F1, 0xFF5AA9F1,
  0xF757A8EF, 0xFF6EBCFB, 0x43D9ECF7, 0x00FFFFFF, 0x00FFFFFF, 0x00FFFFFF, 0x00FFFFFF, 0x00FFFFFF,
  0x00FFFFFF, 0x00FFFFFF, 0x00FFFFFF, 0x00FFFFFF, 0x00FFFFFF, 0x00FFFFFF, 0x00FFFFFF, 0x00FFFFFF,
  0x00FFFFFF, 0x00FFFFFF, 0x00FFFFFF, 0x00FFFFFF, 0x00FFFFFF, 0x00FFFFFF, 0x00FFFFFF, 0x00FFFFFF,
  0x00FFFFFF, 0x00FFFFFF, 0x00FFFFFF, 0x00FFFFFF, 0x00FFFFFF, 0x00FFFFFF, 0x00FFFFFF, 0x00FFFFFF,
  0x00FFFFFF, 0x00FFFFFF, 0x00FFFFFF, 0x00FFFFFF, 0x00FFFFFF, 0x00FFFFFF, 0x00FFFFFF, 0x3FF2FCFF,
  0xFF8CC8F4, 0xF367B3F5, 0xFD6FB7F4, 0xF16CB2F4, 0xFF8DC8FF, 0x4CF1FAFF, 0x00FFFFFF, 0x00FFFFFF,
  0x00FFFFFF, 0x00FFFFFF, 0x00FFFFFF, 0x00FFFFFF, 0x38F5FAFC, 0xFF84C5FE, 0xF753A6EF, 0xFF5DA9EB,
  0xF75AA6EB, 0xFF76BFFC, 0x43E3F3FC, 0x00FFFFFF, 0x00FFFFFF, 0x00FFFFFF, 0x00FFFFFF, 0x00FFFFFF,
  0x00FFFFFF, 0x00FFFFFF, 0x00FFFFFF, 0x00FFFFFF, 0x00FFFFFF, 0x00FFFFFF, 0x00FFFFFF, 0x00FFFFFF,
  0x00FFFFFF, 0x00FFFFFF, 0x00FFFFFF, 0x00FFFFFF, 0x00FFFFFF, 0x00FFFFFF, 0x00FFFFFF, 0x00FFFFFF,
  0x00FFFFFF, 0x00FFFFFF, 0x00FFFFFF, 0x00FFFFFF, 0x00FFFFFF, 0x00FFFFFF, 0x00FFFFFF, 0x00FFFFFF,
  0x00FFFFFF, 0x00FFFFFF, 0x00FFFFFF, 0x00FFFFFF, 0x00FFFFFF, 0x00FFFFFF, 0x00FFFFFF, 0x4BF6FFFF,
  0xFF97D1F9, 0xF76BB0F0, 0xFF72B4EC, 0xFD74B3EF, 0xFF6AB2F6, 0xD5B3D6F0, 0x00FFFFFF, 0x00FFFFFF,
  0x00FFFFFF, 0x00FFFFFF, 0x00FFFFFF, 0x00FFFFFF, 0x66E6F5F7, 0xFF79BBF5, 0xF954A7EE, 0xFF5DAAEB,
  0xF75AA4EB, 0xFF80C2FE, 0x44EFF8FE, 0x00FFFFFF, 0x00FFFFFF, 0x00FFFFFF, 0x00FFFFFF, 0x00FFFFFF,
  0x00FFFFFF, 0x00FFFFFF, 0x59E8F5FA, 0xEF95C8EC, 0xFF8DC6F2, 0x9DC7E0F2, 0x00FFFFFF, 0x00FFFFFF,
  0x00FFFFFF, 0x00FFFFFF, 0x00FFFFFF, 0x00FFFFFF, 0x00FFFFFF, 0x00FFFFFF, 0x00FFFFFF, 0x00FFFFFF,
  0x00FFFFFF, 0x00FFFFFF, 0x00FFFFFF, 0x00FFFFFF, 0x00FFFFFF, 0x00FFFFFF, 0x00FFFFFF, 0x00FFFFFF,
  0x00FFFFFF, 0x00FFFFFF, 0x00FFFFFF, 0x00FFFFFF, 0x00FFFFFF, 0x00FFFFFF, 0x00FFFFFF, 0x00FFFFFF,
  0xD5B9DBF1, 0xFF6CB1F3, 0xFD6FB4F4, 0xFF6DB5F4, 0xF968B3EE, 0xFF8FCEF9, 0x41F4FEFF, 0x00FFFFFF,
  0x00FFFFFF, 0x00FFFFFF, 0x00FFFFFF, 0x00FFFFFF, 0xA8DFEFF7, 0xFF6FB2EF, 0xFB56A9EE, 0xFF5BAAEE,
  0xFB56A6EF, 0xFF7DBDF5, 0x11F6FDFF, 0x00FFFFFF, 0x00FFFFFF, 0x00FFFFFF, 0x00FFFFFF, 0x00FFFFFF,
  0x00FFFFFF, 0x88EDFEFF, 0xFF82C7FD, 0xF93D97E8, 0xF73B99EC, 0xFF57ABF2, 0xB4C8E6FA, 0x00FFFFFF,
  0x00FFFFFF, 0x00FFFFFF, 0x00FFFFFF, 0x00FFFFFF, 0x00FFFFFF, 0x00FFFFFF, 0x00FFFFFF, 0x00FFFFFF,
  0x00FFFFFF, 0x00FFFFFF, 0x00FFFFFF, 0x00FFFFFF, 0x00FFFFFF, 0x00FFFFFF, 0x00FFFFFF, 0x00FFFFFF,
  0x00FFFFFF, 0x00FFFFFF, 0x00FFFFFF, 0x00FFFFFF, 0x00FFFFFF, 0x00FFFFFF, 0x00FFFFFF, 0x00FFFFFF,
  0x49F1F9FB, 0xFF8AC6FB, 0xF76BB1F2, 0xFF71B3F1, 0xFD6DB4F4, 0xFF6CB5F4, 0xC8BDE1F9, 0x00FFFFFF,
  0x00FFFFFF, 0x00FFFFFF, 0x00FFFFFF, 0x00FFFFFF, 0x7BD0E7F7, 0xFF68B4F5, 0xF95AA9EC, 0xFF5CA9EE,
  0xFD54A4F0, 0xFF84BEEF, 0x00FFFFFF, 0x00FFFFFF, 0x00FFFFFF, 0x00FFFFFF, 0x00FFFFFF, 0x00FFFFFF,
  0x00FFFFFF, 0xEF85C0EE, 0xFB3B99E7, 0xFB4CA1EA, 0xFF47A2F4, 0xF53C99E8, 0xFF8BC2F0, 0x00FFFFFF,
  0x00FFFFFF, 0x00FFFFFF, 0x00FFFFFF, 0x00FFFFFF, 0x00FFFFFF, 0x00FFFFFF, 0x00FFFFFF, 0x00FFFFFF,
  0x00FFFFFF, 0x00FFFFFF, 0x00FFFFFF, 0x00FFFFFF, 0x00FFFFFF, 0x00FFFFFF, 0x00FFFFFF, 0x00FFFFFF,
  0x00FFFFFF, 0x00FFFFFF, 0x00FFFFFF, 0x00FFFFFF, 0x00FFFFFF, 0x00FFFFFF, 0x00FFFFFF, 0x00FFFFFF,
  0x00FFFFFF, 0xFFBBE2FF, 0xF967AEEE, 0xFF70B5F4, 0xFF6CB5F6, 0xF96DB0EB, 0xFF93CBF8, 0x1EF8FEFF,
  0x00FFFFFF, 0x00FFFFFF, 0x00FFFFFF, 0x00FFFFFF, 0xA8C4E1F8, 0xFF60B0F5, 0xFB5AAAEB, 0xFF5CA9EE,
  0xFD52A2EE, 0xFF97C5F0, 0x00FFFFFF, 0x00FFFFFF, 0x00FFFFFF, 0x00FFFFFF, 0x00FFFFFF, 0x00FFFFFF,
  0xC8B4DCF4, 0xFF4CA2EC, 0xFB449FF3, 0xFF4A9EE7, 0xFF46A2EA, 0xFF3898EB, 0xF398C7EC, 0x00FFFFFF,
  0x00FFFFFF, 0x00FFFFFF, 0x00FFFFFF, 0x00FFFFFF, 0x00FFFFFF, 0x00FFFFFF, 0x00FFFFFF, 0x00FFFFFF,
  0x00FFFFFF, 0x00FFFFFF, 0x00FFFFFF, 0x00FFFFFF, 0x00FFFFFF, 0x00FFFFFF, 0x00FFFFFF, 0x00FFFFFF,
  0x00FFFFFF, 0x00FFFFFF, 0x00FFFFFF, 0x00FFFFFF, 0x00FFFFFF, 0x00FFFFFF, 0x00FFFFFF, 0x00FFFFFF,
  0x00FFFFFF, 0x80E5F6FD, 0xFF7FC0F6, 0xF96AB5F5, 0xFF6FB4F2, 0xF970B4F0, 0xFF78BFFA, 0x7CCFEBF9,
  0x00FFFFFF, 0x00FFFFFF, 0x00FFFFFF, 0x00FFFFFF, 0xA6B5DAF3, 0xFF5CAEF5, 0xFB5AAAEC, 0xFB5CABEE,
  0xFF58A9F4, 0xC3A8D0F0, 0x00FFFFFF, 0x00FFFFFF, 0x00FFFFFF, 0x00FFFFFF, 0x00FFFFFF, 0x6CDCEFFA,
  0xFF5CB1F5, 0xF7419DEC, 0xFF45A0F1, 0xFF489FEB, 0xF73C9EEB, 0xFF67B5F4, 0x86E6FBFF, 0x00FFFFFF,
  0x00FFFFFF, 0x00FFFFFF, 0x00FFFFFF, 0x00FFFFFF, 0x00FFFFFF, 0x00FFFFFF, 0x00FFFFFF, 0x00FFFFFF,
  0x00FFFFFF, 0x00FFFFFF, 0x00FFFFFF, 0x00FFFFFF, 0x00FFFFFF, 0x00FFFFFF, 0x47F1FCFD, 0xAFCDE5F2,
  0x7CD1E4F5, 0xB9EFFCFF, 0x00FFFFFF, 0x00FFFFFF, 0x00FFFFFF, 0x00FFFFFF, 0x00FFFFFF, 0x00FFFFFF,
  0x00FFFFFF, 0x00FFFFFF, 0xFBA3CFF1, 0xFF66B0F0, 0xFD72B3EE, 0xFF6DB5F5, 0xFF6AAFEC, 0xFD93C8F3,
  0x00FFFFFF, 0x00FFFFFF, 0x00FFFFFF, 0x00FFFFFF, 0xAAA8D0F0, 0xFF5BADF5, 0xFB5AABEC, 0xF95CABEE,
  0xFF5FAFF9, 0x7FB8D5ED, 0x00FFFFFF, 0x00FFFFFF, 0x00FFFFFF, 0x00FFFFFF, 0x24F7FDFF, 0xFF76BAF8,
  0xF94197E9, 0xFF49A0EA, 0xFF44A1E9, 0xFB459EEC, 0xFF4FA0EE, 0xC5C2E6FB, 0x00FFFFFF, 0x00FFFFFF,
  0x00FFFFFF, 0x00FFFFFF, 0x00FFFFFF, 0x00FFFFFF, 0x00FFFFFF, 0x00FFFFFF, 0x00FFFFFF, 0x00FFFFFF,
  0x00FFFFFF, 0x00FFFFFF, 0x00FFFFFF, 0x00FFFFFF, 0x00FFFFFF, 0x82ECF9FE, 0xFFB2DDFF, 0xFB87C1F6,
  0xFB8CC6FB, 0xFFA7D6FC, 0xA2E2F5FF, 0x00FFFFFF, 0x00FFFFFF, 0x00FFFFFF, 0x00FFFFFF, 0x00FFFFFF,
  0x00FFFFFF, 0x00FFFFFF, 0x63DBEFFB, 0xFF7EC2FA, 0xF96CB4F2, 0xFF70B4F2, 0xF771B2EF, 0xFF7DC4FF,
  0x62DAEFFC, 0x00FFFFFF, 0x00FFFFFF, 0x00FFFFFF, 0xFF96C7EE, 0xFD52A4EC, 0xFF5AAAED, 0xF75BA8ED,
  0xFF67B7FF, 0x37C8DDF3, 0x00FFFFFF, 0x00FFFFFF, 0x00FFFFFF, 0x00FFFFFF, 0xFD92C6EF, 0xFB3D9AEB,
  0xFF4B9EE9, 0xFF469EEC, 0xFD469FF0, 0xFF439BE8, 0xE8A4D4F6, 0x00FFFFFF, 0x00FFFFFF, 0x00FFFFFF,
  0x00FFFFFF, 0x00FFFFFF, 0x00FFFFFF, 0x00FFFFFF, 0x00FFFFFF, 0x00FFFFFF, 0x00FFFFFF, 0x00FFFFFF,
  0x00FFFFFF, 0x00FFFFFF, 0x00FFFFFF, 0x00FFFFFF, 0x00FFFFFF, 0xFFC4E3F9, 0xF977B8F3, 0xF981C0FB,
  0xF981C1F1, 0xFB7ABAF0, 0xFF8FC2F8, 0xD3C5DFF7, 0x00FFFFFF, 0x00FFFFFF, 0x00FFFFFF, 0x00FFFFFF,
  0x00FFFFFF, 0x00FFFFFF, 0x00FFFFFF, 0xFF9BCDF5, 0xFB66B1EF, 0xFF71B4EF, 0xFD73B4F0, 0xFF68AFEF,
  0xF19ECAEE, 0x00FFFFFF, 0x00FFFFFF, 0x00FFFFFF, 0xFF91C4F4, 0xF953A3EE, 0xFF5FA8E9, 0xF958A8F1,
  0xFF68B5FA, 0x6CD3E9F8, 0x00FFFFFF, 0x00FFFFFF, 0x00FFFFFF, 0xB7B7DCF7, 0xFF489FED, 0xFB42A1ED,
  0xFF44A1EA, 0xFF45A0F0, 0xFD3E99EB, 0xF975B4E7, 0x20F9FFFF, 0x00FFFFFF, 0x00FFFFFF, 0x00FFFFFF,
  0x00FFFFFF, 0x00FFFFFF, 0x00FFFFFF, 0x00FFFFFF, 0x00FFFFFF, 0x00FFFFFF, 0x00FFFFFF, 0x00FFFFFF,
  0x00FFFFFF, 0x00FFFFFF, 0x00FFFFFF, 0x00FFFFFF, 0x00FFFFFF, 0xDCC7E6F7, 0xFF7FBAEF, 0xFB86BFF1,
  0xFF84BDF2, 0xFF81BFF8, 0xFB7DC0EE, 0xF983C1F4, 0xFFB7DFFF, 0x55EBF5FA, 0x00FFFFFF, 0x00FFFFFF,
  0x00FFFFFF, 0x00FFFFFF, 0x00FFFFFF, 0xD9CDEAF9, 0xFF6FB9F4, 0xFD6BB4F3, 0xFF70B4F0, 0xF76AB2F3,
  0xFF88C9FF, 0x4CE9F8FD, 0x00FFFFFF, 0x00FFFFFF, 0xF982B5E2, 0xF94FA5ED, 0xFD5EABEB, 0xF353A8F3,
  0xFF79B7F0, 0x4BEAF6F9, 0x00FFFFFF, 0x00FFFFFF, 0xA2E0F8FF, 0xFF68B1EE, 0xF9419BED, 0xFF45A1EF,
  0xFF48A0EB, 0xFB409DEC, 0xFF5CA7E7, 0xDAE0F9FF, 0x00FFFFFF, 0x00FFFFFF, 0x00FFFFFF, 0x00FFFFFF,
  0x00FFFFFF, 0x00FFFFFF, 0x00FFFFFF, 0x00FFFFFF, 0x00FFFFFF, 0x00FFFFFF, 0x00FFFFFF, 0x00FFFFFF,
  0x00FFFFFF, 0x00FFFFFF, 0x00FFFFFF, 0x00FFFFFF, 0x00FFFFFF, 0x3FF0FAFD, 0xFFB4DBFC, 0xF782BCF2,
  0xFB7CC0F4, 0xFF7FBFF5, 0xFF84BEF3, 0xFB7FC0F5, 0xF77BBBEF, 0xFF9CCDF7, 0x77D2E4F5, 0x00FFFFFF,
  0x00FFFFFF, 0x00FFFFFF, 0x00FFFFFF, 0x00FFFFFF, 0xEB8ABDEA, 0xFF69B1F2, 0xFB75B5EF, 0xF76BB3F7,
  0xFF7EC2FB, 0x80E5F3FD, 0x00FFFFFF, 0x00FFFFFF, 0xA8CDEEFD, 0xFF71C0FF, 0xF752A4F4, 0xF95BA9F0,
  0xFFABD6F8, 0x27F9FEFF, 0x00FFFFFF, 0x2DF8FFFF, 0xFF83C4FC, 0xF54295E3, 0xFF45A2EE, 0xFF469FEC,
  0xFD499CED, 0xFF459CE9, 0xE4BFE4F7, 0x00FFFFFF, 0x00FFFFFF, 0x00FFFFFF, 0x00FFFFFF, 0x00FFFFFF,
  0x00FFFFFF, 0x00FFFFFF, 0x00FFFFFF, 0x00FFFFFF, 0x00FFFFFF, 0x00FFFFFF, 0x00FFFFFF, 0x00FFFFFF,
  0x00FFFFFF, 0x00FFFFFF, 0x00FFFFFF, 0x00FFFFFF, 0x00FFFFFF, 0x00FFFFFF, 0x44EDF8FB, 0xFDAFD6F5,
  0xFD82C1FA, 0xF97BBEF4, 0xFF85BEEF, 0xFF84BDF0, 0xFF80C0F6, 0xF97FBDF3, 0xFF92C8FC, 0xFDBADCF9,
  0x25F3FAFB, 0x00FFFFFF, 0x00FFFFFF, 0x00FFFFFF, 0xCAD2ECFC, 0xFF7CC0FB, 0xFB6CB4F2, 0xFF6AB0F1,
  0xF1A1CCF0, 0x00FFFFFF, 0x00FFFFFF, 0x00FFFFFF, 0x00FFFFFF, 0x7FD3E8F6, 0xE8B3D3EE, 0xBCC5E2F6,
  0x13F6FCFE, 0x00FFFFFF, 0x00FFFFFF, 0x97C5E2F7, 0xFF49A3F8, 0xF9489FEE, 0xFF44A1E9, 0xFF45A1F1,
  0xF73E98EB, 0xFFA5D7FF, 0x00FFFFFF, 0x00FFFFFF, 0x00FFFFFF, 0x00FFFFFF, 0x00FFFFFF, 0x00FFFFFF,
  0x00FFFFFF, 0x00FFFFFF, 0x00FFFFFF, 0x4BD9ECF7, 0xA0B4D0E9, 0x94D1E7F7, 0x00FFFFFF, 0x00FFFFFF,
  0x00FFFFFF, 0x00FFFFFF, 0x00FFFFFF, 0x00FFFFFF, 0x00FFFFFF, 0x00FFFFFF, 0x00FFFFFF, 0x00FFFFFF,
  0xC1CDE6F5, 0xFF98CAFA, 0xF77DBAF0, 0xFD7FC0F4, 0xFF7FBFF8, 0xFF81BFF4, 0xF981BEF1, 0xF77CBBF1,
  0xFFA6D6FD, 0x9DD9EBF6, 0x00FFFFFF, 0x00FFFFFF, 0x00FFFFFF, 0xB5CDE7F8, 0xCAAACDEB, 0xF9BADDF6,
  0x3BEFF9FD, 0x00FFFFFF, 0x00FFFFFF, 0x00FFFFFF, 0x00FFFFFF, 0x00FFFFFF, 0x00FFFFFF, 0x00FFFFFF,
  0x00FFFFFF, 0x00FFFFFF, 0x00FFFFFF, 0x8BC3E2F7, 0xFF4AA2ED, 0xF548A1EE, 0xFD4AA0EC, 0xF33F99E9,
  0xFF7BBDF4, 0x58F1FEFF, 0x00FFFFFF, 0x00FFFFFF, 0x00FFFFFF, 0x00FFFFFF, 0x00FFFFFF, 0x00FFFFFF,
  0x00FFFFFF, 0xC1BADFF3, 0xFF7CC0F6, 0xFD4EA7F3, 0xFD3697F0, 0xFF449BEE, 0xFDACD7F2, 0x00FFFFFF,
  0x00FFFFFF, 0x00FFFFFF, 0x00FFFFFF, 0x00FFFFFF, 0x00FFFFFF, 0x00FFFFFF, 0x00FFFFFF, 0x00FFFFFF,
  0x00FFFFFF, 0xA0E2F2FA, 0xFFA7D5FC, 0xFB7EBDF1, 0xF981BEF2, 0xFF82BFF3, 0xFF82BFF0, 0xFD80C0F2,
  0xF57CBAF1, 0xFF99D2FF, 0x82D8EEFD, 0x00FFFFFF, 0x00FFFFFF, 0x00FFFFFF, 0x00FFFFFF, 0x00FFFFFF,
  0x00FFFFFF, 0x00FFFFFF, 0x00FFFFFF, 0x00FFFFFF, 0x00FFFFFF, 0x00FFFFFF, 0x00FFFFFF, 0x00FFFFFF,
  0x00FFFFFF, 0x00FFFFFF, 0x00FFFFFF, 0x1AF7FCFE, 0xFF8AD0FF, 0xFB41A2F1, 0xF74698E6, 0xFF76C1FF,
  0x56DCF2FC, 0x00FFFFFF, 0x00FFFFFF, 0x00FFFFFF, 0x00FFFFFF, 0x00FFFFFF, 0x57EBFBFE, 0xB4A9D2ED,
  0xFF6DB6F4, 0xFD3899EC, 0xF9268CE6, 0xF73192ED, 0xF93196EF, 0xF32292EE, 0xFF5EA5E9, 0x7BF0FBFC,
  0x00FFFFFF, 0x00FFFFFF, 0x00FFFFFF, 0x00FFFFFF, 0x00FFFFFF, 0x00FFFFFF, 0x00FFFFFF, 0x00FFFFFF,
  0x00FFFFFF, 0x00FFFFFF, 0x32F5FCFE, 0xFFC0E0F8, 0xFD8CC8FA, 0xF97FBDF1, 0xFD84BDF0, 0xFF81BEF4,
  0xFD82BFF5, 0xFF7EBDF5, 0xDC9EC8ED, 0x00FFFFFF, 0x00FFFFFF, 0x00FFFFFF, 0x00FFFFFF, 0x00FFFFFF,
  0x00FFFFFF, 0x00FFFFFF, 0x00FFFFFF, 0x00FFFFFF, 0x00FFFFFF, 0x00FFFFFF, 0x00FFFFFF, 0x00FFFFFF,
  0x00FFFFFF, 0x00FFFFFF, 0x00FFFFFF, 0x00FFFFFF, 0x44EBF9FF, 0xB0B3D6F3, 0xF3ACD3EE, 0x66E1F2FA,
  0x00FFFFFF, 0x00FFFFFF, 0x00FFFFFF, 0x00FFFFFF, 0x74DCEFFA, 0xDE92C7EE, 0xFF5DB2F2, 0xFF3395EA,
  0xF92A8DEA, 0xF93393E9, 0xFF3196EB, 0xFF3394E9, 0xFF3794E5, 0xF52195F6, 0xFF54A4E3, 0x70E8FAFA,
  0x00FFFFFF, 0x00FFFFFF, 0x00FFFFFF, 0x00FFFFFF, 0x00FFFFFF, 0x00FFFFFF, 0x00FFFFFF, 0x00FFFFFF,
  0x00FFFFFF, 0x00FFFFFF, 0x00FFFFFF, 0x00FFFFFF, 0xA0D3EAF5, 0xFF9ECFF3, 0xFB7AC0F6, 0xF97BC1F5,
  0xF982C2F2, 0xEF7ABBEF, 0xFFB1DFFF, 0x00FFFFFF, 0x00FFFFFF, 0x00FFFFFF, 0x00FFFFFF, 0x00FFFFFF,
  0x00FFFFFF, 0x00FFFFFF, 0x00FFFFFF, 0x00FFFFFF, 0x00FFFFFF, 0x00FFFFFF, 0x00FFFFFF, 0x00FFFFFF,
  0x00FFFFFF, 0x00FFFFFF, 0x00FFFFFF, 0x00FFFFFF, 0x00FFFFFF, 0x00FFFFFF, 0x00FFFFFF, 0x00FFFFFF,
  0x00FFFFFF, 0x00FFFFFF, 0x73C7E4F5, 0xE080BDEC, 0xFF52AAF3, 0xFD298FE9, 0xF92D8DEA, 0xFB3594EE,
  0xFF3195EA, 0xFF2E97E5, 0xFF3396E7, 0xFD3493E6, 0xF72690E6, 0xFF3293EA, 0xE2A6D2F5, 0x00FFFFFF,
  0x00FFFFFF, 0x00FFFFFF, 0x00FFFFFF, 0x00FFFFFF, 0x00FFFFFF, 0x00FFFFFF, 0x00FFFFFF, 0x00FFFFFF,
  0x00FFFFFF, 0x00FFFFFF, 0x00FFFFFF, 0x00FFFFFF, 0x00FFFFFF, 0x23F0F8FD, 0xF7ADD4F4, 0xFF91C8FB,
  0xFB89C3FC, 0xFF94CFFF, 0xD9D0EDFB, 0x00FFFFFF, 0x00FFFFFF, 0x00FFFFFF, 0x00FFFFFF, 0x00FFFFFF,
  0x00FFFFFF, 0x00FFFFFF, 0x00FFFFFF, 0x00FFFFFF, 0x00FFFFFF, 0x00FFFFFF, 0x00FFFFFF, 0x00FFFFFF,
  0x00FFFFFF, 0x00FFFFFF, 0x00FFFFFF, 0x00FFFFFF, 0x00FFFFFF, 0x00FFFFFF, 0x00FFFFFF, 0x00FFFFFF,
  0x1FF8FFFF, 0xFF98CDFB, 0xFD3DA0F4, 0xFB2493F2, 0xF72C93EA, 0xFD3595E8, 0xFF3095EC, 0xFF2D95EE,
  0xFD3096EB, 0xF73094E4, 0xFD298AE3, 0xFB3191ED, 0xFF6EB9F8, 0xCFB4D7EF, 0x2BF9FFFF, 0x00FFFFFF,
  0x00FFFFFF, 0x00FFFFFF, 0x00FFFFFF, 0x00FFFFFF, 0x00FFFFFF, 0x00FFFFFF, 0x00FFFFFF, 0x00FFFFFF,
  0x00FFFFFF, 0x00FFFFFF, 0x00FFFFFF, 0x00FFFFFF, 0x00FFFFFF, 0x00FFFFFF, 0x00FFFFFF, 0x83DAE9F5,
  0xA5C8E0F1, 0x70DFF0FA, 0x00FFFFFF, 0x00FFFFFF, 0x00FFFFFF, 0x00FFFFFF, 0x00FFFFFF, 0x00FFFFFF,
  0x00FFFFFF, 0x00FFFFFF, 0x00FFFFFF, 0x00FFFFFF, 0x00FFFFFF, 0x00FFFFFF, 0x00FFFFFF, 0x00FFFFFF,
  0x00FFFFFF, 0x00FFFFFF, 0x00FFFFFF, 0x00FFFFFF, 0x00FFFFFF, 0x00FFFFFF, 0x00FFFFFF, 0x00FFFFFF,
  0x77BBE0FA, 0xFF3A97E7, 0xF13095EB, 0xFD3096EE, 0xFF3494E9, 0xFF3194EC, 0xFB2F98EB, 0xF92D8EE6,
  0xFD2F8EEC, 0xFD49A7FA, 0xFF7EC3F3, 0xDECAEAF7, 0x00FFFFFF, 0x00FFFFFF, 0x00FFFFFF, 0x00FFFFFF,
  0x00FFFFFF, 0x00FFFFFF, 0x24F0F7FB, 0x1FEDF4F9, 0x11F4FAFF, 0x00FFFFFF, 0x00FFFFFF, 0x00FFFFFF,
  0x00FFFFFF, 0x00FFFFFF, 0x00FFFFFF, 0x00FFFFFF, 0x00FFFFFF, 0x00FFFFFF, 0x00FFFFFF, 0x00FFFFFF,
  0x00FFFFFF, 0x00FFFFFF, 0x00FFFFFF, 0x00FFFFFF, 0x00FFFFFF, 0x00FFFFFF, 0x00FFFFFF, 0x00FFFFFF,
  0x00FFFFFF, 0x00FFFFFF, 0x00FFFFFF, 0x00FFFFFF, 0x00FFFFFF, 0x00FFFFFF, 0x00FFFFFF, 0x00FFFFFF,
  0x00FFFFFF, 0x00FFFFFF, 0x00FFFFFF, 0x00FFFFFF, 0x00FFFFFF, 0x00FFFFFF, 0x00FFFFFF, 0x00FFFFFF,
  0xABA1C9ED, 0xFF2A92E7, 0xFB3798EC, 0xFF3495E7, 0xF93393EA, 0xF92B8DE9, 0xFD3195EC, 0xFF5CACF5,
  0xE094C6EE, 0x56D9EEFA, 0x00FFFFFF, 0x00FFFFFF, 0x00FFFFFF, 0x00FFFFFF, 0x00FFFFFF, 0x00FFFFFF,
  0x00FFFFFF, 0xEDC6E2FC, 0xFFB1D7FE, 0xFDAAD5FB, 0xFFAAD7FC, 0xFFAED7F9, 0xFFB5DBF7, 0xFFBEDDF9,
  0xB7C0DBF4, 0xAAC7DEF4, 0xB0CCE4F7, 0x9ED4EBFC, 0x62E7F1F8, 0x4CEEF6FA, 0x11F9FDFF, 0x00FFFFFF,
  0x00FFFFFF, 0x00FFFFFF, 0x00FFFFFF, 0x00FFFFFF, 0x00FFFFFF, 0x00FFFFFF, 0x00FFFFFF, 0x00FFFFFF,
  0x00FFFFFF, 0x00FFFFFF, 0x00FFFFFF, 0x00FFFFFF, 0x00FFFFFF, 0x00FFFFFF, 0x00FFFFFF, 0x00FFFFFF,
  0x00FFFFFF, 0x00FFFFFF, 0x00FFFFFF, 0x00FFFFFF, 0x00FFFFFF, 0x00FFFFFF, 0x00FFFFFF, 0x00FFFFFF,
  0x6FE3F8FE, 0xFF64B6FD, 0xF5228BE9, 0xFB2B8EE9, 0xFF399CEF, 0xFD63B1F3, 0xC3A8D3F4, 0x4AE9F7FB,
  0x00FFFFFF, 0x00FFFFFF, 0x00FFFFFF, 0x00FFFFFF, 0x00FFFFFF, 0x00FFFFFF, 0x00FFFFFF, 0x00FFFFFF,
  0xBCE3F0FB, 0xFFA4CEF2, 0xF79ACAF1, 0xFB9BC9F3, 0xFB9AC8F4, 0xFD99C7F3, 0xFD97C6F2, 0xFD96C7F3,
  0xFFA0D0FD, 0xFFA2D1FD, 0xFFA2D0FC, 0xFFA5D3FC, 0xFDA9D3F9, 0xFFAFDFFF, 0xFFBBDDF7, 0x4AEBF4FB,
  0x00FFFFFF, 0x00FFFFFF, 0x00FFFFFF, 0x00FFFFFF, 0x00FFFFFF, 0x00FFFFFF, 0x00FFFFFF, 0x00FFFFFF,
  0x00FFFFFF, 0x00FFFFFF, 0x00FFFFFF, 0x00FFFFFF, 0x00FFFFFF, 0x00FFFFFF, 0x00FFFFFF, 0x00FFFFFF,
  0x00FFFFFF, 0x00FFFFFF, 0x00FFFFFF, 0x00FFFFFF, 0x00FFFFFF, 0x00FFFFFF, 0x00FFFFFF, 0x00FFFFFF,
  0x00FFFFFF, 0x7BD3E9F7, 0xF98CC5EE, 0xF18BC3ED, 0x9ABDDDF3, 0x45F5FEFE, 0x00FFFFFF, 0x00FFFFFF,
  0x00FFFFFF, 0x00FFFFFF, 0x00FFFFFF, 0x00FFFFFF, 0x00FFFFFF, 0x00FFFFFF, 0x00FFFFFF, 0x00FFFFFF,
  0xB9DAEAF1, 0xFF9DCAF0, 0xFB9BCCF6, 0xFF9ACCF6, 0xFF9ACBF3, 0xFF9DCBF1, 0xFF9DCBF2, 0xFF9ACBF6,
  0xFB9CCAF4, 0xFB9CCAF3, 0xFB9DCAF3, 0xFB9DC9F1, 0xF99BCAF5, 0xF598C9F6, 0xFF98CCF9, 0xD5C6E4FA,
  0x00FFFFFF, 0x00FFFFFF, 0x00FFFFFF, 0x00FFFFFF, 0x00FFFFFF, 0x00FFFFFF, 0x00FFFFFF, 0x00FFFFFF,
  0x00FFFFFF, 0x00FFFFFF, 0x00FFFFFF, 0x00FFFFFF, 0x00FFFFFF, 0x00FFFFFF, 0x00FFFFFF, 0x00FFFFFF,
  0x00FFFFFF, 0x00FFFFFF, 0x00FFFFFF, 0x00FFFFFF, 0x00FFFFFF, 0x00FFFFFF, 0x00FFFFFF, 0x00FFFFFF,
  0x00FFFFFF, 0x00FFFFFF, 0x00FFFFFF, 0x00FFFFFF, 0x00FFFFFF, 0x00FFFFFF, 0x00FFFFFF, 0x00FFFFFF,
  0x00FFFFFF, 0x00FFFFFF, 0x00FFFFFF, 0x00FFFFFF, 0x00FFFFFF, 0x00FFFFFF, 0x00FFFFFF, 0x00FFFFFF,
  0x4CF4FDFF, 0xFFBCE1FF, 0xF79BC7F5, 0xF997C9F5, 0xF996CAF7, 0xF795CBF5, 0xF797CCF5, 0xF79BCBF4,
  0xF79BCCF5, 0xF79BCCF6, 0xF79CCCF5, 0xF79CCCF5, 0xFB9FCAF3, 0xFFA2CAF1, 0xF595C8F5, 0xFFB7D7F2,
  0x00FFFFFF, 0x00FFFFFF, 0x00FFFFFF, 0x00FFFFFF, 0x00FFFFFF, 0x00FFFFFF, 0x00FFFFFF, 0x00FFFFFF,
  0x00FFFFFF, 0x00FFFFFF, 0x00FFFFFF, 0x00FFFFFF, 0x00FFFFFF, 0x00FFFFFF, 0x00FFFFFF, 0x00FFFFFF,
  0x00FFFFFF, 0x00FFFFFF, 0x00FFFFFF, 0x00FFFFFF, 0x00FFFFFF, 0x00FFFFFF, 0x00FFFFFF, 0x00FFFFFF,
  0x00FFFFFF, 0x00FFFFFF, 0x00FFFFFF, 0x00FFFFFF, 0x00FFFFFF, 0x00FFFFFF, 0x00FFFFFF, 0x00FFFFFF,
  0x00FFFFFF, 0x00FFFFFF, 0x00FFFFFF, 0x00FFFFFF, 0x00FFFFFF, 0x00FFFFFF, 0x00FFFFFF, 0x00FFFFFF,
  0x00FFFFFF, 0x9EE6F4FA, 0xF5C9E1EF, 0xF7C8E3FB, 0xF7BCDEFB, 0xFFBBDFFF, 0xFFB5DBFF, 0xFFAFDBFF,
  0xFFABD8FF, 0xFFA8D7FF, 0xFFA5D7FF, 0xFFA4D8FF, 0xFF9BD0FC, 0xF992CAF9, 0xFFA6D7FF, 0xC1D3EBFC,
  0x00FFFFFF, 0x00FFFFFF, 0x00FFFFFF, 0x00FFFFFF, 0x00FFFFFF, 0x00FFFFFF, 0x00FFFFFF, 0x00FFFFFF,
  0x00FFFFFF, 0x00FFFFFF, 0x00FFFFFF, 0x00FFFFFF, 0x00FFFFFF, 0x00FFFFFF, 0x00FFFFFF, 0x00FFFFFF,
  0x00FFFFFF, 0x00FFFFFF, 0x00FFFFFF, 0x00FFFFFF, 0x00FFFFFF, 0x00FFFFFF, 0x00FFFFFF, 0x00FFFFFF,
  0x00FFFFFF, 0x00FFFFFF, 0x63F3FDFD, 0xB5AFD5F6, 0x70A2C9F0, 0x7CB6D8EF, 0x78C9E5F7, 0x82DBF1F9,
  0x4DEAF9FB, 0x1DF7FCFC, 0x00FFFFFF, 0x00FFFFFF, 0x00FFFFFF, 0x00FFFFFF, 0x00FFFFFF, 0x00FFFFFF,
  0x00FFFFFF, 0x00FFFFFF, 0x00FFFFFF, 0x00FFFFFF, 0x00FFFFFF, 0x22F6FAFD, 0x1AF1F8FD, 0x2FE9F5FF,
  0x7FE0F1FB, 0x78DAECFA, 0x7BD2E7F9, 0x74C8E0F4, 0xBEBED8EE, 0xFFBEE1F9, 0x94D4E7F6, 0x00FFFFFF,
  0x00FFFFFF, 0x00FFFFFF, 0x00FFFFFF, 0x00FFFFFF, 0x00FFFFFF, 0x00FFFFFF, 0x00FFFFFF, 0x00FFFFFF,
  0x00FFFFFF, 0x00FFFFFF, 0x00FFFFFF, 0x00FFFFFF, 0x00FFFFFF, 0x00FFFFFF, 0x00FFFFFF, 0x00FFFFFF,
  0x00FFFFFF, 0x00FFFFFF, 0x00FFFFFF, 0x00FFFFFF, 0x00FFFFFF, 0x00FFFFFF, 0x00FFFFFF, 0x00FFFFFF,
  0x00FFFFFF, 0x5DF4FEFE, 0xFF6DAAE2, 0xFF198BF4, 0xFF2191F9, 0xFF2791F0, 0xFF3096F2, 0xFF3B9BEF,
  0xFF49A3EF, 0xFF5CAEF4, 0xF564B1F0, 0xDE66ADEA, 0xE075B8EC, 0xE08CC2EE, 0xDEA5CFEC, 0xB0D0E7F2,
  0x00FFFFFF, 0x00FFFFFF, 0x00FFFFFF, 0x00FFFFFF, 0x00FFFFFF, 0x00FFFFFF, 0x00FFFFFF, 0x00FFFFFF,
  0x00FFFFFF, 0x00FFFFFF, 0x00FFFFFF, 0x00FFFFFF, 0x00FFFFFF, 0x00FFFFFF, 0x00FFFFFF, 0x00FFFFFF,
  0x00FFFFFF, 0x00FFFFFF, 0x00FFFFFF, 0x00FFFFFF, 0x00FFFFFF, 0x00FFFFFF, 0x00FFFFFF, 0x00FFFFFF,
  0x00FFFFFF, 0x00FFFFFF, 0x00FFFFFF, 0x00FFFFFF, 0x00FFFFFF, 0x00FFFFFF, 0x00FFFFFF, 0x00FFFFFF,
  0x00FFFFFF, 0x00FFFFFF, 0x00FFFFFF, 0x00FFFFFF, 0x00FFFFFF, 0x00FFFFFF, 0x00FFFFFF, 0x00FFFFFF,
  0x00FFFFFF, 0xAAC6E1F5, 0xFF218DF0, 0xF52089E6, 0xF7238BE8, 0xF7218BEA, 0xF7198CED, 0xF7198AEC,
  0xF71788EC, 0xF71486E9, 0xF91485E8, 0xFF1786EF, 0xFF1486EB, 0xFF1488E4, 0xFF1886E1, 0xFF3291E3,
  0x00FFFFFF, 0x00FFFFFF, 0x00FFFFFF, 0x00FFFFFF, 0x00FFFFFF, 0x00FFFFFF, 0x00FFFFFF, 0x00FFFFFF,
  0x00FFFFFF, 0x00FFFFFF, 0x00FFFFFF, 0x00FFFFFF, 0x00FFFFFF, 0x00FFFFFF, 0x00FFFFFF, 0x00FFFFFF,
  0x00FFFFFF, 0x00FFFFFF, 0x00FFFFFF, 0x00FFFFFF, 0x00FFFFFF, 0x00FFFFFF, 0x00FFFFFF, 0x00FFFFFF,
  0x00FFFFFF, 0x00FFFFFF, 0x00FFFFFF, 0x00FFFFFF, 0x00FFFFFF, 0x00FFFFFF, 0x00FFFFFF, 0x00FFFFFF,
  0x00FFFFFF, 0x00FFFFFF, 0x00FFFFFF, 0x00FFFFFF, 0x00FFFFFF, 0x00FFFFFF, 0x00FFFFFF, 0x00FFFFFF,
  0x00FFFFFF, 0x7BBCD9EB, 0xFF248AED, 0xF3178FF3, 0xFD1E8CEA, 0xFF248AEA, 0xFF1F8BE8, 0xFF218AE5,
  0xFF218BE8, 0xFF208BEA, 0xFF1E8BEB, 0xFD2189EB, 0xFD2389E7, 0xFD1A8DEB, 0xFD208AEA, 0xFB1A89EC,
  0x00FFFFFF, 0x00FFFFFF, 0x00FFFFFF, 0x00FFFFFF, 0x00FFFFFF, 0x00FFFFFF, 0x00FFFFFF, 0x00FFFFFF,
  0x00FFFFFF, 0x00FFFFFF, 0x00FFFFFF, 0x00FFFFFF, 0x00FFFFFF, 0x2EF2F7FC, 0x56E7F0F7, 0x3FF0F8FB,
  0x00FFFFFF, 0x00FFFFFF, 0x00FFFFFF, 0x00FFFFFF, 0x00FFFFFF, 0x00FFFFFF, 0x00FFFFFF, 0x00FFFFFF,
  0x00FFFFFF, 0x00FFFFFF, 0x00FFFFFF, 0x00FFFFFF, 0x00FFFFFF, 0x00FFFFFF, 0x00FFFFFF, 0x00FFFFFF,
  0x00FFFFFF, 0x00FFFFFF, 0x00FFFFFF, 0x00FFFFFF, 0x00FFFFFF, 0x00FFFFFF, 0x00FFFFFF, 0x00FFFFFF,
  0x00FFFFFF, 0x2FF5FFFF, 0xFF82C5FA, 0xF71D8BE8, 0xFD1583EA, 0xF91181E1, 0xFD1184E5, 0xFB1584E6,
  0xF71886E6, 0xF71A88E7, 0xF71C88E7, 0xF91C89E9, 0xFB218BE4, 0xFD2189E8, 0xFF2289EE, 0xF92089EF,
  0x00FFFFFF, 0x00FFFFFF, 0x00FFFFFF, 0x00FFFFFF, 0x00FFFFFF, 0x00FFFFFF, 0x00FFFFFF, 0x00FFFFFF,
  0x00FFFFFF, 0x00FFFFFF, 0x00FFFFFF, 0x69EAF3FA, 0xFFD1EFFF, 0xFDC5E6FF, 0xF9C9E8FF, 0xFFD6F7FF,
  0x83E4F3FE, 0x00FFFFFF, 0x00FFFFFF, 0x00FFFFFF, 0x00FFFFFF, 0x00FFFFFF, 0x00FFFFFF, 0x00FFFFFF,
  0x00FFFFFF, 0x00FFFFFF, 0x00FFFFFF, 0x00FFFFFF, 0x00FFFFFF, 0x00FFFFFF, 0x00FFFFFF, 0x00FFFFFF,
  0x00FFFFFF, 0x00FFFFFF, 0x00FFFFFF, 0x00FFFFFF, 0x00FFFFFF, 0x00FFFFFF, 0x00FFFFFF, 0x00FFFFFF,
  0x00FFFFFF, 0x00FFFFFF, 0x37EBF9FD, 0xAAA9D1EB, 0xE095C9ED, 0xFF86C5F6, 0xFD5FADEA, 0xFF53A8EB,
  0xFF4EA9F6, 0xFF3EA1F5, 0xFF359DF6, 0xFF2899F7, 0xFF1B8EED, 0xFD1885E6, 0xFB157EE3, 0xFF278EEF,
  0x00FFFFFF, 0x00FFFFFF, 0x00FFFFFF, 0x00FFFFFF, 0x00FFFFFF, 0x00FFFFFF, 0x00FFFFFF, 0x00FFFFFF,
  0x1BF9FDFE, 0x94DEEEF9, 0xEDCCE5F8, 0xFFC6E6FF, 0xFBAFD5F7, 0xF9B3D8F7, 0xF5B4DBFA, 0xF7ADD6F9,
  0xFFCCE4FA, 0x00FFFFFF, 0x00FFFFFF, 0x00FFFFFF, 0x00FFFFFF, 0x00FFFFFF, 0x00FFFFFF, 0x00FFFFFF,
  0x00FFFFFF, 0x00FFFFFF, 0x00FFFFFF, 0x00FFFFFF, 0x00FFFFFF, 0x00FFFFFF, 0x00FFFFFF, 0x00FFFFFF,
  0x00FFFFFF, 0x00FFFFFF, 0x00FFFFFF, 0x00FFFFFF, 0x00FFFFFF, 0x00FFFFFF, 0x00FFFFFF, 0x00FFFFFF,
  0x00FFFFFF, 0x00FFFFFF, 0x00FFFFFF, 0x00FFFFFF, 0x00FFFFFF, 0x00FFFFFF, 0x00FFFFFF, 0x00FFFFFF,
  0x51EBF7FC, 0x47DEF1FA, 0x44D2E8F7, 0x5FBFDFF6, 0xB9ACD5F1, 0xD7A6CEEB, 0xFF98CDF0, 0x95B3D3EF,
  0x00FFFFFF, 0x00FFFFFF, 0x00FFFFFF, 0x00FFFFFF, 0x00FFFFFF, 0x00FFFFFF, 0x1CF4F9FE, 0xABD9E5F4,
  0xFFD0E9FD, 0xFDBCE5FF, 0xFDADD9FC, 0xF9B0D8F9, 0xFFB5D9F6, 0xFFB6D8F2, 0xFFB3D9F8, 0xF3AED9FC,
  0xFFCEE6FD, 0x00FFFFFF, 0x00FFFFFF, 0x00FFFFFF, 0x00FFFFFF, 0x00FFFFFF, 0x00FFFFFF, 0x00FFFFFF,
  0x00FFFFFF, 0x00FFFFFF, 0x00FFFFFF, 0x00FFFFFF, 0x00FFFFFF, 0x00FFFFFF, 0x00FFFFFF, 0x00FFFFFF,
  0x00FFFFFF, 0x00FFFFFF, 0x00FFFFFF, 0x00FFFFFF, 0x00FFFFFF, 0x00FFFFFF, 0x00FFFFFF, 0x00FFFFFF,
  0x2CE5F3F7, 0x88DBEDF3, 0x00FFFFFF, 0x00FFFFFF, 0x00FFFFFF, 0x00FFFFFF, 0x00FFFFFF, 0x00FFFFFF,
  0x00FFFFFF, 0x00FFFFFF, 0x00FFFFFF, 0x00FFFFFF, 0x00FFFFFF, 0x00FFFFFF, 0x00FFFFFF, 0x00FFFFFF,
  0x00FFFFFF, 0x00FFFFFF, 0x00FFFFFF, 0x00FFFFFF, 0x36EEF5FB, 0xE9CEE1F2, 0xFFC6E6FB, 0xFFBAE1FE,
  0xFBB1D5F7, 0xF7B5D9F9, 0xFDB5D8F8, 0xFFB5D8F7, 0xFBB3D9F9, 0xF5B4DAF9, 0xF9B2D7F7, 0xFFC3E7FF,
  0xCAE1F3FD, 0x00FFFFFF, 0x00FFFFFF, 0x00FFFFFF, 0x00FFFFFF, 0x00FFFFFF, 0x00FFFFFF, 0x00FFFFFF,
  0x00FFFFFF, 0x00FFFFFF, 0x00FFFFFF, 0x00FFFFFF, 0x00FFFFFF, 0x00FFFFFF, 0x00FFFFFF, 0x00FFFFFF,
  0x00FFFFFF, 0x00FFFFFF, 0x00FFFFFF, 0x00FFFFFF, 0x00FFFFFF, 0x00FFFFFF, 0x00FFFFFF, 0xFF95D1F9,
  0xF73093E5, 0xFD258BE0, 0xFF5AAAEC, 0xAAD5ECF8, 0x00FFFFFF, 0x11F7FBFE, 0x00FFFFFF, 0x00FFFFFF,
  0x00FFFFFF, 0x00FFFFFF, 0x00FFFFFF, 0x00FFFFFF, 0x00FFFFFF, 0x00FFFFFF, 0x00FFFFFF, 0x00FFFFFF,
  0x00FFFFFF, 0x00FFFFFF, 0x00FFFFFF, 0xE9CCE3F3, 0xFDC2E0FB, 0xFFB6DCFC, 0xF9AED8F6, 0xF9B1DBF8,
  0xFFB4D9F5, 0xFFB7D8F4, 0xF9B7D7F8, 0xF7B2D6FC, 0xFFB5DDFE, 0xFFC7E9FF, 0xF3CEE6F8, 0xA8E2F0F9,
  0x00FFFFFF, 0x00FFFFFF, 0x00FFFFFF, 0x00FFFFFF, 0x00FFFFFF, 0x00FFFFFF, 0x00FFFFFF, 0x00FFFFFF,
  0x00FFFFFF, 0x00FFFFFF, 0x00FFFFFF, 0x00FFFFFF, 0x00FFFFFF, 0x00FFFFFF, 0x00FFFFFF, 0x00FFFFFF,
  0x00FFFFFF, 0x00FFFFFF, 0x00FFFFFF, 0x00FFFFFF, 0x00FFFFFF, 0x00FFFFFF, 0x83CDE4F1, 0xFF1983E4,
  0xF1077CEB, 0xF9057EE9, 0xF90373E5, 0xFF2A8EED, 0xD9A6D6F5, 0x00FFFFFF, 0x00FFFFFF, 0x00FFFFFF,
  0x00FFFFFF, 0x00FFFFFF, 0x00FFFFFF, 0x00FFFFFF, 0x00FFFFFF, 0x00FFFFFF, 0x00FFFFFF, 0x00FFFFFF,
  0x00FFFFFF, 0x00FFFFFF, 0x70E8F6FE, 0xFFC7E9FF, 0xF3B2D8F9, 0xFBB4D8FB, 0xFFB6D8F8, 0xFFB8D7F3,
  0xF7B2D9FA, 0xFBAED8FC, 0xFFBAE4FE, 0xFFC9ECFF, 0xC7CFE5F5, 0x58EBF5FB, 0x00FFFFFF, 0x00FFFFFF,
  0x00FFFFFF, 0x00FFFFFF, 0x00FFFFFF, 0x21F6FAFC, 0x00FFFFFF, 0x00FFFFFF, 0x00FFFFFF, 0x00FFFFFF,
  0x00FFFFFF, 0x00FFFFFF, 0x00FFFFFF, 0x00FFFFFF, 0x00FFFFFF, 0x00FFFFFF, 0x00FFFFFF, 0x00FFFFFF,
  0x00FFFFFF, 0x00FFFFFF, 0x00FFFFFF, 0x00FFFFFF, 0x00FFFFFF, 0x00FFFFFF, 0xD7B3D6EC, 0xFF0475DC,
  0xFD0881E8, 0xFF077BE4, 0xFF097FE5, 0xF9037CE4, 0xF90D77DD, 0xFF79BCF5, 0x68EEFEFF, 0x00FFFFFF,
  0x00FFFFFF, 0x00FFFFFF, 0x00FFFFFF, 0x00FFFFFF, 0x00FFFFFF, 0x00FFFFFF, 0x00FFFFFF, 0x00FFFFFF,
  0x00FFFFFF, 0x00FFFFFF, 0x9EDCEBF9, 0xFFB8DCFE, 0xF9B3DAF4, 0xFDB5D8F2, 0xFBB6D6F9, 0xFBB1D5FA,
  0xFFBFE6FF, 0xFFC7E7FB, 0x89D6E8F4, 0x1EF4F9FB, 0x00FFFFFF, 0x00FFFFFF, 0x00FFFFFF, 0x00FFFFFF,
  0x00FFFFFF, 0x6BEDF5FC, 0xFFE4F5FF, 0xFBE3F5FF, 0xFDDEEDF8, 0x31F4F8FC, 0x00FFFFFF, 0x00FFFFFF,
  0x00FFFFFF, 0x00FFFFFF, 0x00FFFFFF, 0x00FFFFFF, 0x00FFFFFF, 0x00FFFFFF, 0x00FFFFFF, 0x00FFFFFF,
  0x00FFFFFF, 0x00FFFFFF, 0x00FFFFFF, 0x00FFFFFF, 0x00FFFFFF, 0x00FFFFFF, 0x5FE7F8FF, 0xFF3699EE,
  0xF50575E5, 0xFF0680E3, 0xFF027FE2, 0xFF0380EC, 0xFD077FE7, 0xF3066FE4, 0xFF48A3F4, 0xA6C6EAFC,
  0x00FFFFFF, 0x00FFFFFF, 0x00FFFFFF, 0x00FFFFFF, 0x00FFFFFF, 0x00FFFFFF, 0x00FFFFFF, 0x00FFFFFF,
  0x00FFFFFF, 0x00FFFFFF, 0x34EFF8FC, 0xFFD4F6FF, 0xF7B1D9FB, 0xFFB4DCFC, 0xFDB7E0F9, 0xFFCDEBFC,
  0x61E0EDF6, 0x00FFFFFF, 0x00FFFFFF, 0x00FFFFFF, 0x00FFFFFF, 0x00FFFFFF, 0x00FFFFFF, 0x00FFFFFF,
  0x00FFFFFF, 0xFFE9FAFF, 0xF7CBE3FC, 0xF3CBE5FD, 0xFFD0E7FD, 0xE4E7F5FF, 0x00FFFFFF, 0x00FFFFFF,
  0x00FFFFFF, 0x00FFFFFF, 0x00FFFFFF, 0x00FFFFFF, 0x00FFFFFF, 0x00FFFFFF, 0x00FFFFFF, 0x00FFFFFF,
  0x00FFFFFF, 0x00FFFFFF, 0x00FFFFFF, 0x00FFFFFF, 0x00FFFFFF, 0x00FFFFFF, 0x00FFFFFF, 0xB7C6E6F6,
  0xFF44A0E9, 0xFB0273DE, 0xFD077DE7, 0xFF087DE9, 0xFF027EEA, 0xFF0782E6, 0xF50577E4, 0xFF1682E4,
  0xE688C8F3, 0x42F6FFFF, 0x00FFFFFF, 0x00FFFFFF, 0x00FFFFFF, 0x00FFFFFF, 0x00FFFFFF, 0x00FFFFFF,
  0x00FFFFFF, 0x00FFFFFF, 0x00FFFFFF, 0x4AEDF6FC, 0xF9D3E5F5, 0xCAD1E5F5, 0xADE5F4FD, 0x00FFFFFF,
  0x00FFFFFF, 0x00FFFFFF, 0x00FFFFFF, 0x00FFFFFF, 0x00FFFFFF, 0x00FFFFFF, 0x00FFFFFF, 0x00FFFFFF,
  0xFDE3F4FD, 0xFBCCE2F8, 0xFDCCE4FA, 0xFFCBE5FD, 0xF9CAE3FC, 0xFFDDEBF9, 0x00FFFFFF, 0x00FFFFFF,
  0x00FFFFFF, 0x00FFFFFF, 0x00FFFFFF, 0x00FFFFFF, 0x00FFFFFF, 0x00FFFFFF, 0x00FFFFFF, 0x00FFFFFF,
  0x00FFFFFF, 0x00FFFFFF, 0x00FFFFFF, 0x00FFFFFF, 0x00FFFFFF, 0x00FFFFFF, 0x00FFFFFF, 0x00FFFFFF,
  0x5DECFCFF, 0xFF79BCF0, 0xF90B7BE0, 0xF9037BE7, 0xFF087EE8, 0xFF047DE9, 0xFF077EEB, 0xFB047CE5,
  0xF90578DB, 0xFF58ABF1, 0xB4D3EDF8, 0x00FFFFFF, 0x00FFFFFF, 0x00FFFFFF, 0x00FFFFFF, 0x00FFFFFF,
  0x00FFFFFF, 0x00FFFFFF, 0x00FFFFFF, 0x00FFFFFF, 0x00FFFFFF, 0x00FFFFFF, 0x00FFFFFF, 0x00FFFFFF,
  0x00FFFFFF, 0x00FFFFFF, 0x00FFFFFF, 0x00FFFFFF, 0x00FFFFFF, 0x00FFFFFF, 0x00FFFFFF, 0xABE9F6FD,
  0xFFD4ECFF, 0xFBCCE3F9, 0xFFCCE5FA, 0xFBCBE3FA, 0xFFD5EBFF, 0xB9ECF7FD, 0x00FFFFFF, 0x00FFFFFF,
  0x00FFFFFF, 0xA6F0F7FC, 0xFFF5FFFF, 0xFDEEF9FD, 0x6BF1F8FC, 0x00FFFFFF, 0x00FFFFFF, 0x00FFFFFF,
  0x00FFFFFF, 0x00FFFFFF, 0x00FFFFFF, 0x00FFFFFF, 0x00FFFFFF, 0x00FFFFFF, 0x00FFFFFF, 0x00FFFFFF,
  0x00FFFFFF, 0x00FFFFFF, 0xB5AFD7F2, 0xFF3096ED, 0xF90375DF, 0xFD097DE5, 0xFF047FE6, 0xFF077EE3,
  0xFD0680E9, 0xF50575E2, 0xFF2E91E7, 0xA8BADDF3, 0x00FFFFFF, 0x37FCFCF7, 0x00FFFFFF, 0x00FFFFFF,
  0x00FFFFFF, 0x00FFFFFF, 0x00FFFFFF, 0x00FFFFFF, 0x00FFFFFF, 0x00FFFFFF, 0x00FFFFFF, 0x00FFFFFF,
  0x00FFFFFF, 0x00FFFFFF, 0x00FFFFFF, 0x00FFFFFF, 0x00FFFFFF, 0x00FFFFFF, 0x6CEFF8FE, 0xFFDCF3FF,
  0xF9CBE4FB, 0xFFCCE5FC, 0xFFCBE5FB, 0xFBCDE3F8, 0xFDE1F0FB, 0x00FFFFFF, 0x00FFFFFF, 0x00FFFFFF,
  0x00FFFFFF, 0x00FFFFFF, 0xF3E2F0FD, 0xF7E4F3FF, 0x00FFFFFF, 0x00FFFFFF, 0x00FFFFFF, 0x00FFFFFF,
  0x00FFFFFF, 0x00FFFFFF, 0x00FFFFFF, 0x00FFFFFF, 0x00FFFFFF, 0x00FFFFFF, 0x00FFFFFF, 0x00FFFFFF,
  0x00FFFFFF, 0x00FFFFFF, 0x00FFFFFF, 0x8BD9F0FB, 0xFF51A9ED, 0xF90478DE, 0xF9047EE2, 0xFF0A7DE4,
  0xFF027CEF, 0xFF0682E8, 0xF90376E1, 0xFF3691E8, 0x88F0FBFD, 0x89FFFEF5, 0x00FFFFFF, 0x00FFFFFF,
  0x00FFFFFF, 0x00FFFFFF, 0x00FFFFFF, 0x00FFFFFF, 0x00FFFFFF, 0x00FFFFFF, 0x00FFFFFF, 0x00FFFFFF,
  0x00FFFFFF, 0x00FFFFFF, 0x00FFFFFF, 0x00FFFFFF, 0x00FFFFFF, 0x2AF9FDFF, 0xFFE0F4FF, 0xFBC9E3FA,
  0xFFCBE5FC, 0xFFCCE5FC, 0xF5CDE4F8, 0xFFE7F9FF, 0x56F4FBFE, 0x00FFFFFF, 0x00FFFFFF, 0x00FFFFFF,
  0x79F5F9FC, 0xFFF4FDFF, 0xF9E4F0FC, 0xF9E4F1FD, 0xFFEEF9FF, 0x00FFFFFF, 0x00FFFFFF, 0x00FFFFFF,
  0x00FFFFFF, 0x00FFFFFF, 0x00FFFFFF, 0x00FFFFFF, 0x00FFFFFF, 0x00FFFFFF, 0x00FFFFFF, 0x00FFFFFF,
  0x00FFFFFF, 0x00FFFFFF, 0x00FFFFFF, 0x00FFFFFF, 0x00FFFFFF, 0xF18ECAF3, 0xFF1A89E6, 0xFB0275E6,
  0xFD0B7EE8, 0xFD067FE2, 0xFD0480E5, 0xF71179D9, 0xFFECF1F8, 0x00FFFFFF, 0x00FFFFFF, 0x00FFFFFF,
  0x00FFFFFF, 0x00FFFFFF, 0x00FFFFFF, 0x00FFFFFF, 0x00FFFFFF, 0x00FFFFFF, 0x00FFFFFF, 0x00FFFFFF,
  0x00FFFFFF, 0x00FFFFFF, 0x00FFFFFF, 0x00FFFFFF, 0x00FFFFFF, 0xF3E2F4FC, 0xFFCCE5FB, 0xFDCDE3F9,
  0xFFCEE5F9, 0xF7CAE4FB, 0xFFE1F7FF, 0x69F1FAFF, 0x00FFFFFF, 0x00FFFFFF, 0x00FFFFFF, 0x00FFFFFF,
  0xA5EFF4F9, 0xFFF0FAFF, 0xFBE4F0FC, 0xFBE4F0FB, 0xFFF3FDFF, 0x00FFFFFF, 0x00FFFFFF, 0x00FFFFFF,
  0x00FFFFFF, 0x00FFFFFF, 0x00FFFFFF, 0x00FFFFFF, 0x00FFFFFF, 0x00FFFFFF, 0x00FFFFFF, 0x00FFFFFF,
  0x00FFFFFF, 0x00FFFFFF, 0x00FFFFFF, 0x00FFFFFF, 0x00FFFFFF, 0x00FFFFFF, 0x80C6E5F6, 0xFF419BE3,
  0xFD0178E0, 0xFD037CEC, 0xFF0071DA, 0xFB5BA8E4, 0x00FFFFFF, 0x00FFFFFF, 0x00FFFFFF, 0x00FFFFFF,
  0x00FFFFFF, 0x00FFFFFF, 0x00FFFFFF, 0x00FFFFFF, 0x00FFFFFF, 0x00FFFFFF, 0x00FFFFFF, 0x00FFFFFF,
  0x00FFFFFF, 0x00FFFFFF, 0x00FFFFFF, 0x00FFFFFF, 0x9AE9F6FD, 0xFFD6EFFF, 0xF9CBE4FB, 0xFFCEE4FA,
  0xFBCDE3F8, 0xFFD3EBFF, 0xBAE4F0FB, 0x00FFFFFF, 0x00FFFFFF, 0x00FFFFFF, 0x00FFFFFF, 0x00FFFFFF,
  0xEFEFF4FB, 0xFFE6F3FF, 0xFDE4F1FF, 0xFBE4F0FC, 0xFFF2FCFF, 0x00FFFFFF, 0x00FFFFFF, 0x00FFFFFF,
  0x00FFFFFF, 0x00FFFFFF, 0x00FFFFFF, 0x00FFFFFF, 0x00FFFFFF, 0x00FFFFFF, 0x00FFFFFF, 0x00FFFFFF,
  0x00FFFFFF, 0x00FFFFFF, 0x00FFFFFF, 0x00FFFFFF, 0x00FFFFFF, 0x00FFFFFF, 0x00FFFFFF, 0x45EDFBFD,
  0xF57DBEEB, 0xCC4C9BE4, 0xF178B1E6, 0x5FE0F6FD, 0x00FFFFFF, 0x00FFFFFF, 0x00FFFFFF, 0x00FFFFFF,
  0x00FFFFFF, 0x00FFFFFF, 0x00FFFFFF, 0x00FFFFFF, 0x00FFFFFF, 0x00FFFFFF, 0x00FFFFFF, 0x00FFFFFF,
  0x00FFFFFF, 0x00FFFFFF, 0x00FFFFFF, 0x61F3F9FD, 0xFFE1F6FF, 0xF7CBE3F9, 0xFFCCE5FC, 0xFDCBE4FA,
  0xFFCFE5FA, 0xE4DBECF9, 0x00FFFFFF, 0x00FFFFFF, 0x00FFFFFF, 0x00FFFFFF, 0x00FFFFFF, 0x00FFFFFF,
  0xEDE8F1FA, 0xFFE7F3FF, 0xFDE4F0FF, 0xFBE3EFFB, 0xFFF6FEFF, 0x00FFFFFF, 0x00FFFFFF, 0x00FFFFFF,
  0x00FFFFFF, 0x00FFFFFF, 0x00FFFFFF, 0x00FFFFFF, 0x00FFFFFF, 0x00FFFFFF, 0x00FFFFFF, 0x00FFFFFF,
  0x00FFFFFF, 0x00FFFFFF, 0x00FFFFFF, 0x00FFFFFF, 0x00FFFFFF, 0x00FFFFFF, 0x00FFFFFF, 0x00FFFFFF,
  0x00FFFFFF, 0x00FFFFFF, 0x00FFFFFF, 0x00FFFFFF, 0x00FFFFFF, 0x00FFFFFF, 0x00FFFFFF, 0x00FFFFFF,
  0x00FFFFFF, 0x00FFFFFF, 0x00FFFFFF, 0x00FFFFFF, 0x00FFFFFF, 0x00FFFFFF, 0x00FFFFFF, 0x00FFFFFF,
  0x00FFFFFF, 0x00FFFFFF, 0x00FFFFFF, 0xF9DBEEFB, 0xFDCBE3FA, 0xFFCBE5FC, 0xFFC9E7FF, 0xF7CAE4FA,
  0xFFE4F7FF, 0x45F2F9FD, 0x00FFFFFF, 0x00FFFFFF, 0x00FFFFFF, 0x00FFFFFF, 0x00FFFFFF, 0x00FFFFFF,
  0xFFF1FBFF, 0xFBE4F0FC, 0xFBE5F1FF, 0xFFEAF5FF, 0xD9EBF4FA, 0x00FFFFFF, 0x00FFFFFF, 0x00FFFFFF,
  0x00FFFFFF, 0x00FFFFFF, 0x00FFFFFF, 0x00FFFFFF, 0x00FFFFFF, 0x00FFFFFF, 0x00FFFFFF, 0x00FFFFFF,
  0x00FFFFFF, 0x00FFFFFF, 0x00FFFFFF, 0x00FFFFFF, 0x00FFFFFF, 0x00FFFFFF, 0x00FFFFFF, 0x00FFFFFF,
  0x00FFFFFF, 0x00FFFFFF, 0x00FFFFFF, 0x00FFFFFF, 0x00FFFFFF, 0x00FFFFFF, 0x00FFFFFF, 0x00FFFFFF,
  0x00FFFFFF, 0x00FFFFFF, 0x00FFFFFF, 0x00FFFFFF, 0x00FFFFFF, 0x00FFFFFF, 0x00FFFFFF, 0x00FFFFFF,
  0x00FFFFFF, 0x00FFFFFF, 0x00FFFFFF, 0xFFDFF5FF, 0xF5CBE5FC, 0xFFCCE5FD, 0xF5C8E5FD, 0xFFDBF3FF,
  0x7BEDF7FC, 0x00FFFFFF, 0x00FFFFFF, 0x00FFFFFF, 0x00FFFFFF, 0x00FFFFFF, 0x00FFFFFF, 0x00FFFFFF,
  0x00FFFFFF, 0xF7E4F0FC, 0xFBE5F1FF, 0xFFEFF9FF, 0xBAECF5FB, 0x00FFFFFF, 0x00FFFFFF, 0x00FFFFFF,
  0x00FFFFFF, 0x00FFFFFF, 0x00FFFFFF, 0x00FFFFFF, 0x00FFFFFF, 0x00FFFFFF, 0x00FFFFFF, 0x00FFFFFF,
  0x00FFFFFF, 0x00FFFFFF, 0x00FFFFFF, 0x00FFFFFF, 0x00FFFFFF, 0x00FFFFFF, 0x00FFFFFF, 0x00FFFFFF,
  0x00FFFFFF, 0x00FFFFFF, 0x00FFFFFF, 0x00FFFFFF, 0x00FFFFFF, 0x00FFFFFF, 0x00FFFFFF, 0x00FFFFFF,
  0x00FFFFFF, 0x00FFFFFF, 0x00FFFFFF, 0x00FFFFFF, 0x00FFFFFF, 0x00FFFFFF, 0x00FFFFFF, 0x00FFFFFF,
  0x00FFFFFF, 0x00FFFFFF, 0x00FFFFFF, 0xFFE5F7FF, 0xFBCBE4F9, 0xF9CCE2F8, 0xFFD9EEFF, 0xDAE7F5FC,
  0x00FFFFFF, 0x00FFFFFF, 0x00FFFFFF, 0x00FFFFFF, 0x00FFFFFF, 0x00FFFFFF, 0x00FFFFFF, 0x28F7FBFF,
  0xFFF7FFFF, 0xF7E4F0FF, 0xFBE4F0FD, 0xFFEFF9FF, 0xBAECF4FB, 0x00FFFFFF, 0x00FFFFFF, 0x00FFFFFF,
  0x00FFFFFF, 0x00FFFFFF, 0x00FFFFFF, 0x00FFFFFF, 0x00FFFFFF, 0x00FFFFFF, 0x00FFFFFF, 0x00FFFFFF,
  0x00FFFFFF, 0x00FFFFFF, 0x00FFFFFF, 0x00FFFFFF, 0x00FFFFFF, 0x00FFFFFF, 0x00FFFFFF, 0x00FFFFFF,
  0x00FFFFFF, 0x00FFFFFF, 0x00FFFFFF, 0x00FFFFFF, 0x00FFFFFF, 0x00FFFFFF, 0x00FFFFFF, 0x00FFFFFF,
  0x00FFFFFF, 0x00FFFFFF, 0x00FFFFFF, 0x00FFFFFF, 0x00FFFFFF, 0x00FFFFFF, 0x00FFFFFF, 0x00FFFFFF,
  0x00FFFFFF, 0x00FFFFFF, 0x00FFFFFF, 0x44F3F8FB, 0xFFE1F5FF, 0xFFD6EBFC, 0xDAE1ECF6, 0x00FFFFFF,
  0x00FFFFFF, 0x00FFFFFF, 0x00FFFFFF, 0x00FFFFFF, 0x00FFFFFF, 0x00FFFFFF, 0x00FFFFFF, 0x2AF6FAFD,
  0xFFF7FFFF, 0xF7E4F1FF, 0xFBE4F1FD, 0xFFEEF9FF, 0xBAF4F7FC, 0x00FFFFFF, 0x00FFFFFF, 0x00FFFFFF,
  0x00FFFFFF, 0x00FFFFFF, 0x00FFFFFF, 0x00FFFFFF, 0x00FFFFFF, 0x00FFFFFF, 0x00FFFFFF, 0x00FFFFFF,
  0x00FFFFFF, 0x00FFFFFF, 0x00FFFFFF, 0x00FFFFFF, 0x00FFFFFF, 0x00FFFFFF, 0x00FFFFFF, 0x00FFFFFF,
  0x00FFFFFF, 0x00FFFFFF, 0x00FFFFFF, 0x00FFFFFF, 0x00FFFFFF, 0x00FFFFFF, 0x00FFFFFF, 0x00FFFFFF,
  0x00FFFFFF, 0x00FFFFFF, 0x00FFFFFF, 0x00FFFFFF, 0x00FFFFFF, 0x00FFFFFF, 0x00FFFFFF, 0x00FFFFFF,
  0x00FFFFFF, 0x00FFFFFF, 0x00FFFFFF, 0x00FFFFFF, 0x00FFFFFF, 0x00FFFFFF, 0x00FFFFFF, 0x00FFFFFF,
  0x00FFFFFF, 0x00FFFFFF, 0x00FFFFFF, 0x00FFFFFF, 0x00FFFFFF, 0x00FFFFFF, 0x00FFFFFF, 0x29F6FAFD,
  0xFFF8FFFF, 0xF7E4F0FF, 0xF9E3F1FD, 0xFFF4FDFF, 0x79F2F7FC, 0x00FFFFFF, 0x00FFFFFF, 0x00FFFFFF,
  0x00FFFFFF, 0x00FFFFFF, 0x00FFFFFF, 0x00FFFFFF, 0x00FFFFFF, 0x00FFFFFF, 0x00FFFFFF, 0x00FFFFFF,
  0x00FFFFFF, 0x00FFFFFF, 0x00FFFFFF, 0x00FFFFFF, 0x00FFFFFF, 0x00FFFFFF, 0x00FFFFFF, 0x00FFFFFF,
  0x00FFFFFF, 0x00FFFFFF, 0x00FFFFFF, 0x00FFFFFF, 0x00FFFFFF, 0x00FFFFFF, 0x00FFFFFF, 0x00FFFFFF,
  0x00FFFFFF, 0x00FFFFFF, 0x00FFFFFF, 0x00FFFFFF, 0x00FFFFFF, 0x00FFFFFF, 0x00FFFFFF, 0x00FFFFFF,
  0x00FFFFFF, 0x00FFFFFF, 0x00FFFFFF, 0x00FFFFFF, 0x00FFFFFF, 0x00FFFFFF, 0x00FFFFFF, 0x00FFFFFF,
  0x00FFFFFF, 0x00FFFFFF, 0x00FFFFFF, 0x00FFFFFF, 0x00FFFFFF, 0x00FFFFFF, 0x00FFFFFF, 0x73F3F7FB,
  0xFFF4FEFF, 0xF9E4F0FD, 0xF7E4F0FB, 0x00FFFFFF, 0x00FFFFFF, 0x00FFFFFF, 0x00FFFFFF, 0x00FFFFFF,
  0x00FFFFFF, 0x00FFFFFF, 0x00FFFFFF, 0x00FFFFFF, 0x00FFFFFF, 0x00FFFFFF, 0x00FFFFFF, 0x00FFFFFF,
  0x00FFFFFF, 0x00FFFFFF, 0x00FFFFFF, 0x00FFFFFF, 0x00FFFFFF, 0x00FFFFFF, 0x00FFFFFF, 0x00FFFFFF,
  0x00FFFFFF, 0x00FFFFFF, 0x00FFFFFF, 0x00FFFFFF, 0x00FFFFFF, 0x00FFFFFF, 0x00FFFFFF, 0x00FFFFFF,
  0x00FFFFFF, 0x00FFFFFF, 0x00FFFFFF, 0x00FFFFFF, 0x00FFFFFF, 0x00FFFFFF, 0x00FFFFFF, 0x00FFFFFF,
  0x00FFFFFF, 0x00FFFFFF, 0x00FFFFFF, 0x00FFFFFF, 0x00FFFFFF, 0x00FFFFFF, 0x00FFFFFF, 0x00FFFFFF,
  0x00FFFFFF, 0x00FFFFFF, 0x00FFFFFF, 0x00FFFFFF, 0x00FFFFFF, 0x00FFFFFF, 0x00FFFFFF, 0x8FF7FBFF,
  0xFFEEFCFF, 0xF7E3F1FF, 0xF9E4F1FB, 0xFFF0F8FF, 0x00FFFFFF, 0x00FFFFFF, 0x00FFFFFF, 0x00FFFFFF,
  0x00FFFFFF, 0x00FFFFFF, 0x00FFFFFF, 0x00FFFFFF, 0x00FFFFFF, 0x00FFFFFF, 0x00FFFFFF, 0x00FFFFFF,
  0x00FFFFFF, 0x00FFFFFF, 0x00FFFFFF, 0x00FFFFFF, 0x00FFFFFF, 0x00FFFFFF, 0x00FFFFFF, 0x00FFFFFF,
  0x00FFFFFF, 0x00FFFFFF, 0x00FFFFFF, 0x00FFFFFF, 0x00FFFFFF, 0x00FFFFFF, 0x00FFFFFF, 0x00FFFFFF,
  0x00FFFFFF, 0x00FFFFFF, 0x00FFFFFF, 0x00FFFFFF, 0x00FFFFFF, 0x00FFFFFF, 0x00FFFFFF, 0x00FFFFFF,
  0x00FFFFFF, 0x00FFFFFF, 0x00FFFFFF, 0x00FFFFFF, 0x00FFFFFF, 0x00FFFFFF, 0x00FFFFFF, 0x00FFFFFF,
  0x00FFFFFF, 0x00FFFFFF, 0x00FFFFFF, 0x00FFFFFF, 0x00FFFFFF, 0x00FFFFFF, 0x00FFFFFF, 0x36F7FBFE,
  0x00FFFFFF, 0xF7E5F5FF, 0xFFE9F8FE, 0xFFF5FEFF, 0x00FFFFFF, 0x00FFFFFF, 0x00FFFFFF, 0x00FFFFFF,
  0x00FFFFFF, 0x00FFFFFF, 0x00FFFFFF, 0x00FFFFFF, 0x00FFFFFF, 0x00FFFFFF, 0x00FFFFFF, 0x00FFFFFF,
  0x00FFFFFF, 0x00FFFFFF, 0x00FFFFFF, 0x00FFFFFF, 0x00FFFFFF, 0x00FFFFFF, 0x00FFFFFF, 0x00FFFFFF,
  0x00FFFFFF, 0x00FFFFFF, 0x00FFFFFF, 0x00FFFFFF, 0x00FFFFFF, 0x00FFFFFF, 0x00FFFFFF, 0x00FFFFFF,
  0x00FFFFFF, 0x00FFFFFF, 0x00FFFFFF, 0x00FFFFFF, 0x00FFFFFF, 0x00FFFFFF, 0x00FFFFFF, 0x00FFFFFF,
  0x00FFFFFF, 0x00FFFFFF, 0x00FFFFFF, 0x00FFFFFF, 0x00FFFFFF, 0x00FFFFFF, 0x00FFFFFF, 0x00FFFFFF,
  0x00FFFFFF, 0x00FFFFFF, 0x00FFFFFF, 0x00FFFFFF, 0x00FFFFFF, 0x00FFFFFF, 0x00FFFFFF, 0x00FFFFFF,
  0x4EF4F8FD, 0xE0EAF3F9, 0xB9ECF5FB, 0x00FFFFFF, 0x00FFFFFF, 0x00FFFFFF, 0x00FFFFFF, 0x00FFFFFF,
  0x00FFFFFF, 0x00FFFFFF, 0x00FFFFFF, 0x00FFFFFF, 0x00FFFFFF, 0x00FFFFFF, 0x00FFFFFF, 0x00FFFFFF,
  0x00FFFFFF, 0x00FFFFFF, 0x00FFFFFF, 0x00FFFFFF, 0x00FFFFFF, 0x00FFFFFF, 0x00FFFFFF, 0x00FFFFFF,
  0x00FFFFFF, 0x00FFFFFF, 0x00FFFFFF, 0x00FFFFFF, 0x00FFFFFF, 0x00FFFFFF, 0x00FFFFFF, 0x00FFFFFF,
};

static const unsigned g_splash_sp10_w = 56u;
static const unsigned g_splash_sp10_h = 56u;
static const uint32_t g_splash_sp10_px[3136] = {
  0x00000000, 0x00000000, 0x00000000, 0x00000000, 0x00000000, 0x00000000, 0x00000000, 0x00000000,
  0x00000000, 0x00000000, 0x00000000, 0x00000000, 0x00000000, 0x00000000, 0x00000000, 0x00000000,
  0x00FFFFFF, 0x00000000, 0x00000000, 0x00000000, 0x00000000, 0x00000000, 0x00000000, 0x00000000,
  0x00000000, 0x00000000, 0x00FFFFFF, 0x00FFFFFF, 0x00000000, 0x06AAD4FF, 0x8EDEF2F9, 0x86DAE6EF,
  0x60C7DCEC, 0x00000000, 0x00000000, 0x00000000, 0x00000000, 0x00000000, 0x00000000, 0x00000000,
  0x00000000, 0x00000000, 0x00000000, 0x00000000, 0x00000000, 0x00000000, 0x00000000, 0x00000000,
  0x00000000, 0x00000000, 0x00000000, 0x00000000, 0x00000000, 0x00000000, 0x00000000, 0x00000000,
  0x00000000, 0x00000000, 0x00000000, 0x00000000, 0x00000000, 0x00000000, 0x00000000, 0x00000000,
  0x00000000, 0x00000000, 0x00000000, 0x00000000, 0x00000000, 0x00000000, 0x00000000, 0x00000000,
  0x00FFFFFF, 0x00000000, 0x00FFFFFF, 0x00000000, 0x00000000, 0x00000000, 0x00000000, 0x00000000,
  0x00000000, 0x00000000, 0x00FFFFFF, 0x00000000, 0x00FFFFFF, 0xA7ABD5F4, 0xFFA4E7FF, 0xFD79BAF4,
  0xFFACDCFF, 0x8BD8EAF3, 0x00FFFFFF, 0x00000000, 0x00000000, 0x00000000, 0x00000000, 0x00000000,
  0x00000000, 0x00000000, 0x00000000, 0x00000000, 0x00000000, 0x00000000, 0x00000000, 0x00000000,
  0x00000000, 0x00000000, 0x00000000, 0x00000000, 0x00000000, 0x00000000, 0x00000000, 0x00000000,
  0x00000000, 0x00000000, 0x00000000, 0x00000000, 0x00000000, 0x00000000, 0x00000000, 0x00000000,
  0x00000000, 0x00000000, 0x00000000, 0x00000000, 0x00000000, 0x00000000, 0x00000000, 0x00000000,
  0x75F1FCFC, 0x9AD8F3FF, 0xB2C8E3F6, 0x61E4EFEF, 0x17F3F3F3, 0x00000000, 0x00000000, 0x00000000,
  0x00000000, 0x00000000, 0x00000000, 0x00000000, 0x6AD1EEFC, 0xFF91D5FF, 0xF367B3F3, 0xFB66B2F4,
  0xFF5EAEF9, 0xD6ACDAFB, 0x00FFFFFF, 0x0100FFFF, 0x00000000, 0x00000000, 0x00000000, 0x00000000,
  0x00000000, 0x00000000, 0x00000000, 0x00000000, 0x00000000, 0x00000000, 0x00000000, 0x00000000,
  0x00000000, 0x00000000, 0x00000000, 0x00000000, 0x00000000, 0x00000000, 0x00000000, 0x00000000,
  0x00000000, 0x00000000, 0x00000000, 0x00000000, 0x00000000, 0x00000000, 0x00000000, 0x00000000,
  0x00000000, 0x00000000, 0x00000000, 0x00000000, 0x00000000, 0x00000000, 0x00000000, 0x75D5EDFA,
  0xFFC9F7FF, 0xFF95D5FF, 0xFD84BFF5, 0xCEA2CEF8, 0xC9E6F7FD, 0x00FFFFFF, 0x00000000, 0x00000000,
  0x00000000, 0x00000000, 0x00000000, 0x00000000, 0x85D0E7EF, 0xFF90CFFF, 0xF967ACEC, 0xFD71B5ED,
  0xF56FB4F5, 0xFEA9D7FD, 0x1CC8E3F5, 0x00000000, 0x00000000, 0x00000000, 0x00000000, 0x00000000,
  0x00000000, 0x00000000, 0x00000000, 0x00000000, 0x00000000, 0x00000000, 0x00000000, 0x00000000,
  0x00000000, 0x00000000, 0x00000000, 0x00000000, 0x00000000, 0x00000000, 0x00000000, 0x00000000,
  0x00000000, 0x00000000, 0x00000000, 0x00000000, 0x00000000, 0x00000000, 0x00000000, 0x00000000,
  0x00000000, 0x00000000, 0x00000000, 0x00000000, 0x00000000, 0x00000000, 0x00FFFFFF, 0x8BD6EEF7,
  0xFF8BC3F3, 0xF873B5F4, 0xF982C1F6, 0xFF8CCFFF, 0xE6C0E4FD, 0x00FFFFFF, 0x00000000, 0x00000000,
  0x00000000, 0x00000000, 0x00000000, 0x00000000, 0x86C4E0F9, 0xFF72B9FB, 0xFD6EB4F2, 0xFF74B6F0,
  0xFF6AB4FD, 0xDA9FCFFB, 0x00FFFFFF, 0x00000000, 0x00000000, 0x00000000, 0x00000000, 0x00000000,
  0x00000000, 0x00000000, 0x00000000, 0x00000000, 0x00000000, 0x00000000, 0x00000000, 0x00000000,
  0x00000000, 0x00000000, 0x00000000, 0x00000000, 0x00000000, 0x00000000, 0x00000000, 0x00000000,
  0x00000000, 0x00000000, 0x00000000, 0x00000000, 0x00000000, 0x00000000, 0x00000000, 0x00000000,
  0x00000000, 0x00000000, 0x00000000, 0x00000000, 0x00000000, 0x00FFFFFF, 0x00000000, 0x64E0F4FF,
  0xFFB2EBFF, 0xF881BCEF, 0xFE83BCF0, 0xFA75B6EF, 0xFF95C6F9, 0x74D7EBFC, 0x00000000, 0x00000000,
  0x00000000, 0x00000000, 0x00000000, 0x00000000, 0xC2BEE4FF, 0xFF8ACFFF, 0xFA6CB0F1, 0xFD69B3F0,
  0xFD6DB6EE, 0xF0A8D4F1, 0x0BB9D0E7, 0x00000000, 0x00000000, 0x00000000, 0x00000000, 0x00000000,
  0x00000000, 0x00000000, 0x74F8FFFF, 0x76C8E5F8, 0xADC9DEED, 0x00000000, 0x00000000, 0x00000000,
  0x00000000, 0x00000000, 0x00000000, 0x00000000, 0x00000000, 0x00000000, 0x00000000, 0x00000000,
  0x00000000, 0x00000000, 0x00000000, 0x00000000, 0x00000000, 0x00000000, 0x00000000, 0x00000000,
  0x00000000, 0x00000000, 0x00000000, 0x00000000, 0x00000000, 0x00000000, 0x00000000, 0x00FFFFFF,
  0xFFB4DCFF, 0xFC7BBDF3, 0xFF80C0F6, 0xFD7EC0F4, 0xFF89C7F8, 0xD5C3DEF6, 0x00000000, 0x00000000,
  0x00000000, 0x00000000, 0x00000000, 0x00FFFFFF, 0xE5C1E3FB, 0xFA66AEED, 0xFF70B3F1, 0xFE6EB4F3,
  0xFF72C4FF, 0xB8A9DAFC, 0x00000000, 0x00000000, 0x00000000, 0x00000000, 0x00000000, 0x00000000,
  0x00000000, 0x7394C0E2, 0xFFAEE5FF, 0xFF6AB5FC, 0xE870B0EC, 0xA7A0CCEF, 0x00FFFFFF, 0x00000000,
  0x00000000, 0x00000000, 0x00000000, 0x00000000, 0x00000000, 0x00000000, 0x00000000, 0x00000000,
  0x00000000, 0x00000000, 0x00000000, 0x00000000, 0x00000000, 0x00000000, 0x00000000, 0x00000000,
  0x00000000, 0x00000000, 0x00000000, 0x00000000, 0x00000000, 0x00000000, 0x00000000, 0x00000000,
  0xB3B3D8F6, 0xFC7BBDF9, 0xFB78BCF2, 0xFF84BEF3, 0xFA75BAF1, 0xFFB1E5FF, 0x4AF4FFFF, 0x00000000,
  0x00FFFFFF, 0x00000000, 0x00000000, 0x00000000, 0xD0A3D1F3, 0xFF72BEFE, 0xFD6CB5F6, 0xFC69B2F2,
  0xFF71B4EE, 0xC4BDE1F8, 0x0AE5FFFF, 0x00000000, 0x00000000, 0x00000000, 0x00000000, 0x00FFFFFF,
  0x30CFE4F9, 0xF080BCEC, 0xFF57A8F0, 0xFB55A5F1, 0xFE4AA2F0, 0xFF84D0FF, 0x81D3F5FF, 0x00000000,
  0x00000000, 0x00000000, 0x00000000, 0x00000000, 0x00000000, 0x00000000, 0x00000000, 0x00000000,
  0x00000000, 0x00000000, 0x00000000, 0x00000000, 0x00000000, 0x00000000, 0x00000000, 0x00000000,
  0x00000000, 0x00000000, 0x00000000, 0x00000000, 0x00000000, 0x00000000, 0x00000000, 0x00000000,
  0x41FFFFEF, 0xFFAAD9FF, 0xFF7CBBF1, 0xFF88BEF0, 0xF97ABCF2, 0xFA87C1F1, 0xA2C0E1F8, 0x00000000,
  0x00000000, 0x00000000, 0x00000000, 0x1EFFFFF6, 0xF0A6D2F2, 0xFD61ADEF, 0xFE6FB2EF, 0xF96CB1EC,
  0xFF8BD5FF, 0x83AFDBFD, 0x00000000, 0x00FFFFFF, 0x00FFFFFF, 0x00000000, 0x00000000, 0x27FFFFF8,
  0xBAA1D4FF, 0xFF77C9FF, 0xFD4EA4EF, 0xFC5AA8F1, 0xF255A9EF, 0xFF73C2FF, 0x68B2DFFA, 0x00000000,
  0x00000000, 0x00000000, 0x00000000, 0x00000000, 0x00000000, 0x00000000, 0x00000000, 0x00000000,
  0x00000000, 0x00000000, 0x00000000, 0x00000000, 0x00000000, 0x00000000, 0x00000000, 0x00000000,
  0x00000000, 0x00000000, 0x00000000, 0x00000000, 0x00000000, 0x00000000, 0x00000000, 0x00000000,
  0x00FFFFFF, 0xEFC2E1F9, 0xFF85C0F3, 0xFC7FBEF1, 0xFF82C1F8, 0xFF81C2F8, 0xEFA7D1F7, 0x06FFFFAA,
  0x00000000, 0x00000000, 0x00000000, 0x00000000, 0xC598D0FC, 0xFF6EBAFB, 0xFD70B4F0, 0xFF69B3F4,
  0xF579BEF7, 0x4EF1FFFB, 0x00FFFFFF, 0x00000000, 0x00FFFFFF, 0x00000000, 0x31FFFFF9, 0xC8C4E0F4,
  0xFF73BAF9, 0xF855A7EE, 0xFE5AA7E9, 0xF956A3E9, 0xFF6AC1FF, 0xBB81C4F9, 0x00FFFFFF, 0x00000000,
  0x00000000, 0x00000000, 0x00000000, 0x00000000, 0x00000000, 0x00000000, 0x00000000, 0x00000000,
  0x00000000, 0x00000000, 0x00000000, 0x00000000, 0x00000000, 0x00000000, 0x3CD8EEFF, 0x89CEE6FF,
  0x37D5E7FA, 0x00000000, 0x00000000, 0x00000000, 0x00000000, 0x00000000, 0x00000000, 0x01000000,
  0x00000000, 0x5FDEF1FF, 0xFF95CCF9, 0xF672B7F0, 0xFF7FBFF7, 0xFC7DBDF3, 0xFF92CDFF, 0xB0C2E0FA,
  0x00FFFFFF, 0x00000000, 0x00000000, 0x4ACBE6F8, 0xFFA9E2FF, 0xF964B0EE, 0xFF6FB3F1, 0xF868ACEC,
  0xFF99DDFF, 0x57B5D8F0, 0x00000000, 0x00000000, 0x00000000, 0x00000000, 0x59EDF3F6, 0xE785C0F3,
  0xFF5BACF3, 0xFC53A7EC, 0xFC5AA6EA, 0xFB5FA8EE, 0xF879C0FC, 0x59C2E2FC, 0x00FFFFFF, 0x00000000,
  0x00000000, 0x00000000, 0x00000000, 0x00000000, 0x00000000, 0x00000000, 0x00000000, 0x00000000,
  0x00000000, 0x00000000, 0x00000000, 0x00000000, 0x00000000, 0xD9E8F3F7, 0xE4B9D8F4, 0xFFCEFBFF,
  0xF8ACD4FD, 0x87B5DBFB, 0x00FFFFFF, 0x00000000, 0x00000000, 0x00000000, 0x00000000, 0x00000000,
  0x00000000, 0x00FFFFFF, 0xFFC6E9FF, 0xFF8ACAFF, 0xFD82BEF3, 0xFD82BFF0, 0xF77AB9EF, 0xF2AAD3F7,
  0x00010000, 0x00000000, 0x00000000, 0x00FFFFFF, 0xFF90CEFC, 0xFD61AFF0, 0xFE74B4EE, 0xFE6FB3F2,
  0xE985C9FF, 0x00FFFFFF, 0x00000000, 0x00000000, 0x00000000, 0x48E6F4F7, 0xDD9CCEF8, 0xFF60B7FF,
  0xF959A7EA, 0xFE5BA9EE, 0xFB52A3EC, 0xFF7DCAFF, 0xA5A5D6FF, 0x00FFFFFF, 0x00000000, 0x00000000,
  0x00000000, 0x00000000, 0x00000000, 0x00000000, 0x00000000, 0x00000000, 0x00000000, 0x00000000,
  0x00000000, 0x00000000, 0x00000000, 0x00000000, 0x00000000, 0xB7C8E1F2, 0xFF97C9F3, 0xF796C9F0,
  0xFF9ECBF4, 0xFFB9ECFF, 0xD5ADD8FB, 0x5ABBDFF9, 0x00000000, 0x00000000, 0x00000000, 0x00000000,
  0x00000000, 0x00000000, 0x74D0EBFA, 0xFF95CCF8, 0xF87CBBEE, 0xFF84BFF0, 0xFB7CBDF0, 0xFFA1E0FF,
  0xA4D6EAF7, 0x05FFFFCC, 0x00000000, 0x41C4D7EF, 0xFF7BBCF5, 0xFD67B2F2, 0xFF70B4F0, 0xFB61A9EC,
  0xFF96CBF7, 0x3DE1EEEE, 0x00000000, 0x00000000, 0x10BFDFEF, 0x9BB3D7F0, 0xF568B4F5, 0xFF57AAEF,
  0xFD5BA9EB, 0xFE51A2EE, 0xFF67B6FD, 0xD483BFF1, 0x00FFFFFF, 0x00FFFFFF, 0x00000000, 0x00000000,
  0x00000000, 0x00000000, 0x00000000, 0x00000000, 0x00000000, 0x00000000, 0x00000000, 0x00000000,
  0x00000000, 0x00000000, 0x00000000, 0x00000000, 0x00030201, 0xC1CFEDFF, 0xFFA6D7FF, 0xFB97CAF6,
  0xFF99CAF4, 0xFB98C6F2, 0xFFA9D7FF, 0xFFC3F0FF, 0xB8C4E1FA, 0x25C7DCF8, 0x00000000, 0x00000000,
  0x00000000, 0x00000000, 0x2DE8F9F3, 0xC9ADD6F3, 0xFF80C5FB, 0xFD7EBCF2, 0xFB7DBBF3, 0xFF7FC1FB,
  0xC7BBE4FF, 0x00FFFFFF, 0x00000000, 0x82F5FFFF, 0xFF91D2FF, 0xFF6CB4F3, 0xF771B3F0, 0xFF70B8FA,
  0xE695CEFA, 0x00FFFFFF, 0x00000000, 0x00000000, 0x88ACD2EC, 0xF37CBCF2, 0xFF58B2FF, 0xFA5AA9EA,
  0xFC5BAAEE, 0xFD4EA1EE, 0xFF99D9FF, 0x5899C7ED, 0x00000000, 0x00000000, 0x00000000, 0x00000000,
  0x00000000, 0x00000000, 0x00000000, 0x00000000, 0x00000000, 0x00000000, 0x00000000, 0x00000000,
  0x00000000, 0x00000000, 0x00000000, 0x0100FFFF, 0x00FFFFFF, 0xBBE1EEF5, 0xFFC9EDFF, 0xF998C9F4,
  0xFC91C7F4, 0xFE9BCAF1, 0xFF99C6F0, 0xFC93C3F0, 0xFFB5DEFF, 0xB9BED9F3, 0x53D7E3EF, 0x0ACCE5E5,
  0x00000000, 0x00000000, 0x00000000, 0x6AC7DFF5, 0xFFABECFF, 0xF97BC0F4, 0xFB81C1F1, 0xFF7ABCF6,
  0xF0A3CEF3, 0x2FF4F9F9, 0x00000000, 0x58EDF9FF, 0xFDA0D0F7, 0xF96CB4F0, 0xFB5CA9F2, 0xFF7BC7FF,
  0xC2B4DEFF, 0x13FFFFF1, 0x00000000, 0x3E9CC9F6, 0xFF9FDBFF, 0xFC51A4EB, 0xFE57A9ED, 0xF85AA9EA,
  0xFF58AFFE, 0xF679B9F3, 0x9CB2D2F0, 0x00000000, 0x00000000, 0x00000000, 0x00000000, 0x00000000,
  0x00000000, 0x00000000, 0x00000000, 0x00000000, 0x00000000, 0x00000000, 0x00000000, 0x00000000,
  0x00000000, 0x00000000, 0x00000000, 0x00000000, 0x00000000, 0x0EC8DAEC, 0x9AD7E9F6, 0xFFC3E3FF,
  0xFFAFE0FF, 0xF693CBF3, 0xFB97CAF1, 0xFF99CAF6, 0xFF9DD0FF, 0xF9A3D2FD, 0xE9B7D9F9, 0x9DD3E8F8,
  0x30F4FFF9, 0x00000000, 0x00000000, 0x056699CC, 0xCBAFD5F8, 0xFF86C2FE, 0xFF7ABDF6, 0xFF92CEFD,
  0xC5A5D1F4, 0x00000000, 0x00000000, 0x0BD0E7FF, 0x69C9DAE9, 0xFFB6DFFF, 0xFE9ECBF1, 0xC0ACD3F1,
  0x00FFFFFF, 0x00000000, 0x00000000, 0xBE88B6E1, 0xFF6CB8FF, 0xFB51A0E9, 0xFD5BA8EA, 0xFE5DABF1,
  0xF266B5FD, 0x96ADD1EE, 0x1DC1DBED, 0x00000000, 0x00000000, 0x00000000, 0x00000000, 0x00FFFFFF,
  0x00FFFFFF, 0x00000000, 0x00FFFFFF, 0x00FFFFFF, 0x3DD9EAEE, 0x00000000, 0x00000000, 0x00000000,
  0x00000000, 0x00000000, 0x00000000, 0x00000000, 0x00000000, 0x00000000, 0x00000000, 0x46CFE9FB,
  0xC0C5E4FF, 0xFFC3F1FF, 0xFFA5D6FE, 0xF798C9F2, 0xF89AC8F1, 0xFF9DCBF5, 0xFFA3D4FF, 0xF2ACD8FC,
  0xA9C8E3F8, 0x30FFFFF4, 0x00040201, 0x00FFFFFF, 0x64EFF2EF, 0xCBB7D9F4, 0xDFA4D6FF, 0xFFD7FFFF,
  0x4AC7EDFF, 0x00000000, 0x00000000, 0x00000000, 0x00000000, 0x32C6E5F4, 0x00FFFFFF, 0x10EFEFFF,
  0x00000000, 0x00000000, 0x00FFFFFF, 0xF9A2D5F7, 0xFF52ADF7, 0xFE5FAAE8, 0xF754A7F0, 0xFF64BDFF,
  0x9987C8FF, 0x07FFFF91, 0x00000000, 0x00000000, 0x00000000, 0x00000000, 0x00000000, 0x00000000,
  0x000A0400, 0x3AB4D7F1, 0xEAB1DDF9, 0xED8ACAFD, 0xFF87C7FB, 0xD596CBF1, 0x3ACEE4F1, 0x00000000,
  0x00000000, 0x00000000, 0x00000000, 0x00000000, 0x00000000, 0x00000000, 0x00000000, 0x00000000,
  0x00FFFFFF, 0x6DC4E2FF, 0xE1B3DEFF, 0xFFACE0FF, 0xFA9CCEF7, 0xF69ACAF2, 0xF99CC8F0, 0xFFA2D0FA,
  0xFFB0E0FF, 0xC7BDE6FF, 0x35D3EBFA, 0x00000000, 0x00000000, 0x2BF9F9F3, 0x00FFFFFF, 0x1EEEFFF6,
  0x00000000, 0x00000000, 0x00000000, 0x00000000, 0x00000000, 0x00000000, 0x00000000, 0x00000000,
  0x00000000, 0x00000000, 0x00010000, 0x98B8E4FF, 0xFE66B2F8, 0xF63B98EF, 0xFF65B3FA, 0xE27AB9F2,
  0x5BE8F6F9, 0x00FFFFFF, 0x00000000, 0x03AAFFFF, 0x00000000, 0x00000000, 0x00FFFFFF, 0x52E3F5FB,
  0xE7A4D6F3, 0xF368B1ED, 0xFF46A2EE, 0xFF43A0EF, 0xF4288AE6, 0xFF66B6FB, 0x92BEDCF2, 0x00000000,
  0x00000000, 0x00000000, 0x00000000, 0x00000000, 0x00000000, 0x00000000, 0x00000000, 0x00000000,
  0x00000000, 0x00000000, 0x5BE8F6FC, 0xD2C1E1FD, 0xFCA6D6FF, 0xFFA6DDFF, 0xF79BCCF4, 0xF89CC8F2,
  0xF497C7F4, 0xFFC1F8FF, 0xAFCAE3F7, 0x00000000, 0x00000000, 0x00000000, 0x00000000, 0x00000000,
  0x00000000, 0x00000000, 0x00000000, 0x00000000, 0x00000000, 0x00000000, 0x00000000, 0x00000000,
  0x00000000, 0x00000000, 0x00000000, 0x45F3F3EC, 0xE8B5D4EE, 0xF590C5F1, 0xFFABDEFF, 0x86C2DEF5,
  0x00FFFFFF, 0x00000000, 0x00000000, 0x00000000, 0x0E91C8EC, 0x7FBEDCF0, 0xD382C1FA, 0xFE63AFF3,
  0xFF4BABFC, 0xFB3596EE, 0xFB449EF0, 0xFE4EA0E7, 0xFF47A2F4, 0xFF379BF1, 0xEAA2D2F7, 0x00FFFFFF,
  0x00000000, 0x00000000, 0x00000000, 0x00000000, 0x00000000, 0x00000000, 0x00000000, 0x00000000,
  0x00000000, 0x00000000, 0x0DEBEBFF, 0x00FFFFFF, 0x94CBE5FB, 0xD0B0DDFF, 0xFFA4DBFF, 0xFF9BC9F5,
  0xFB9BC8F1, 0xFF97CBF8, 0xBCCAE6FC, 0x0DD7EBFF, 0x00000000, 0x00000000, 0x00000000, 0x00000000,
  0x00000000, 0x00000000, 0x00000000, 0x00000000, 0x00000000, 0x00000000, 0x00000000, 0x00000000,
  0x00000000, 0x00000000, 0x00000000, 0x00000000, 0x1AC4E1F5, 0x00FFFFFF, 0x00FFFFFF, 0x00000000,
  0x00000000, 0x00020000, 0x00FFFFFF, 0xB4B9DFF6, 0xE780BCF1, 0xFF6ECAFF, 0xFF3998EC, 0xF83E94E6,
  0xFE489FE9, 0xFE44A0EC, 0xFF4AA0EE, 0xFB439FE6, 0xFE3297EA, 0xFF57AEF9, 0xC89BCAF2, 0x00000000,
  0x00000000, 0x00000000, 0x00000000, 0x00000000, 0x00000000, 0x00000000, 0x00000000, 0x00000000,
  0x00000000, 0x00000000, 0x00000000, 0x00000000, 0x16DCE7F3, 0x4CD6E0EA, 0xEFB4D6F2, 0xFFA1D6FF,
  0xFF9DD7FF, 0xFFC9F3FF, 0x7DBFDCF2, 0x00000000, 0x00000000, 0x00000000, 0x00000000, 0x00000000,
  0x00000000, 0x00000000, 0x00000000, 0x00000000, 0x00000000, 0x00000000, 0x00000000, 0x00000000,
  0x00000000, 0x00000000, 0x00000000, 0x00000000, 0x00000000, 0x00000000, 0x00000000, 0x00000000,
  0x36FFFFF5, 0xAF97CEFF, 0xFF8FD1FF, 0xFF4CA4F3, 0xF93C97EC, 0xFC419FED, 0xFD429FE8, 0xFF49A0EC,
  0xFE47A0ED, 0xFC3E9DE9, 0xFC3F9AEB, 0xFA419FEC, 0xFF52AEFA, 0xFC96C8EE, 0x509FC8EB, 0x00000000,
  0x00000000, 0x00000000, 0x00000000, 0x00000000, 0x00000000, 0x00000000, 0x00000000, 0x00000000,
  0x00000000, 0x00000000, 0x00000000, 0x00000000, 0x00000000, 0x00000000, 0x5EC6E1F4, 0xCBCAE5F8,
  0xA3C9E5FD, 0x81E1F3FF, 0x00000000, 0x00000000, 0x00000000, 0x00000000, 0x00000000, 0x00000000,
  0x00000000, 0x00000000, 0x00000000, 0x00000000, 0x00000000, 0x00000000, 0x00000000, 0x00000000,
  0x00000000, 0x00000000, 0x00000000, 0x00000000, 0x00FFFFFF, 0x00000000, 0x00000000, 0x15F2FFFF,
  0xBAB3D9F6, 0xFA47A1F5, 0xFD459AEB, 0xFA3E9BE8, 0xFD429FEE, 0xFF48A2EF, 0xFE44A0EA, 0xFE429DEF,
  0xFC3C98ED, 0xFF409AEB, 0xFF83D1FF, 0xE59DCEF6, 0x9ACAEEFF, 0x00FFFFFF, 0x00000000, 0x00000000,
  0x00000000, 0x00000000, 0x41CCDFEB, 0x00FFFFFF, 0x2EE8EEEE, 0x00000000, 0x00020000, 0x00000000,
  0x00000000, 0x00000000, 0x00000000, 0x00000000, 0x00000000, 0x00000000, 0x00000000, 0x027F7FFF,
  0x00000000, 0x00000000, 0x00000000, 0x00000000, 0x00000000, 0x00000000, 0x00000000, 0x00000000,
  0x00000000, 0x00000000, 0x00000000, 0x00000000, 0x00000000, 0x00000000, 0x00000000, 0x00000000,
  0x00000000, 0x00000000, 0x00000000, 0x00000000, 0x00000000, 0x00000000, 0x00000000, 0x00020000,
  0xD085C6F6, 0xFF42A3F6, 0xF84BA3ED, 0xFF44A2EA, 0xFF46A0F0, 0xFD489CEC, 0xFA2C8FE7, 0xFF409AE8,
  0xFF92D8FF, 0xAC89BFE8, 0x4FF8FFFF, 0x00000000, 0x00000000, 0x00000000, 0x00000000, 0x00000000,
  0x36F0F5FA, 0x9CDCF1FF, 0xFFEDFFFF, 0xE3C4E1FB, 0xFFCBE5FA, 0xDCCDE7F9, 0xB2D1E6F9, 0xC2DBE9F8,
  0x95D7EFFF, 0x95DEECF6, 0x61D7E9F9, 0x40FBF7F7, 0x51DFF8FF, 0x00050100, 0x0CFFFFE9, 0x00000000,
  0x00000000, 0x00000000, 0x00000000, 0x00000000, 0x00000000, 0x00000000, 0x00000000, 0x00000000,
  0x00000000, 0x00000000, 0x00000000, 0x00000000, 0x00000000, 0x00000000, 0x00000000, 0x00000000,
  0x00000000, 0x00000000, 0x00000000, 0x00000000, 0x00000000, 0x00000000, 0x00000000, 0x12E2FFFF,
  0xCF9DDBFF, 0xFF3FA4F6, 0xF93D97EA, 0xF33593E6, 0xFF3E9EF4, 0xFF6CBEFF, 0xF684C2F4, 0xE2BFE3F5,
  0x00FFFFFF, 0x20EFFFFF, 0x00000000, 0x00000000, 0x03AAFFFF, 0x00000000, 0x00000000, 0x00000000,
  0x7EE0ECF6, 0xF4BEDFFF, 0xFFB5DDFB, 0xFDB2D8FC, 0xFBADD7F9, 0xFFB6E1FD, 0xFFB7E2FF, 0xFFC1E3FF,
  0xFFC7F0FF, 0xFFB9E0FD, 0xFFD9FDFF, 0xF7C4E4FD, 0xFFECFFFF, 0xC9CAE8FF, 0x86DCEDF9, 0x15FFF2F2,
  0x00000000, 0x00000000, 0x00000000, 0x00000000, 0x00000000, 0x00000000, 0x00000000, 0x00000000,
  0x00000000, 0x00000000, 0x00000000, 0x00000000, 0x00000000, 0x00000000, 0x00000000, 0x00000000,
  0x00000000, 0x00000000, 0x00000000, 0x00000000, 0x00000000, 0x00000000, 0x00000000, 0x00FFFFFF,
  0x59F3F3F9, 0xFF92CCFB, 0xFF6EB3F2, 0xFF70BEFD, 0xD691CAF6, 0xACC5E7FF, 0x13F1FFFF, 0x00FFFFFF,
  0x00000000, 0x00000000, 0x00FFFFFF, 0x00000000, 0x00000000, 0x00000000, 0x00000000, 0x00000000,
  0x83E5FFFF, 0xFFDDFFFF, 0xF9B2D9F1, 0xFBB4D7F4, 0xFEB5D7F8, 0xFCB5D8F3, 0xFCB3D9F5, 0xFCB3D5F2,
  0xF8B5D7F7, 0xFEADD5F8, 0xF9AFD7F7, 0xFDAFD5F5, 0xF9B0D6F5, 0xFFC0E6FF, 0xFFE0FFFF, 0x87E8FFFF,
  0x00000000, 0x027F7FFF, 0x00000000, 0x00000000, 0x00000000, 0x00000000, 0x00000000, 0x00000000,
  0x00000000, 0x00000000, 0x00000000, 0x00000000, 0x00000000, 0x00000000, 0x00000000, 0x00000000,
  0x00000000, 0x00000000, 0x00000000, 0x00000000, 0x00000000, 0x00000000, 0x00000000, 0x00FFFFFF,
  0x00FFFFFF, 0x67C6E1F0, 0x7ADDEEF4, 0x44DDFBFF, 0x00FFFFFF, 0x00030000, 0x00000000, 0x00FFFFFF,
  0x00FFFFFF, 0x00FFFFFF, 0x00000000, 0x00000000, 0x00000000, 0x00000000, 0x00000000, 0x00000000,
  0x46F0F7FF, 0xFFCDEBFF, 0xFCAFD7FB, 0xFFB4DBFA, 0xF9B2D3F9, 0xFFB3D7F8, 0xF6AFD8FA, 0xFDB0D6F6,
  0xF9B8D7F6, 0xFAB2D3F6, 0xFDB3D8F7, 0xFBB4D8F4, 0xFFB6D9F4, 0xF6ADD6F9, 0xF9B0D7F8, 0xDFD4EAFB,
  0x14E5F2FF, 0x00000000, 0x00000000, 0x00000000, 0x00000000, 0x00000000, 0x00000000, 0x00000000,
  0x00000000, 0x00000000, 0x00000000, 0x00000000, 0x00000000, 0x00000000, 0x00000000, 0x00000000,
  0x00000000, 0x00000000, 0x00000000, 0x00000000, 0x00000000, 0x00000000, 0x00000000, 0x00000000,
  0x00FFFFFF, 0x00000000, 0x00FFFFFF, 0x00000000, 0x00000000, 0x00000000, 0x00000000, 0x00000000,
  0x00000000, 0x00FFFFFF, 0x00FFFFFF, 0x00000000, 0x00000000, 0x00000000, 0x00000000, 0x00000000,
  0x1BE2E2F5, 0xB5D7E7F2, 0xE6CEE4F7, 0xEDC4E7FA, 0xFFE3FFFF, 0xE6C3E6FF, 0xFFDFFFFF, 0xFEB8E0FB,
  0xFFCFFBFF, 0xFFBFE5FF, 0xFFB9E4FF, 0xFFBBE1FF, 0xF8ADD3F5, 0xFDAED9FB, 0xFFD8FDFF, 0xA3D1E7FB,
  0x00000000, 0x00000000, 0x00000000, 0x00000000, 0x00000000, 0x00000000, 0x00000000, 0x00000000,
  0x00000000, 0x00000000, 0x00000000, 0x00000000, 0x00000000, 0x00000000, 0x00000000, 0x00000000,
  0x00000000, 0x00000000, 0x00000000, 0x00000000, 0x00000000, 0x00000000, 0x00000000, 0x00000000,
  0x00000000, 0x00000000, 0x00000000, 0x2AC8ECFF, 0x00FFFFFF, 0x27D7EBEB, 0x000A0200, 0x00FFFFFF,
  0x00000000, 0x00FFFFFF, 0x00000000, 0x00000000, 0x00000000, 0x00000000, 0x00000000, 0x00000000,
  0x00000000, 0x00000000, 0x3CE9F6FA, 0x00FFFFFF, 0x2FDEF4F9, 0x11FFFFE1, 0x4ED1EBF8, 0x62DDEAEF,
  0x79D4F0FF, 0xB9D2EAF6, 0xC6D1EAFB, 0xDCCFEBFB, 0xFFD9F3FF, 0xE8D0EEFF, 0xE7DCEEFC, 0x13C9E4F1,
  0x00000000, 0x00000000, 0x00000000, 0x00000000, 0x00000000, 0x00000000, 0x00000000, 0x00000000,
  0x00000000, 0x00000000, 0x00000000, 0x00000000, 0x00000000, 0x00000000, 0x00000000, 0x00000000,
  0x00000000, 0x00000000, 0x00000000, 0x00000000, 0x00000000, 0x00000000, 0x00000000, 0x00000000,
  0x00000000, 0x00FFFFFF, 0x9C94CAF6, 0xFF96E7FF, 0xDE57ADF4, 0xF675B8EC, 0xCA7FC1F4, 0xE196C9F0,
  0xB792CEF3, 0xA6ADD8F2, 0x8AB6DAF0, 0x71B6DDFA, 0x75E7F8F6, 0x2589C7F8, 0x00110600, 0x15DAE6E6,
  0x00000000, 0x00000000, 0x00000000, 0x00000000, 0x00000000, 0x00000000, 0x00000000, 0x00000000,
  0x00000000, 0x00000000, 0x00FFFFFF, 0x00010000, 0x52E9EFF5, 0x2EF3F3F9, 0x1BF5FFF5, 0x00000000,
  0x00000000, 0x00000000, 0x00000000, 0x00000000, 0x00000000, 0x00000000, 0x00000000, 0x00000000,
  0x00000000, 0x00000000, 0x00000000, 0x00000000, 0x00000000, 0x00000000, 0x00000000, 0x00000000,
  0x00000000, 0x00000000, 0x00000000, 0x00000000, 0x00000000, 0x00000000, 0x00000000, 0x00000000,
  0x0BD0E7E7, 0x9CABCDED, 0xF32F91E2, 0xFD2C91E6, 0xFF1E90F1, 0xF81F8EEE, 0xFF3099F3, 0xFC218AE7,
  0xFF42A4FA, 0xFF369AEF, 0xFF56AEFB, 0xFF4BA9FA, 0xFF69BCFF, 0xFF6CC0FF, 0xC46DB6F3, 0xB0AACCE9,
  0x00000000, 0x00000000, 0x00000000, 0x00000000, 0x00000000, 0x00000000, 0x00000000, 0x00000000,
  0x00000000, 0x00000000, 0x00000000, 0x00000000, 0x00000000, 0x00000000, 0x00000000, 0x00000000,
  0x00000000, 0x00000000, 0x00000000, 0x00000000, 0x00000000, 0x00000000, 0x00000000, 0x00000000,
  0x00000000, 0x00000000, 0x00000000, 0x00000000, 0x00000000, 0x00000000, 0x00000000, 0x00000000,
  0x00000000, 0x00000000, 0x00000000, 0x00000000, 0x00000000, 0x00000000, 0x00000000, 0x00000000,
  0x00FFFFFF, 0xCD99D2FD, 0xFF2FA2FF, 0xFA399AEB, 0xFE3496EA, 0xFE3293E8, 0xFD3494E8, 0xFE3193E9,
  0xFA2C8FED, 0xFC3394EC, 0xF9248BE6, 0xF93393EA, 0xFA1D88E6, 0xF83192EC, 0xFF2E9AFC, 0xFA3893ED,
  0x00000000, 0x00000000, 0x00000000, 0x00000000, 0x00000000, 0x00000000, 0x00000000, 0x00000000,
  0x00000000, 0x00000000, 0x00000000, 0x00000000, 0x00000000, 0x15F2E6F2, 0x39EDF6FF, 0x00000000,
  0x00000000, 0x00000000, 0x00000000, 0x00000000, 0x00000000, 0x00000000, 0x00000000, 0x00000000,
  0x00000000, 0x00000000, 0x00000000, 0x00000000, 0x00000000, 0x00000000, 0x00000000, 0x00000000,
  0x00000000, 0x00000000, 0x00000000, 0x00000000, 0x00000000, 0x00000000, 0x00000000, 0x00000000,
  0x00000000, 0x99B9DDFB, 0xFF4CA4F0, 0xF71683E5, 0xFF2D91E8, 0xF82C8CE8, 0xFD2890EA, 0xFB2C96E9,
  0xFD2891EA, 0xFE3197EB, 0xFD2D97E4, 0xFF3298E8, 0xFF3598EB, 0xFE3693E7, 0xF82D95EC, 0xFA2A93EC,
  0x00000000, 0x00000000, 0x00000000, 0x00000000, 0x00000000, 0x00000000, 0x00000000, 0x00000000,
  0x00000000, 0x00000000, 0x00000000, 0x3FF2FFFF, 0x99ECFBFF, 0xFAE8F8FF, 0x00FFFFFF, 0xB2E9F9FF,
  0x36E7F5FA, 0x00000000, 0x00000000, 0x00000000, 0x00000000, 0x00000000, 0x00000000, 0x00000000,
  0x00000000, 0x00000000, 0x00000000, 0x00000000, 0x00000000, 0x00000000, 0x00000000, 0x00000000,
  0x00000000, 0x00000000, 0x00000000, 0x00000000, 0x00000000, 0x00000000, 0x00000000, 0x00FFFFFF,
  0x00000000, 0x3FCEE6EE, 0xE991C7ED, 0xFF75BDF9, 0xF248A5F0, 0xFF4CAFFF, 0xFB3897EB, 0xFF39A3FF,
  0xFF3790E8, 0xFF2893F7, 0xFB3294E6, 0xFD1E84E2, 0xFD3191E5, 0xF8258BE2, 0xF81D8FF1, 0xFF2897F3,
  0x00000000, 0x00000000, 0x00000000, 0x00000000, 0x00000000, 0x00FFFFFF, 0x00000000, 0x00000000,
  0x00FFFFFF, 0x56F0FCFF, 0xC3E4F4FD, 0xFFEDFFFF, 0xFFD2E6FB, 0xFFD5ECFF, 0xF2C6E0FB, 0xFFF4FFFF,
  0xC8DDEBF6, 0x00000000, 0x00000000, 0x00000000, 0x00000000, 0x00000000, 0x00000000, 0x00000000,
  0x00000000, 0x00000000, 0x00000000, 0x00000000, 0x00000000, 0x00000000, 0x00000000, 0x00000000,
  0x00000000, 0x00000000, 0x00000000, 0x00000000, 0x00000000, 0x00000000, 0x00000000, 0x00000000,
  0x00000000, 0x00000000, 0x00000000, 0x57D0E4F0, 0x68E6F2FA, 0x86ABD7F9, 0x9AC3E1F5, 0x9C93CAFA,
  0xDC95C6ED, 0xC374BCFB, 0xFF69B9F6, 0xFF82D0FF, 0xFF4AA4F6, 0xFF66C0FF, 0xFF4CA1ED, 0xFA82BEEB,
  0x00000000, 0x00000000, 0x00000000, 0x00000000, 0x00000000, 0x00000000, 0x16E7FFFF, 0x7AEAF8FA,
  0xCFE6F7FF, 0xFED9EFFD, 0xFFDAF4FF, 0xFFCBE4FC, 0xFBCAE0F7, 0xFFCCE5FA, 0xFDCAE4FC, 0xFAC8E3FD,
  0xF2E4F3FF, 0x00FFFFFF, 0x00000000, 0x00000000, 0x00000000, 0x00000000, 0x00000000, 0x00000000,
  0x00000000, 0x00000000, 0x00000000, 0x00000000, 0x00000000, 0x00000000, 0x00000000, 0x00000000,
  0x00000000, 0x00000000, 0x00000000, 0x00000000, 0x00000000, 0x00000000, 0x00000000, 0x00080501,
  0x00FFFFFF, 0x00FFFFFF, 0x00000000, 0x00000000, 0x00FFFFFF, 0x00000000, 0x00FFFFFF, 0x00000000,
  0x09AAC6E2, 0x000E0000, 0x1790D2F3, 0x7CFFFFF8, 0x4EC4E1FB, 0x8FCBE4F2, 0x7DC5E2F2, 0x2FF4FFFF,
  0x00000000, 0x00000000, 0x00000000, 0x05CCCCFF, 0x1EFFFFF6, 0x95EDF9FD, 0xD7E1F5FF, 0xFFF4FFFF,
  0xFFD8F1FF, 0xF8C5DFF8, 0xFDC9E3FB, 0xFFCCE6FD, 0xFFCCE7FD, 0xFAC7E0F7, 0xFFCCE6FF, 0xFFE4F9FF,
  0xBFE1EDF9, 0x00000000, 0x00000000, 0x00000000, 0x00000000, 0x00000000, 0x00000000, 0x00000000,
  0x00000000, 0x00000000, 0x00000000, 0x00000000, 0x00000000, 0x00000000, 0x00000000, 0x00000000,
  0x00000000, 0x00000000, 0x00000000, 0x00000000, 0x00000000, 0x00000000, 0x00FFFFFF, 0xAFB7D9F3,
  0xE882B6E4, 0xE087C1F5, 0x4BE0E7EE, 0x15FFF2F2, 0x00000000, 0x00000000, 0x00000000, 0x0100FFFF,
  0x00000000, 0x00000000, 0x00000000, 0x00000000, 0x00000000, 0x00000000, 0x00000000, 0x00000000,
  0x00000000, 0x00000000, 0x00000000, 0x95E1F3FD, 0xFEDAEDFA, 0xFFEDFFFF, 0xFCCBE4FA, 0xF9CAE4FA,
  0xFECCE2F8, 0xFFCEE4F8, 0xFAC8E2FA, 0xFACAE3F9, 0xFFD6EDFF, 0xFFD5E8F9, 0xFFEAFCFF, 0xB3ECF7FF,
  0x31E4EFF9, 0x00000000, 0x00FFFFFF, 0x00000000, 0x00000000, 0x00000000, 0x00000000, 0x00000000,
  0x00000000, 0x00000000, 0x00000000, 0x00000000, 0x00000000, 0x00000000, 0x00000000, 0x00000000,
  0x00000000, 0x00000000, 0x00000000, 0x00000000, 0x00000000, 0x00000000, 0x7BE4EEEE, 0xF2429FF3,
  0xFF1E90F8, 0xFF0A89FE, 0xCF42A0F7, 0x969FCCEF, 0x00FFFFFF, 0x00FFFFFF, 0x00000000, 0x00000000,
  0x00000000, 0x00000000, 0x00000000, 0x00000000, 0x00000000, 0x00000000, 0x00000000, 0x00000000,
  0x00000000, 0x00000000, 0x54ECFBFF, 0xFFE3F9FF, 0xFCC9E2F9, 0xFECAE3FA, 0xFDC9E4FC, 0xFECAE4FB,
  0xFDCBE2F8, 0xFECDE3F8, 0xFDCFE9FD, 0xFFE4FBFF, 0xE3E9F9FF, 0x9DEEFBFF, 0x45F0F7FB, 0x00000000,
  0x00000000, 0x00000000, 0x00FFFFFF, 0x00000000, 0x00000000, 0x00000000, 0x00000000, 0x00000000,
  0x00000000, 0x00000000, 0x00000000, 0x00000000, 0x00000000, 0x00000000, 0x00000000, 0x00000000,
  0x00000000, 0x00000000, 0x00000000, 0x00000000, 0x00000000, 0x000B0500, 0xA189C2F2, 0xFF178CFB,
  0xF11D8CEB, 0xF6228AE9, 0xFF1C91FA, 0xFC2D93F0, 0xD07ABCF5, 0x6CECFAFC, 0x00FFFFFF, 0x00000000,
  0x00000000, 0x00000000, 0x00000000, 0x00000000, 0x00000000, 0x00000000, 0x00000000, 0x00000000,
  0x00000000, 0x00000000, 0x79F0FCFF, 0xFFF5FFFF, 0xF4C6E0F9, 0xFDC9E4FD, 0xFAC6E6FF, 0xF6C8E3F9,
  0xFFE3FBFF, 0xFFEDFFFF, 0xBFDEEEFD, 0x79E9F4FA, 0x00000000, 0x00000000, 0x00000000, 0x00000000,
  0x00000000, 0x00000000, 0x22F0F0F7, 0xCCF3FCFD, 0x69F7FFFF, 0x00000000, 0x00000000, 0x00000000,
  0x00000000, 0x00000000, 0x00000000, 0x00000000, 0x00000000, 0x00000000, 0x00000000, 0x00000000,
  0x00000000, 0x00000000, 0x00000000, 0x00000000, 0x00000000, 0x00FFFFFF, 0xA3B3E2FF, 0xFF35A5FF,
  0xFB0A85ED, 0xFE248BE8, 0xF91E8AEA, 0xFA198CEE, 0xFF2798FC, 0xE756AAEF, 0x7A8CC6F6, 0x00000000,
  0x00000000, 0x00000000, 0x00000000, 0x00000000, 0x00000000, 0x00000000, 0x00000000, 0x00000000,
  0x00000000, 0x00000000, 0x3DF6FAFF, 0x00FFFFFF, 0xFFD0E6FB, 0xFFCFE8FE, 0xFFEAFFFF, 0xF0E1F4FF,
  0xA0F0FDFF, 0x48E9F0F7, 0x00000000, 0x00000000, 0x00000000, 0x00000000, 0x00FFFFFF, 0x00000000,
  0x21EFEFF7, 0x64F7FCFF, 0x24F7FFFF, 0xE9E8F5FD, 0x00FFFFFF, 0x8BEEF7FD, 0x00FFFFFF, 0x00FFFFFF,
  0x00000000, 0x00000000, 0x00000000, 0x00000000, 0x00000000, 0x00FFFFFF, 0x00FFFFFF, 0x00000000,
  0x00FFFFFF, 0x00FFFFFF, 0x2CB3E7FF, 0x00050000, 0x00FFFFFF, 0x00000000, 0x2CFFFFF3, 0xEF75B5E8,
  0xFF2E91EB, 0xFA0579E1, 0xFF1A87E7, 0xFC1D8AE7, 0xF71487EB, 0xFF2693F2, 0xFF5ABAFF, 0xA874B9EF,
  0x2D71B5E8, 0x00000000, 0x00000000, 0x00000000, 0x00000000, 0x00000000, 0x00000000, 0x00000000,
  0x00000000, 0x00000000, 0x00000000, 0x82DFF3FF, 0xEFD9EAF8, 0xE2E3F0FA, 0xA9E8F5FA, 0x2AF2F8F8,
  0x00FFFFFF, 0x00000000, 0x00000000, 0x027F7F7F, 0x00000000, 0x00000000, 0x00000000, 0x00000000,
  0x7EEEF2F6, 0xFBF5FCFF, 0x00FFFFFF, 0xFFEFFEFF, 0xBBE3F2FF, 0x00000000, 0x00FFFFFF, 0x00000000,
  0x00000000, 0x00000000, 0x00000000, 0x00000000, 0x00000000, 0x00FFFFFF, 0x00FFFFFF, 0x00000000,
  0x4AFFFFF8, 0xCF89C5F2, 0xFF79D3FF, 0xB7499EE3, 0x9AC6E1F1, 0x00FFFFFF, 0x00000000, 0x53C4E0E9,
  0xE499CEF4, 0xFF59BCFF, 0xFE1686E5, 0xFC1381E3, 0xFE208AE7, 0xFB1485E9, 0xF80F82E7, 0xFF3B9EF7,
  0xED64ADE9, 0x7C9CCBEE, 0x109FCFEF, 0x00000000, 0x00000000, 0x00000000, 0x00000000, 0x00000000,
  0x00000000, 0x00000000, 0x00000000, 0x00000000, 0x0EECECFF, 0x0FEEEEEE, 0x00000000, 0x00000000,
  0x00000000, 0x00FFFFFF, 0x00000000, 0x00000000, 0x00000000, 0x00000000, 0x00000000, 0x66EDF2FA,
  0x00FFFFFF, 0xFFEEFAFF, 0xFAE3EFFB, 0xF6E1EEFA, 0x00FFFFFF, 0x24F7FFFF, 0x00FFFFFF, 0x00000000,
  0x00000000, 0x00000000, 0x00000000, 0x00000000, 0x00000000, 0x00000000, 0x00000000, 0x2DF9FFF3,
  0xF596C5E9, 0xFF006DDC, 0xF40B7DEA, 0xFF0581EB, 0xFF429EEA, 0x89D2ECF9, 0x00FFFFFF, 0x00000000,
  0x0D75C4FF, 0x8B73B9EC, 0xFF54ADF3, 0xFF309DFA, 0xF61685E6, 0xFB1A88E8, 0xFE1D89EB, 0xFF1384F2,
  0xFE1888EA, 0xFF5AB0F6, 0xD6A3CCEB, 0x4FF2F8F2, 0x00000000, 0x00000000, 0x00000000, 0x00000000,
  0x00000000, 0x00000000, 0x00000000, 0x00000000, 0x00000000, 0x010000FF, 0x00000000, 0x00000000,
  0x00000000, 0x00000000, 0x00000000, 0x00000000, 0x00000000, 0x00000000, 0x24F7FFFF, 0xF0EAF4FA,
  0xFFECF7FF, 0xFFE3F1FF, 0xFBE0EDFB, 0x00FFFFFF, 0xC9F4FFFF, 0x00000000, 0x00000000, 0x00000000,
  0x00000000, 0x00000000, 0x00000000, 0x00000000, 0x00000000, 0x00000000, 0x00000000, 0x00FFFFFF,
  0xE751A6ED, 0xFF0075E9, 0xFB0781E9, 0xFA0076E7, 0xFE197FE7, 0xDC94C8F3, 0x00040000, 0x00FFFFFF,
  0x00FFFFFF, 0x00000000, 0x5DA4D3F6, 0xD16BB9FB, 0xFF35A6FF, 0xFF2291F0, 0xF81986E8, 0xFB2488E4,
  0xFE1889E8, 0xFF0482E6, 0xFD3996E1, 0xDF9DCAEC, 0x00000000, 0x00000000, 0x00000000, 0x00000000,
  0x00000000, 0x00000000, 0x00000000, 0x00000000, 0x00000000, 0x00000000, 0x00000000, 0x00000000,
  0x00000000, 0x00000000, 0x00000000, 0x00000000, 0x00000000, 0x00FFFFFF, 0x00010100, 0xFBEBF5FC,
  0xF7E3EFFD, 0xFCE2EEFD, 0xFAE2EEFA, 0x00FFFFFF, 0x4DF5FFFF, 0x00000000, 0x00000000, 0x00000000,
  0x00000000, 0x00000000, 0x00000000, 0x00000000, 0x00000000, 0x00000000, 0x00000000, 0x00FFFFFF,
  0xFF89C9FA, 0xF90E79E5, 0xFE057EE3, 0xFF0980E5, 0xFF0077E5, 0xFF5EB9FF, 0x00FFFFFF, 0x00FFFFFF,
  0x00FFFFFF, 0x00000000, 0x00FFFFFF, 0x00FFFFFF, 0x887BC1F9, 0xE13CA3F9, 0xFF1897FF, 0xFD1C8AE3,
  0xFC208BE9, 0xFD218BEB, 0xFF1987E9, 0x00000000, 0x00000000, 0x00000000, 0x00000000, 0x00000000,
  0x00000000, 0x00000000, 0x00000000, 0x00000000, 0x00000000, 0x00000000, 0x00000000, 0x00000000,
  0x00000000, 0x00000000, 0x00000000, 0x00000000, 0x00000000, 0x5AF9FCFF, 0x79F4FCFF, 0xE4E4EFFB,
  0xFFE3EFFE, 0xFFECF8FF, 0x00FFFFFF, 0x00FFFFFF, 0x00000000, 0x00000000, 0x00000000, 0x00000000,
  0x00000000, 0x00000000, 0x00000000, 0x00000000, 0x00000000, 0x00000000, 0x00FFFFFF, 0x00000000,
  0x87B9E2F5, 0xFF1D87E6, 0xFA0071DE, 0xFF017FE4, 0xFB0079E6, 0xF90572DD, 0xA780C0F4, 0x00000000,
  0x00000000, 0x00000000, 0x00000000, 0x00000000, 0x00FFFFFF, 0x4BD6EAF8, 0xE263B4F3, 0xFC1C8AE8,
  0xFD0977E3, 0xFD2088EE, 0xF71787EE, 0x00000000, 0x00000000, 0x00000000, 0x00000000, 0x00000000,
  0x00000000, 0x00000000, 0x00000000, 0x00000000, 0x00000000, 0x00000000, 0x00000000, 0x00000000,
  0x00000000, 0x00000000, 0x00000000, 0x00000000, 0x02FF7FFF, 0xC3F9FFFF, 0x00FFFFFF, 0xFAE0ECFD,
  0xFFE9F5FF, 0xF8EFF9FF, 0xC1E8F3F9, 0x18E9F4F4, 0x00000000, 0x00000000, 0x00000000, 0x00000000,
  0x00000000, 0x00000000, 0x00000000, 0x00000000, 0x00000000, 0x00000000, 0x00FFFFFF, 0x00010000,
  0x00FFFFFF, 0xFF75C3FF, 0xFF057BE9, 0xFF087EE9, 0xFF0683ED, 0xF90573E2, 0xFF73B9FC, 0x00FFFFFF,
  0x00000000, 0x00000000, 0x00000000, 0x00000000, 0x00000000, 0x0BD0E7FF, 0x72D6E8EF, 0xF594C5EA,
  0xFF57AEFB, 0xFF1E8BF3, 0x00000000, 0x00000000, 0x00000000, 0x00000000, 0x00000000, 0x00000000,
  0x00000000, 0x00000000, 0x00000000, 0x00000000, 0x00000000, 0x00000000, 0x00000000, 0x00000000,
  0x00000000, 0x00000000, 0x00000000, 0x19EAEAEA, 0x84F9FFFF, 0x00FFFFFF, 0xF6E3EFFF, 0xFAE2EFFC,
  0xFFF3FFFF, 0xECEDF6FC, 0x4DEBF5FB, 0x00000000, 0x00000000, 0x00000000, 0x00000000, 0x00000000,
  0x00000000, 0x00000000, 0x00000000, 0x00000000, 0x00000000, 0x00000000, 0x00000000, 0x00000000,
  0x00000000, 0x8C9ECDF0, 0xFD1A85E4, 0xF90179E8, 0xFF037FEB, 0xFB027AE4, 0xFF2092FF, 0xA7C4EBFF,
  0x00FFFFFF, 0x08DFFFFF, 0x00000000, 0x00000000, 0x00000000, 0x00000000, 0x00000000, 0x3BB1D8ED,
  0x8FC2E2F2, 0xB38BBEF0, 0x00000000, 0x00000000, 0x00000000, 0x00000000, 0x00000000, 0x00000000,
  0x00000000, 0x00000000, 0x00000000, 0x00000000, 0x00000000, 0x00000000, 0x00000000, 0x00000000,
  0x00000000, 0x00000000, 0x0CE9E9FF, 0x8DF5F9FD, 0xF0F5FFFF, 0xFFF1FBFF, 0xFBDFECFC, 0x00FFFFFF,
  0xF7F1F9FF, 0x9EF2F5FA, 0x00000000, 0x00000000, 0x00000000, 0x00000000, 0x00000000, 0x00000000,
  0x00000000, 0x00000000, 0x00000000, 0x00000000, 0x00000000, 0x00000000, 0x00000000, 0x00000000,
  0x00000000, 0x3EE6F6FA, 0xE755ABF1, 0xFF0073E3, 0xFE047BE7, 0xFC027CE8, 0xFA006EE1, 0xDB64AFED,
  0x128DC6F0, 0x00000000, 0x00000000, 0x00000000, 0x00000000, 0x00000000, 0x00000000, 0x00000000,
  0x00000000, 0x00000000, 0x00000000, 0x00000000, 0x00000000, 0x00000000, 0x00000000, 0x00000000,
  0x00000000, 0x00000000, 0x00000000, 0x00000000, 0x00000000, 0x00000000, 0x00000000, 0x00000000,
  0x00000000, 0x00000000, 0x27F8F8FF, 0x6FF5FFFF, 0xFFF5FFFF, 0xF7E2EDFC, 0xE8E3EFFA, 0x6AF2FCFC,
  0xA4F4F8FD, 0x2CF9F9FF, 0x00000000, 0x00000000, 0x00000000, 0x00000000, 0x00000000, 0x00000000,
  0x00000000, 0x00000000, 0x00000000, 0x00000000, 0x00000000, 0x00000000, 0x00000000, 0x00000000,
  0x00000000, 0x00FFFFFF, 0xCAA1D4F6, 0xFF188FF8, 0xFD087DE5, 0xFF0580EB, 0xFB047CE6, 0xFF35A1FB,
  0x8FC0E6F9, 0x00000000, 0x00000000, 0x00000000, 0x00000000, 0x00000000, 0x00000000, 0x00000000,
  0x00000000, 0x00000000, 0x00000000, 0x00000000, 0x00000000, 0x00000000, 0x00000000, 0x00000000,
  0x00000000, 0x00000000, 0x00000000, 0x00000000, 0x00000000, 0x00000000, 0x00000000, 0x00000000,
  0x00000000, 0x00000000, 0x00FFFFFF, 0x00000000, 0xCFE3F3FF, 0xFCE2F1FC, 0xFFECF6FF, 0x00FFFFFF,
  0x00FFFFFF, 0x00000000, 0x00000000, 0x00000000, 0x00000000, 0x00000000, 0x00000000, 0x00000000,
  0x00000000, 0x00000000, 0x00000000, 0x00000000, 0x00000000, 0x00000000, 0x00000000, 0x00000000,
  0x00000000, 0x00000000, 0x35CEEBFA, 0xFA4CA3E9, 0xF60073DE, 0xFE067EE1, 0xFD047DE3, 0xFF0078E3,
  0xE173BCF5, 0x00FFFFFF, 0x00000000, 0x0100FFFF, 0x00000000, 0x00000000, 0x00000000, 0x00000000,
  0x00000000, 0x00000000, 0x00000000, 0x00000000, 0x00000000, 0x00000000, 0x00000000, 0x00000000,
  0x00000000, 0x00000000, 0x00000000, 0x00000000, 0x00000000, 0x00000000, 0x00000000, 0x00000000,
  0x00000000, 0x00000000, 0x00000000, 0xA7EFF4FA, 0xFFEBF6FD, 0xEDECFAFD, 0x00FFFFFF, 0x20F7FFFF,
  0x00FFFFFF, 0x00000000, 0x00000000, 0x00000000, 0x00000000, 0x00000000, 0x00000000, 0x00000000,
  0x00000000, 0x00000000, 0x00000000, 0x00000000, 0x00000000, 0x00000000, 0x00000000, 0x00000000,
  0x00000000, 0x00000000, 0x00FFFFFF, 0xDA88C8F3, 0xFF007FEF, 0xFD0578E4, 0xFF037DEE, 0xF50072E4,
  0xFF3F9EF5, 0x89CCE8F5, 0x00000000, 0x00000000, 0x00000000, 0x00000000, 0x00000000, 0x00000000,
  0x00000000, 0x00000000, 0x00000000, 0x00000000, 0x00000000, 0x00000000, 0x00000000, 0x00000000,
  0x00000000, 0x00000000, 0x00000000, 0x00000000, 0x00000000, 0x00000000, 0x00000000, 0x00000000,
  0x00000000, 0x00000000, 0x00000000, 0x00000000, 0x00000000, 0x37F1F5FA, 0x00FFFFFF, 0x00000000,
  0x00000000, 0x00000000, 0x00000000, 0x00000000, 0x00000000, 0x00000000, 0x00000000, 0x00000000,
  0x00000000, 0x00000000, 0x00000000, 0x00000000, 0x00000000, 0x00000000, 0x00000000, 0x00000000,
  0x00000000, 0x00000000, 0x00000000, 0x00FFFFFF, 0xFF429EEC, 0xFD0576E6, 0xFE0A81EA, 0xFD0380E5,
  0xFF117FE5, 0xCC9ECDF0, 0x00000000, 0x00FFFFFF, 0x00000000, 0x00000000, 0x00000000, 0x00000000,
  0x00000000, 0x00000000, 0x00000000, 0x00000000, 0x00000000, 0x00000000, 0x00000000, 0x00000000,
  0x00000000, 0x00000000, 0x00000000, 0x00000000, 0x00000000, 0x00000000, 0x00000000, 0x00000000,
  0x00000000, 0x00000000, 0x00000000, 0x00000000, 0x00000000, 0x00000000, 0x00000000, 0x00000000,
  0x00000000, 0x00000000, 0x00000000, 0x00000000, 0x00000000, 0x00000000, 0x00000000, 0x00000000,
  0x00000000, 0x00000000, 0x00000000, 0x00000000, 0x00000000, 0x00000000, 0x00000000, 0x00000000,
  0x00000000, 0x00000000, 0x00000000, 0x00FFFFFF, 0xC767B0E6, 0xFD0076DF, 0xFF007AE8, 0xFD0281E5,
  0xFF006CE2, 0xC475B6F0, 0x00FFFFFF, 0x30F9F9F4, 0x00000000, 0x00000000, 0x00000000, 0x00000000,
  0x00000000, 0x00000000, 0x00000000, 0x00000000, 0x00000000, 0x00000000, 0x00000000, 0x00000000,
  0x00000000, 0x00000000, 0x00000000, 0x00000000, 0x00000000, 0x00000000, 0x00000000, 0x00000000,
  0x00000000, 0x00000000, 0x00000000, 0x00000000, 0x00000000, 0x00000000, 0x00000000, 0x00000000,
  0x00000000, 0x00000000, 0x00000000, 0x00000000, 0x00000000, 0x00000000, 0x00000000, 0x00000000,
  0x00000000, 0x00000000, 0x00000000, 0x00000000, 0x00000000, 0x00000000, 0x00000000, 0x00000000,
  0x00000000, 0x00000000, 0x00000000, 0x00050200, 0x72C4E8F6, 0xFF56AFF8, 0xFF1983EA, 0xFF0378E0,
  0xFF348EDD, 0xFFECF8FF, 0x87FFFFF7, 0x30FFFFF4, 0x00000000, 0x00000000, 0x00000000, 0x00000000,
  0x00000000, 0x00000000, 0x00000000, 0x00000000, 0x00000000, 0x00000000, 0x00000000, 0x00000000,
  0x00000000, 0x00000000, 0x00000000, 0x00000000, 0x00000000, 0x00000000, 0x00000000, 0x00000000,
  0x00000000, 0x00000000, 0x00000000, 0x00000000, 0x00000000, 0x00000000, 0x00000000, 0x00000000,
  0x00000000, 0x00000000, 0x00000000, 0x00000000, 0x00000000, 0x00000000, 0x00000000, 0x00000000,
  0x00000000, 0x00000000, 0x00000000, 0x00000000, 0x00000000, 0x00000000, 0x00000000, 0x00000000,
  0x00000000, 0x00000000, 0x00000000, 0x00000000, 0x00000000, 0x3A60A2E0, 0xC87FB3E5, 0xD788C0EA,
  0x7AABD7F0, 0x00FFFFFF, 0x00000000, 0x00000000, 0x00000000, 0x00000000, 0x00000000, 0x00000000,
  0x00000000, 0x00000000, 0x00000000, 0x00000000, 0x00000000, 0x00000000, 0x00000000, 0x00000000,
  0x00000000, 0x00000000, 0x00000000, 0x00000000, 0x00000000, 0x00000000, 0x00000000, 0x00000000,
  0x00000000, 0x00000000, 0x00000000, 0x00000000, 0x00000000, 0x00000000, 0x00000000, 0x00000000,
  0x00000000, 0x00000000, 0x00000000, 0x00000000, 0x00000000, 0x00000000, 0x00000000, 0x00000000,
  0x00000000, 0x00000000, 0x00000000, 0x00000000, 0x00000000, 0x00000000, 0x00000000, 0x00000000,
  0x00000000, 0x00000000, 0x00000000, 0x00000000, 0x00000000, 0x00000000, 0x00000000, 0x00FFFFFF,
  0x00000000, 0x00000000, 0x00000000, 0x00FFFFFF, 0x00000000, 0x00000000, 0x00000000, 0x00000000,
  0x00000000, 0x00000000, 0x00000000, 0x00000000, 0x00000000, 0x00000000, 0x00000000, 0x00000000,
};

static const unsigned g_splash_sp11_w = 56u;
static const unsigned g_splash_sp11_h = 56u;
static const uint32_t g_splash_sp11_px[3136] = {
  0x00000000, 0x00000000, 0x00000000, 0x00000000, 0x00000000, 0x00000000, 0x00000000, 0x00000000,
  0x00000000, 0x00000000, 0x00000000, 0x00000000, 0x00000000, 0x00000000, 0x00000000, 0x00000000,
  0x00000000, 0x00000000, 0x00000000, 0x00000000, 0x00000000, 0x00000000, 0x00000000, 0x00000000,
  0x00000000, 0x00000000, 0x00000000, 0x00000000, 0x00000000, 0x79D4ECF8, 0xCBD4ECFB, 0x8CE0F5FF,
  0x1FFFFFF6, 0x00000000, 0x00000000, 0x00000000, 0x00000000, 0x00000000, 0x00000000, 0x00000000,
  0x00000000, 0x00000000, 0x00000000, 0x00000000, 0x00000000, 0x00000000, 0x00000000, 0x00000000,
  0x00000000, 0x00000000, 0x00000000, 0x00000000, 0x00000000, 0x00000000, 0x00000000, 0x00000000,
  0x00000000, 0x00000000, 0x00000000, 0x00000000, 0x00000000, 0x00000000, 0x00000000, 0x00000000,
  0x00000000, 0x00000000, 0x00000000, 0x00000000, 0x00000000, 0x00000000, 0x00000000, 0x00000000,
  0x00000000, 0x00000000, 0x00000000, 0x00000000, 0x00000000, 0x00000000, 0x00000000, 0x00000000,
  0x00000000, 0x00000000, 0x00000000, 0x00000000, 0x00FFFFFF, 0xFFBBE5FF, 0xFF86C2F6, 0xFFA7E5FF,
  0xDCB7D9F4, 0x4AE6F1ED, 0x00000000, 0x00000000, 0x00000000, 0x00000000, 0x00000000, 0x00000000,
  0x00000000, 0x00000000, 0x00000000, 0x00000000, 0x00000000, 0x00000000, 0x00000000, 0x00000000,
  0x00000000, 0x00000000, 0x00000000, 0x00000000, 0x00000000, 0x00000000, 0x00000000, 0x00000000,
  0x00000000, 0x00000000, 0x00000000, 0x00000000, 0x00000000, 0x00000000, 0x00000000, 0x00000000,
  0x00000000, 0x00000000, 0x00000000, 0x00000000, 0x00000000, 0x00000000, 0x00000000, 0x00000000,
  0xCDE7F2F5, 0xB1D6E9FA, 0x9ACDE6FB, 0x23CCE9FF, 0x00000000, 0x00000000, 0x00000000, 0x00000000,
  0x00000000, 0x00000000, 0x00000000, 0x00000000, 0x83DBF3FF, 0xFFA3DDFF, 0xF975B6F2, 0xFD7DBEF9,
  0xEC8AC2F8, 0x81DBEBF7, 0x00FFFFFF, 0x00000000, 0x00000000, 0x00000000, 0x00000000, 0x00000000,
  0x00000000, 0x00000000, 0x00000000, 0x00000000, 0x00000000, 0x00000000, 0x00000000, 0x00000000,
  0x00000000, 0x00000000, 0x00000000, 0x00000000, 0x00000000, 0x00000000, 0x00000000, 0x00000000,
  0x00000000, 0x00000000, 0x00000000, 0x00000000, 0x00000000, 0x00000000, 0x00000000, 0x00000000,
  0x00000000, 0x00000000, 0x00000000, 0x00000000, 0x00000000, 0x00000000, 0x00000000, 0x45F3FBFF,
  0xD7B7D9F1, 0xFF9AC9F1, 0xFFCBF8FF, 0xAFBADCFF, 0x00080300, 0x00000000, 0x00000000, 0x00000000,
  0x00000000, 0x00000000, 0x00000000, 0x00FFFFFF, 0xD9BDDCF5, 0xF67EB9F1, 0xFC84BDEF, 0xFA7FBEEE,
  0xFF8ED1FF, 0xEED0EDFF, 0x00FFFFFF, 0x00000000, 0x00000000, 0x00000000, 0x00000000, 0x00000000,
  0x00FFFFFF, 0x00FFFFFF, 0x00000000, 0x00000000, 0x00000000, 0x00000000, 0x00000000, 0x00000000,
  0x00000000, 0x00000000, 0x00000000, 0x00000000, 0x00000000, 0x00000000, 0x00000000, 0x00000000,
  0x00000000, 0x00000000, 0x00000000, 0x00000000, 0x00000000, 0x00000000, 0x00000000, 0x00000000,
  0x00000000, 0x00000000, 0x00000000, 0x00000000, 0x00000000, 0x00FFFFFF, 0x00FFFFFF, 0xC4D9EFFF,
  0xFFB4E6FF, 0xFB99CBF3, 0xF799C9F1, 0xFFB3E1FF, 0x55BDDEFC, 0x00000000, 0x00000000, 0x00000000,
  0x00000000, 0x00000000, 0x00000000, 0x00000000, 0xE0ABD4F7, 0xFF7DC3FD, 0xFF80BFF5, 0xFD7CBBF4,
  0xFF86BFF5, 0xB5DBF2FF, 0x00000000, 0x00000000, 0x00000000, 0x00000000, 0x00000000, 0x00FFFFFF,
  0x00FFFFFF, 0x00000000, 0x00000000, 0x00000000, 0x00FFFFFF, 0x00000000, 0x00000000, 0x00000000,
  0x00000000, 0x00000000, 0x00000000, 0x00000000, 0x00000000, 0x00000000, 0x00000000, 0x00000000,
  0x00000000, 0x00000000, 0x00000000, 0x00000000, 0x00000000, 0x00000000, 0x00000000, 0x00000000,
  0x00000000, 0x00000000, 0x00000000, 0x00000000, 0x00000000, 0x00000000, 0x0AE5E5FF, 0xD3D2E5EF,
  0xFFA1CAF3, 0xFC94C8F5, 0xFD99C9F3, 0xFFACDCFF, 0xC2AEDAFD, 0x00000000, 0x00000000, 0x00000000,
  0x00000000, 0x00000000, 0x00000000, 0x11FFFFE1, 0xFFB8E0FF, 0xF976BDF5, 0xFF80BEF4, 0xFC7DBFEE,
  0xFF98D1FF, 0x8FCDE4F9, 0x00000000, 0x00000000, 0x00000000, 0x00000000, 0x00000000, 0x00000000,
  0x00040200, 0x00FFFFFF, 0x68BCDFF5, 0x92D1EBF6, 0x73EDF6FA, 0x0DD7EBEB, 0x00000000, 0x00000000,
  0x00000000, 0x00000000, 0x00000000, 0x00000000, 0x00000000, 0x00000000, 0x00000000, 0x00000000,
  0x00000000, 0x00000000, 0x00000000, 0x00000000, 0x00000000, 0x00000000, 0x00000000, 0x00000000,
  0x00000000, 0x00000000, 0x00000000, 0x00000000, 0x00000000, 0x00000000, 0x00000000, 0x77D8E9F6,
  0xFFCBF0FF, 0xFA91C6F5, 0xFF9ACAF2, 0xFC98C6F2, 0xFFC0EFFF, 0x68BCDFF7, 0x00000000, 0x00000000,
  0x00000000, 0x00000000, 0x00000000, 0x31FFFFF9, 0xFBA8D2FA, 0xFF7BBAF0, 0xFF88BFF2, 0xFB7ABCF2,
  0xF594C9F6, 0x5ADFEEF9, 0x00000000, 0x00000000, 0x00000000, 0x00000000, 0x00000000, 0x00000000,
  0x22CAE1F0, 0xC0B1E0FC, 0xFF8BD2FF, 0xFF8FD7FF, 0xF799C8F1, 0x83C8DDEB, 0x00000000, 0x00000000,
  0x00000000, 0x00000000, 0x00000000, 0x00000000, 0x00000000, 0x00000000, 0x00000000, 0x00000000,
  0x00000000, 0x00000000, 0x00000000, 0x00000000, 0x00000000, 0x00000000, 0x00000000, 0x00000000,
  0x00000000, 0x00000000, 0x00000000, 0x00000000, 0x00000000, 0x00000000, 0x00000000, 0x00FFFFFF,
  0xC7C4E2FC, 0xFFA8DAFF, 0xFA94C8F0, 0xFF9AC7F0, 0xFFA5D2FC, 0xE9BEDFF9, 0x03AAAAFF, 0x00000000,
  0x00000000, 0x00000000, 0x00000000, 0x45ECF7FF, 0xFFACE2FF, 0xF879BAEF, 0xFF84BDF0, 0xF574B9F0,
  0xFFB6ECFF, 0x47F7FFFF, 0x00000000, 0x00000000, 0x00000000, 0x00000000, 0x00000000, 0x00020000,
  0x9ACEE4F1, 0xFF96D4FF, 0xF368B0F0, 0xF964B2F4, 0xF46EB1F2, 0xFFB4DAF8, 0x28D8EBF2, 0x00000000,
  0x00000000, 0x00000000, 0x00000000, 0x00000000, 0x00000000, 0x00000000, 0x00000000, 0x00000000,
  0x00000000, 0x00000000, 0x00000000, 0x00000000, 0x00000000, 0x00000000, 0x00000000, 0x00000000,
  0x00000000, 0x00000000, 0x00000000, 0x00000000, 0x00000000, 0x00000000, 0x00000000, 0x00000000,
  0x66D2E8FF, 0xFFC4F0FF, 0xF695CCF4, 0xFE9BCBF3, 0xFC90C3F1, 0xFFBEE4FF, 0x5BCCE0F3, 0x00000000,
  0x00000000, 0x00000000, 0x00000000, 0x58F0F6F9, 0xFF9FD2FB, 0xF874B9F1, 0xFF81C1FA, 0xFF7DBFF5,
  0xF99DCDF6, 0x1AFFFFEB, 0x00000000, 0x00000000, 0x00000000, 0x00000000, 0x00000000, 0x6CC6E9FF,
  0xEA8CC7FA, 0xFF67B2FA, 0xFE6FB1EB, 0xFA70B4EF, 0xFE5FAEF8, 0xD8A6D6FB, 0x00FFFFFF, 0x00000000,
  0x00000000, 0x00000000, 0x00000000, 0x00000000, 0x00000000, 0x00000000, 0x00000000, 0x00000000,
  0x00000000, 0x00000000, 0x00000000, 0x00000000, 0x00000000, 0x00000000, 0x00000000, 0x00000000,
  0x00000000, 0x00000000, 0x00000000, 0x00000000, 0x00000000, 0x00000000, 0x00000000, 0x00000000,
  0x00000000, 0xB3BCDFFF, 0xFFB3E5FF, 0xF898C9F2, 0xFF9BCBF7, 0xF7A5D2FF, 0xACC3DBF3, 0x17D2DDF3,
  0x00000000, 0x00000000, 0x00000000, 0x77C7E5F8, 0xFFA4E0FF, 0xFA81BEF1, 0xFF81C0F6, 0xFD7BBBF2,
  0xE1A7D1F8, 0x05FFFF99, 0x00000000, 0x00000000, 0x00000000, 0x00000000, 0x00FFFFFF, 0xFFBCE5FF,
  0xFF7CBFFB, 0xF96CB2F3, 0xFF71B6F3, 0xFD6FB2F2, 0xFF8ED2FF, 0xB0C9E9FA, 0x00FFFFFF, 0x00000000,
  0x00000000, 0x00000000, 0x00000000, 0x00000000, 0x00000000, 0x00000000, 0x00000000, 0x00000000,
  0x00000000, 0x00000000, 0x00000000, 0x00000000, 0x00000000, 0x0CD4E9FF, 0x4BF1F8F8, 0x55E7F6FF,
  0x4ED1E1EB, 0x00000000, 0x00000000, 0x00000000, 0x00000000, 0x00000000, 0x00000000, 0x00000000,
  0x00000000, 0x5DD0EBFF, 0xFFADDBFF, 0xF89CCDF6, 0xF89AC9F1, 0xFFA3D6FF, 0xEDB4D8FA, 0x65DEEDF4,
  0x00000000, 0x00000000, 0x00000000, 0x8BDCEEF3, 0xFF93CCF9, 0xFB7CBBF0, 0xFE82BFF0, 0xFF87C4F8,
  0xFDB3D8FB, 0x00000000, 0x00000000, 0x00000000, 0x00000000, 0x010000FF, 0xB8A9D4F3, 0xFF71BAF9,
  0xFB64ABEE, 0xFF71B3F1, 0xFA66B0EE, 0xFD68B2F1, 0xD7A4D0F9, 0x00FFFFFF, 0x00000000, 0x00000000,
  0x00000000, 0x00000000, 0x00000000, 0x00000000, 0x00000000, 0x00000000, 0x00000000, 0x00000000,
  0x00000000, 0x00000000, 0x00000000, 0x00000000, 0x00000000, 0x4FE8F2F8, 0xE4C9E4FD, 0xFAC7E9FF,
  0xFFE7FFFF, 0x6CD4E9FC, 0x2BE7E7ED, 0x00000000, 0x00000000, 0x00000000, 0x00000000, 0x00000000,
  0x00000000, 0x3EFFFFF6, 0xD6BFE1FF, 0xFFAADFFF, 0xF699CAF2, 0xFC9DCAF3, 0xFFA3D1FD, 0xC0C9E5FB,
  0x20EFF7F7, 0x00000000, 0x00000000, 0x65BADEF7, 0xFF91D5FF, 0xFC84BDEF, 0xFF82C0F1, 0xF673B6EE,
  0xDCB2D8F9, 0x00050000, 0x010000FF, 0x00000000, 0x00000000, 0x53E9F8FB, 0xFF98D4FF, 0xFA68B3F2,
  0xFE6DB5F6, 0xFE6CB4F6, 0xFF6EBDFE, 0xFF98D3FB, 0x67CDE1EB, 0x00FFFFFF, 0x00000000, 0x00000000,
  0x00000000, 0x00000000, 0x00000000, 0x00000000, 0x00000000, 0x00000000, 0x00000000, 0x00000000,
  0x00000000, 0x00000000, 0x00000000, 0x00000000, 0x00030101, 0xB2E0FFFF, 0xFFCEFAFF, 0xF8B1D9F7,
  0xFFB6DBFF, 0xFCBEDEF9, 0xF2CDE3F3, 0x00FFFFFF, 0x06FFD4D4, 0x00000000, 0x00000000, 0x00000000,
  0x00000000, 0x10EFEFFF, 0x7ED4E8F8, 0xF2A8D9FF, 0xFE9CCFF7, 0xF89AC7EF, 0xFFA5D5FF, 0xD3B7D9FA,
  0x2DFFFFF9, 0x00000000, 0x00000000, 0xA3BBD9F2, 0xFF8ED4FF, 0xFB79BCF3, 0xFC7EBCF2, 0xFF84C2F8,
  0xC5C3E5FD, 0x00000000, 0x00000000, 0x00000000, 0x48BFDFF7, 0xDD93CCFA, 0xFF6DBCFF, 0xFD6EB1ED,
  0xFD6DB2EF, 0xF867ADEA, 0xFF83C3F9, 0x9AC1E4FB, 0x00000000, 0x00000000, 0x00000000, 0x00000000,
  0x00000000, 0x00000000, 0x00000000, 0x00000000, 0x00000000, 0x00000000, 0x00000000, 0x00000000,
  0x00000000, 0x00000000, 0x00000000, 0x00000000, 0x1FF6EEF6, 0xFBCFE6F7, 0xF6A8D4F9, 0xFBB4D8F0,
  0xFCB5D7F9, 0xFAADD7F8, 0xFFCDF8FF, 0xCFCBE6FB, 0x83E1E9F5, 0x00000000, 0x00000000, 0x00000000,
  0x00000000, 0x00000000, 0x2DEEEEEE, 0xB5B8DEFC, 0xFFA8E1FF, 0xF89DC9F2, 0xF799C9F5, 0xFFB0E5FF,
  0x80CFEBFD, 0x00000000, 0x00000000, 0x9DBCDBF6, 0xFF89CAFF, 0xFA80C1F2, 0xFD80BFF4, 0xFF8DD4FF,
  0xADCBE8FA, 0x01FFFF00, 0x00000000, 0x00FFFFFF, 0xFFC1ECFF, 0xFF7DC4FD, 0xF967B1F0, 0xFE6FB5F4,
  0xFD6CB5F3, 0xFF87D3FF, 0xC8ACD8F9, 0x2CE2F3F9, 0x00000000, 0x00000000, 0x00000000, 0x00000000,
  0x00000000, 0x00000000, 0x00000000, 0x00000000, 0x00000000, 0x00000000, 0x00000000, 0x00000000,
  0x00000000, 0x00000000, 0x00000000, 0x00000000, 0x00000000, 0xBBD4E5F1, 0xFBBEE0FA, 0xFFB4DCFB,
  0xFCB6D5F8, 0xFEB6D7F3, 0xFAB1DBF7, 0xFDB2D9FA, 0xFFE0FFFF, 0x99D8F0FF, 0x3CE9EEF6, 0x00000000,
  0x00000000, 0x00000000, 0x00FFFFFF, 0x79C8D9E9, 0xFAA1D2F9, 0xFF9AC8F3, 0xF99BC6F1, 0xFFB2E9FF,
  0xC1C3E0F5, 0x00000000, 0x00000000, 0x82DDE9EF, 0xEB9BCAFA, 0xFF7ABEF8, 0xF477B7EE, 0xFE97C8F2,
  0x57F0FCFF, 0x00000000, 0x09E2FFFF, 0x7BB4D1EA, 0xFF72B7F1, 0xFE61AFF0, 0xFF72B4EF, 0xFA6BAEED,
  0xFF6DB1ED, 0xD09BD0FA, 0x00FFFFFF, 0x00000000, 0x00000000, 0x00000000, 0x00000000, 0x00000000,
  0x00000000, 0x00000000, 0x00000000, 0x00000000, 0x00000000, 0x00000000, 0x00000000, 0x00000000,
  0x00000000, 0x00000000, 0x00000000, 0x00000000, 0x00000000, 0x31E4EFF9, 0xD4DCF0FC, 0xFFCCF2FF,
  0xFFB4D8FB, 0xFEB4D7F6, 0xFBB1D8F5, 0xFBB1D5F3, 0xFFB7DEFD, 0xF9B9E2FD, 0xD7CFE6F6, 0x34EBF0FA,
  0x0CFFFFE9, 0x00000000, 0x00000000, 0x5BC6E0F0, 0xFFCCFAFF, 0xFF94CDFD, 0xF593C6F4, 0xFFB2E1FF,
  0x8ED3E9F9, 0x00000000, 0x00000000, 0x2BEDF3F3, 0xA3C6E4FB, 0xFFB9EBFF, 0xFFBBECFF, 0x89A5CEEE,
  0x0DC4D7EB, 0x00000000, 0x64F7FFFF, 0xFFADE3FF, 0xFE68B0F0, 0xFE6CB3F0, 0xFE72B4EF, 0xFF70B9FB,
  0xFF95DBFF, 0x68BADAF2, 0x00FFFFFF, 0x00000000, 0x00FFFFFF, 0x00000000, 0x00000000, 0x00000000,
  0x00000000, 0x00000000, 0x00000000, 0x49F8FFFF, 0x00000000, 0x00000000, 0x00000000, 0x00000000,
  0x00000000, 0x00000000, 0x00000000, 0x00000000, 0x00000000, 0x00000000, 0x00020000, 0x5CE0F3FC,
  0xCBCCE9FC, 0xFFD5FFFF, 0xF8ABD5FA, 0xFDB7D7F4, 0xFAB6D7F7, 0xFCAAD4F9, 0xFFCDF5FF, 0xEACBE9FD,
  0x9DDEF6FF, 0x00000000, 0x00000000, 0x00000000, 0x86DAEAF5, 0xC3C2E4FF, 0xFFD3F8FF, 0xBABFDCF4,
  0x22D9F0FF, 0x00000000, 0x00000000, 0x00000000, 0x00000000, 0x43EBFBF7, 0x37D0F1FF, 0x00000000,
  0x00000000, 0x00FFFFFF, 0x7EE4F4FA, 0xFF83C3F9, 0xFF6DB4F3, 0xF971B3F0, 0xF964ACEE, 0xFF7DBCF3,
  0x80BDE3FF, 0x00000000, 0x00000000, 0x00000000, 0x00FFFFFF, 0x00000000, 0x00000000, 0x10FFFFEF,
  0x00FFFFFF, 0x599ACBF3, 0xCE8ABCE2, 0xFFC2F4FF, 0xAEB1D7F7, 0x96DEEAEF, 0x00000000, 0x00000000,
  0x00000000, 0x00000000, 0x00000000, 0x00000000, 0x00000000, 0x00000000, 0x00000000, 0x00000000,
  0x02FFFF7F, 0xACCFEAF9, 0xF8BDE3FB, 0xFFC5EEFF, 0xF6B2D2F8, 0xFEB3D7F5, 0xFCB3D8F7, 0xF9ABD1F4,
  0xFFE0FFFF, 0x84D4EDFF, 0x11FFFFE1, 0x00000000, 0x00FFFFFF, 0x00FFFFFF, 0x3CE1F2FA, 0x00000000,
  0x00000000, 0x00000000, 0x00000000, 0x00000000, 0x00000000, 0x00000000, 0x00000000, 0x00000000,
  0x00000000, 0x00000000, 0x45CBDDEC, 0xFE99C5EC, 0xFD5BA9F0, 0xFA6CB4F7, 0xFF80CEFF, 0xE59BCBF2,
  0x2DD1E2EE, 0x00000000, 0x0100FFFF, 0x00000000, 0x00000000, 0x0FEEFFFF, 0x00FFFFFF, 0xAAC9E4F6,
  0xC89ACFFF, 0xFF84CFFF, 0xFF68B8FE, 0xFA4EA0EC, 0xFF5FAAF1, 0xD094C1EB, 0x00000000, 0x00000000,
  0x00000000, 0x00000000, 0x00000000, 0x00000000, 0x00000000, 0x00000000, 0x00000000, 0x00000000,
  0x00000000, 0x18E9E9F4, 0x5EDEEEF6, 0xF5C9ECFF, 0xFEB4DAFC, 0xFFB2DAFB, 0xFBB4D8F4, 0xFDB3D6F1,
  0xFFBADEFC, 0xE1CEEBFF, 0x51E8F2F5, 0x00FFFFFF, 0x00000000, 0x00000000, 0x00000000, 0x00000000,
  0x00000000, 0x00000000, 0x00000000, 0x00000000, 0x00000000, 0x00000000, 0x00000000, 0x00000000,
  0x00000000, 0x00000000, 0x00000000, 0xB5CAE7F7, 0xF99FCBF1, 0xFF96D0FF, 0xD2A8D9FF, 0x2FF4FFF9,
  0x00000000, 0x00000000, 0x00000000, 0x03AAFFFF, 0x4FE5F2F5, 0x97C3E0F8, 0xD495CAF5, 0xFF6FB3F0,
  0xFF66B8FF, 0xF651A5EE, 0xFF51A5F0, 0xFC5BAAF3, 0xFD4BA3F0, 0xD872B8F3, 0x6DF3FAFA, 0x00000000,
  0x00000000, 0x00000000, 0x00000000, 0x00000000, 0x00000000, 0x00000000, 0x00000000, 0x00000000,
  0x00000000, 0x00000000, 0x00000000, 0x5FD6E9F4, 0xD4CDE6FA, 0xFFCDF4FF, 0xF5AFD5F6, 0xFFB4D9F7,
  0xF2A9D4F9, 0xFFE0FFFF, 0x79E9FFFF, 0x00000000, 0x00FFFFFF, 0x00000000, 0x00000000, 0x00000000,
  0x00000000, 0x00000000, 0x00000000, 0x00000000, 0x00000000, 0x00000000, 0x00000000, 0x00000000,
  0x00000000, 0x00000000, 0x00000000, 0x00FFFFFF, 0x00FFFFFF, 0x2ACEE6F8, 0x00FFFFFF, 0x00FFFFFF,
  0x00000000, 0x00000000, 0x56ABD2ED, 0x85B9D8EF, 0xE18DC7F4, 0xF767B4F6, 0xFF60B7FF, 0xFB59A9ED,
  0xFC52A6EC, 0xFE5CA9EA, 0xFC5AA5E9, 0xF655A6EF, 0xFF5DB1F7, 0xFFA2EBFF, 0x59E2FCFF, 0x00000000,
  0x00000000, 0x00000000, 0x00000000, 0x00000000, 0x00000000, 0x00000000, 0x00000000, 0x00000000,
  0x00000000, 0x00000000, 0x00000000, 0x00000000, 0x00FFFFFF, 0xBBD2EAFA, 0xFFCEEDFF, 0xFFB5E2FF,
  0xFFB5DDFF, 0xFFD8F4FF, 0x4BEAF1FB, 0x00000000, 0x00000000, 0x00000000, 0x00000000, 0x00000000,
  0x00000000, 0x00000000, 0x00000000, 0x00000000, 0x00000000, 0x00000000, 0x00000000, 0x00000000,
  0x00000000, 0x00000000, 0x00000000, 0x00000000, 0x00000000, 0x00000000, 0x00000000, 0x00000000,
  0x4189B4DF, 0xC19AC8F4, 0xFF9CDFFF, 0xFA67B1F1, 0xFF58B2FF, 0xFF58A9EE, 0xFB59A7E9, 0xFD5BA9EC,
  0xFE58A7ED, 0xF854A1E9, 0xFF62ADF1, 0xFF71C8FF, 0xD572BBF7, 0x73AAD7F8, 0x00000000, 0x00000000,
  0x00000000, 0x00000000, 0x00000000, 0x00000000, 0x00000000, 0x027F7FFF, 0x00000000, 0x00000000,
  0x00000000, 0x00000000, 0x00000000, 0x00000000, 0x00000000, 0x24E2E9F7, 0x9CE3F0FA, 0xECD8EFFD,
  0xDCD5EAFC, 0x6CCFE5FA, 0x00000000, 0x00000000, 0x00000000, 0x00000000, 0x00000000, 0x00000000,
  0x00000000, 0x00000000, 0x00000000, 0x00000000, 0x00000000, 0x00000000, 0x00000000, 0x00000000,
  0x00000000, 0x00000000, 0x00000000, 0x00000000, 0x00000000, 0x00000000, 0x00000000, 0x00FFFFFF,
  0xFE92C4EA, 0xFF68B6FC, 0xF94C9FEB, 0xFF51A6EE, 0xFA59AAEA, 0xF95CAAEB, 0xFE5AA7ED, 0xFD4CA0EE,
  0xFF59A8F0, 0xFF7BC9FF, 0xEA87C7FF, 0x949ED3FD, 0x29FFFFF2, 0x00FFFFFF, 0x00000000, 0x00000000,
  0x00000000, 0x00000000, 0x00000000, 0x17FFFFF3, 0x00FFFFFF, 0x00000000, 0x00000000, 0x00000000,
  0x00000000, 0x00000000, 0x00000000, 0x00000000, 0x00000000, 0x00000000, 0x00000000, 0x00FFFFFF,
  0x04BFBFFF, 0x00000000, 0x00000000, 0x00000000, 0x00000000, 0x00000000, 0x00000000, 0x00000000,
  0x00000000, 0x00000000, 0x00000000, 0x00000000, 0x00000000, 0x00000000, 0x00000000, 0x00000000,
  0x00000000, 0x00000000, 0x00000000, 0x00000000, 0x00000000, 0x00000000, 0x00000000, 0x6BCFEEFF,
  0xFF6FC2FF, 0xFC50A6ED, 0xFE5FA8E8, 0xFB5AA7EA, 0xF75BA9ED, 0xFF58AEFB, 0xFE54A5F1, 0xFF83CAFF,
  0xFF84BFF1, 0x898BC5F5, 0x3AE9F6FF, 0x00FFFFFF, 0x00000000, 0x00000000, 0x00000000, 0x00000000,
  0x00000000, 0x82EBFBFF, 0xF0DDF0FB, 0xEFDEF0FB, 0xC7EAFBFF, 0xB0E4F6FF, 0xB2E8F7FC, 0x7CEAFAFF,
  0x69F0FAFF, 0x5AEEFCFF, 0x00FFFFFF, 0x23F7FFFF, 0x00000000, 0x08FFDFFF, 0x00000000, 0x00000000,
  0x00000000, 0x00000000, 0x00000000, 0x00000000, 0x00000000, 0x00000000, 0x00000000, 0x00000000,
  0x00000000, 0x00000000, 0x00000000, 0x00000000, 0x00000000, 0x00000000, 0x00000000, 0x00000000,
  0x00000000, 0x00000000, 0x00000000, 0x00000000, 0x00000000, 0x00000000, 0x00000000, 0x75E2EBEF,
  0xFF81BFF9, 0xF6419BEF, 0xF452A7F2, 0xFF5CB0FD, 0xFF6AC2FF, 0xD775BAF9, 0xCC9ECBF1, 0x97B1D3F1,
  0x299BC7F2, 0x00000000, 0x00020100, 0x00000000, 0x00000000, 0x00000000, 0x00000000, 0x00000000,
  0x60F1FCFF, 0x00FFFFFF, 0xFFD3EDFF, 0xFEC9E2FA, 0xFFD3EAFD, 0xFFD2EEFF, 0xFFDCF7FF, 0xFFEBFFFF,
  0xFFD9F0FF, 0xFFE7FEFF, 0xECDCF0FF, 0x00FFFFFF, 0xE3E9F9FD, 0xD9E8F6FD, 0x61ECF9FF, 0x00000000,
  0x00000000, 0x00000000, 0x00000000, 0x00000000, 0x00000000, 0x00000000, 0x00000000, 0x00000000,
  0x00000000, 0x00000000, 0x00000000, 0x00000000, 0x00000000, 0x00000000, 0x00000000, 0x00000000,
  0x00000000, 0x00000000, 0x00000000, 0x00000000, 0x00000000, 0x00000000, 0x00000000, 0x32C6DBEF,
  0xF6B5D8F3, 0xFC74B7F1, 0xFF83CCFF, 0xE37ABBF7, 0x8799CFFD, 0x1DFFFFDB, 0x25D5E3EA, 0x00000000,
  0x00000000, 0x00000000, 0x00000000, 0x00000000, 0x00000000, 0x00000000, 0x00000000, 0x00000000,
  0xA7E8F7FF, 0xFFD5EDFF, 0xF7C7E1F9, 0xFFCCE7FF, 0xFEC9E4FC, 0xFDCBE4FA, 0xFCCBE2F9, 0xFDCCE2F7,
  0xFBC8E1FA, 0xF9C8E2F9, 0xFECAE3FA, 0xF8C7DEF6, 0xFFD4EBFF, 0xFFCFE6FD, 0xFEE4F6FF, 0x32EFF9FF,
  0x00000000, 0x00000000, 0x00000000, 0x00000000, 0x00000000, 0x00000000, 0x00000000, 0x00000000,
  0x00000000, 0x00000000, 0x00000000, 0x00000000, 0x00000000, 0x00000000, 0x00000000, 0x00000000,
  0x00000000, 0x00000000, 0x00000000, 0x00000000, 0x00000000, 0x00000000, 0x00FFFFFF, 0x00000000,
  0x00FFFFFF, 0x6CC3E5FA, 0xA2C0DFF8, 0x00FFFFFF, 0x1DFFFFF6, 0x00000000, 0x00000000, 0x00000000,
  0x00000000, 0x00000000, 0x00000000, 0x00000000, 0x00000000, 0x00000000, 0x00000000, 0x00000000,
  0x86E0F3FF, 0xFFF0FFFF, 0xFECDE5FB, 0xF5C5E3FB, 0xFBC7E4FC, 0xFAC8E3F9, 0xFDCBE1F7, 0xFCCDE3F7,
  0xFCC9E2F9, 0xFFCDE6FE, 0xFFCCE6FD, 0xFFCCE5FA, 0xFFCCE5FC, 0xF5C6E1FC, 0x00FFFFFF, 0x9CE1EEF6,
  0x00000000, 0x00000000, 0x00000000, 0x00000000, 0x00000000, 0x00000000, 0x00000000, 0x00000000,
  0x00000000, 0x00000000, 0x00000000, 0x00000000, 0x00000000, 0x00000000, 0x00000000, 0x00000000,
  0x00000000, 0x00000000, 0x00000000, 0x00000000, 0x00000000, 0x00000000, 0x00FFFFFF, 0x00000000,
  0x00000000, 0x00000000, 0x00000000, 0x00FFFFFF, 0x00000000, 0x00FFFFFF, 0x00FFFFFF, 0x00000000,
  0x00000000, 0x00000000, 0x010000FF, 0x00000000, 0x00000000, 0x00000000, 0x00000000, 0x00000000,
  0x00000000, 0xC5DFEBF5, 0xEBE3F1FC, 0xFFF9FFFF, 0xFADBF1FC, 0xFFF6FFFF, 0xFFDBF0FF, 0xFFD6F0FF,
  0xFFD6EFFF, 0xFDCFE6F9, 0xFFD1E9FD, 0xF8C6DEF6, 0xFECAE3FB, 0xF8C6E2FB, 0xFFDDF1FF, 0x6EE7F3FA,
  0x00000000, 0x00000000, 0x00000000, 0x00000000, 0x00000000, 0x00000000, 0x00000000, 0x00000000,
  0x00000000, 0x00000000, 0x00000000, 0x00000000, 0x00000000, 0x00000000, 0x00000000, 0x00000000,
  0x00000000, 0x00000000, 0x00000000, 0x00000000, 0x00000000, 0x00000000, 0x00000000, 0x00000000,
  0x00000000, 0x00000000, 0x1CFFFFEC, 0x00070000, 0x00FFFFFF, 0x00000000, 0x00000000, 0x00000000,
  0x00000000, 0x00000000, 0x00000000, 0x03AAAAFF, 0x00000000, 0x00000000, 0x00000000, 0x00FFFFFF,
  0x00000000, 0x0EECFFFF, 0x00FFFFFF, 0x4BEAF8FB, 0x3DF6FAFA, 0x60F7FFFF, 0x7BE1EEF6, 0x9DE0EEFB,
  0xC6E9F7FD, 0xD1E9F8FF, 0xF2E8F9FF, 0xFFF1FFFF, 0xF4DDF0FF, 0xFFF3FFFF, 0xE0E4F1FC, 0x27F8FFFF,
  0x00000000, 0x00000000, 0x00000000, 0x00000000, 0x00000000, 0x00000000, 0x00000000, 0x00000000,
  0x00000000, 0x00000000, 0x00000000, 0x00000000, 0x00000000, 0x00000000, 0x00000000, 0x00000000,
  0x00000000, 0x00000000, 0x00000000, 0x00000000, 0x00000000, 0x00000000, 0x00000000, 0x00000000,
  0x00030100, 0x00FFFFFF, 0xCAA4D0F6, 0xDC80C2FF, 0xFFA6D8FD, 0xC6ADD9F7, 0xA7AED7F5, 0x8CB4D6F0,
  0x4FB1DBFB, 0x00FFFFFF, 0x40CBE7F7, 0x00FFFFFF, 0x00FFFFFF, 0x00FFFFFF, 0x00000000, 0x00000000,
  0x00000000, 0x0100FFFF, 0x00000000, 0x00000000, 0x00000000, 0x00000000, 0x00000000, 0x00000000,
  0x00000000, 0x00000000, 0x00FFFFFF, 0x41F3F7FB, 0x44F7FFFF, 0x5EEEF6FC, 0x00000000, 0x00000000,
  0x00000000, 0x00000000, 0x00000000, 0x00000000, 0x00000000, 0x00000000, 0x00000000, 0x00000000,
  0x00000000, 0x00000000, 0x00000000, 0x00000000, 0x00000000, 0x00000000, 0x00000000, 0x00000000,
  0x00000000, 0x00000000, 0x00000000, 0x00000000, 0x00000000, 0x00000000, 0x00000000, 0x00000000,
  0x00FFFFFF, 0xC98ACAF8, 0xFF3A99F0, 0xFF47A4FC, 0xF53F93E1, 0xFF47A0F0, 0xFE3896EC, 0xFF60BEFF,
  0xFF59B3FF, 0xFF6AB4F9, 0xFF71BFFA, 0xF080BFEE, 0xFD7DBCEC, 0xF8A1D6FB, 0xA3B5DFFB, 0x44D2E4EC,
  0x00000000, 0x00000000, 0x00000000, 0x00000000, 0x00000000, 0x00FFFFFF, 0x00000000, 0x00FFFFFF,
  0x00000000, 0x00000000, 0x00000000, 0x00000000, 0x00000000, 0x00000000, 0x00000000, 0x00FFFFFF,
  0x00000000, 0x00000000, 0x00000000, 0x00000000, 0x00000000, 0x00000000, 0x00000000, 0x00000000,
  0x00000000, 0x00000000, 0x00000000, 0x00000000, 0x00000000, 0x00000000, 0x00000000, 0x00000000,
  0x00000000, 0x00000000, 0x00000000, 0x00000000, 0x00000000, 0x00000000, 0x00000000, 0x00FFFFFF,
  0x46DEF4FF, 0xFF7CD3FF, 0xF944A1EF, 0xFA49A2EB, 0xFF43A1EA, 0xFC419FEE, 0xFD42A0EE, 0xFB3E9EE9,
  0xFE499DE8, 0xF93D94E6, 0xF9419CEB, 0xFC3596EF, 0xFB3898EA, 0xFF44A4F4, 0xFC53A3EA, 0xFF92CAF3,
  0x00000000, 0x00000000, 0x00000000, 0x00000000, 0x00000000, 0x00000000, 0x00000000, 0x00000000,
  0x00000000, 0x00000000, 0x00000000, 0x00000000, 0x00000000, 0x00000000, 0x00000000, 0x00FFFFFF,
  0x00000000, 0x00000000, 0x00000000, 0x00000000, 0x00000000, 0x00000000, 0x00000000, 0x00000000,
  0x00000000, 0x00000000, 0x00000000, 0x00000000, 0x00000000, 0x00000000, 0x00000000, 0x00000000,
  0x00000000, 0x00000000, 0x00000000, 0x00000000, 0x00000000, 0x00000000, 0x00000000, 0x00FFFFFF,
  0x56F9F6F9, 0xFF78B9F1, 0xF72F8DE6, 0xFA419CE9, 0xFF46A3F1, 0xFD459DEC, 0xFF4AA0ED, 0xFE44A1EB,
  0xFF48A0EE, 0xFF48A1EC, 0xFF44A1E9, 0xFF47A0F1, 0xFE489DE8, 0xFD50A4ED, 0xF52D90EC, 0xFF7FC9FF,
  0x00000000, 0x00000000, 0x00000000, 0x00000000, 0x00000000, 0x00000000, 0x00000000, 0x00000000,
  0x00000000, 0x00000000, 0x00000000, 0x17E8F3F3, 0x46F0F4F7, 0x24F7FFFF, 0x18E9E9F4, 0x89F0F9FB,
  0x00000000, 0x00000000, 0x00000000, 0x00000000, 0x00000000, 0x00000000, 0x00000000, 0x00000000,
  0x00000000, 0x00000000, 0x00000000, 0x00000000, 0x00000000, 0x00000000, 0x00000000, 0x00000000,
  0x00000000, 0x00000000, 0x00000000, 0x00000000, 0x00000000, 0x00000000, 0x00000000, 0x00FFFFFF,
  0x1ECCE5EE, 0xD8B4D8EE, 0xFF7AC3FF, 0xFC59ABF1, 0xFF47A6FD, 0xFF4399EC, 0xFB2A8DE6, 0xFB3E9CEB,
  0xFE3897ED, 0xFD429DEE, 0xFB3B9AE9, 0xFC429CEB, 0xFA409EE6, 0xFF43A0EE, 0xFA3496ED, 0xF06DB6F4,
  0x00000000, 0x00000000, 0x00000000, 0x00000000, 0x00000000, 0x00000000, 0x00000000, 0x00000000,
  0x00000000, 0x00FFFFFF, 0x7DECF0F6, 0xD5EFF4FA, 0xE9F4FBFD, 0xCAF4FDFF, 0x7BE1F0FC, 0x00FFFFFF,
  0x47F7FFFF, 0x00000000, 0x00000000, 0x00000000, 0x00000000, 0x00000000, 0x00000000, 0x00000000,
  0x00000000, 0x00000000, 0x00000000, 0x00000000, 0x00000000, 0x00000000, 0x00000000, 0x00000000,
  0x00000000, 0x00000000, 0x00000000, 0x00000000, 0x00000000, 0x00000000, 0x00000000, 0x00000000,
  0x00000000, 0x1AFFFFF5, 0x4CD6F8FF, 0x7ABEE1F8, 0xBFA5D5F9, 0xECB1DEFF, 0xF297CDF4, 0xFF8CC7F4,
  0xFF94DAFF, 0xFE55A2E3, 0xFF77C9FF, 0xFF489DED, 0xFF4FAEF9, 0xFF3F9DEE, 0xFF70C4FF, 0xEBABD4F5,
  0x00000000, 0x00000000, 0x00000000, 0x00000000, 0x00000000, 0x00000000, 0x00000000, 0x00FFFFFF,
  0x00FFFFFF, 0xFFF1FBFF, 0x00FFFFFF, 0xFFE8F4FF, 0xFFF2FEFF, 0xFFE8F3FE, 0xFFF6FFFF, 0x00FFFFFF,
  0x9CEEF6FB, 0x00000000, 0x00000000, 0x00000000, 0x00000000, 0x00000000, 0x00000000, 0x00000000,
  0x00000000, 0x00000000, 0x00000000, 0x00000000, 0x00000000, 0x00000000, 0x00000000, 0x00000000,
  0x00000000, 0x00000000, 0x00000000, 0x00000000, 0x00000000, 0x00000000, 0x00000000, 0x00000000,
  0x00000000, 0x00000000, 0x00000000, 0x00000000, 0x00080000, 0x00000000, 0x00FFFFFF, 0x3AD3F1FA,
  0x00FFFFFF, 0x25D5EAF8, 0x55EAFFFF, 0x8DC8E7FB, 0xB2BFE6FD, 0xD8B4DBF5, 0xA3A4CCEC, 0x1E90C3EE,
  0x00000000, 0x00000000, 0x00000000, 0x00000000, 0x0CE9E9E9, 0x00000000, 0x65F9FFFF, 0x00FFFFFF,
  0x43E8F3FF, 0xEDE6F2FB, 0xFBE4F0FD, 0xFFE4F1FF, 0xFBE2EFFC, 0xF8E1EDF9, 0xFFE8F4FF, 0x47E5F4FF,
  0x29F8F8FF, 0x08DFDFDF, 0x00FFFFFF, 0x00000000, 0x00000000, 0x00000000, 0x00000000, 0x00000000,
  0x00000000, 0x00000000, 0x00000000, 0x00000000, 0x00000000, 0x00000000, 0x00000000, 0x00000000,
  0x00000000, 0x00000000, 0x00000000, 0x00000000, 0x00000000, 0x00000000, 0x25CEDCF1, 0x61DFF1FC,
  0x84A8D6F9, 0x63C6E5FF, 0x00000000, 0x00000000, 0x00000000, 0x00000000, 0x18F4FFFF, 0x00000000,
  0x00000000, 0x00000000, 0x00000000, 0x00000000, 0x00000000, 0x00FFFFFF, 0x00000000, 0x00000000,
  0x00000000, 0x00000000, 0x00FFFFFF, 0x00FFFFFF, 0x96F4F8FB, 0x00FFFFFF, 0x00FFFFFF, 0x00FFFFFF,
  0xFFE4EFFF, 0xFFF0FDFF, 0xFBE5F1FF, 0xFBDFECFB, 0xFDE5F0FB, 0x00FFFFFF, 0xFFF8FFFF, 0x36F5FAFF,
  0x00FFFFFF, 0x00000000, 0x00000000, 0x00000000, 0x00000000, 0x00000000, 0x00000000, 0x00000000,
  0x00000000, 0x00000000, 0x00000000, 0x00000000, 0x00000000, 0x00000000, 0x00000000, 0x00000000,
  0x00000000, 0x00000000, 0x00000000, 0x00000000, 0x00000000, 0x00FFFFFF, 0xB3B0D8F6, 0xEE499FE6,
  0xFF3F9FF3, 0xFF6EC7FF, 0xB095CCF3, 0x2ABCDAE6, 0x00000000, 0x00000000, 0x00FFFFFF, 0x00FFFFFF,
  0x00000000, 0x00FFFFFF, 0x00000000, 0x00FFFFFF, 0x00FFFFFF, 0x00000000, 0x00000000, 0x00000000,
  0x00000000, 0x00000000, 0x17E8F3FF, 0x76F6FFFF, 0x00FFFFFF, 0x00FFFFFF, 0xF7E4EFFF, 0xF7E0EDFD,
  0xFAE3EFFC, 0xFFF1FCFF, 0xFFEEF9FF, 0x00FFFFFF, 0x00FFFFFF, 0x8FF6FFFF, 0x00FFFFFF, 0x00000000,
  0x00000000, 0x00000000, 0x00000000, 0x00000000, 0x00000000, 0x00000000, 0x00000000, 0x00000000,
  0x00000000, 0x00000000, 0x00000000, 0x00000000, 0x00000000, 0x00000000, 0x00000000, 0x00000000,
  0x00000000, 0x00000000, 0x00000000, 0x00000000, 0x00000000, 0x00FFFFFF, 0xE977C0FF, 0xFF2A9AF9,
  0xF43295EA, 0xFE1E90F0, 0xFF40A1F1, 0xDA79BCF0, 0x65EAF7FC, 0x067FAAD4, 0x00000000, 0x00FFFFFF,
  0x00000000, 0x00000000, 0x00000000, 0x00000000, 0x00000000, 0x00000000, 0x00000000, 0x00000000,
  0x00000000, 0x00000000, 0x20FFF7F7, 0x50E2F2FF, 0xF5E4F2FF, 0xFFE8F4FF, 0xFFE6F3FF, 0xFFF9FFFF,
  0xFFF1FDFF, 0xF5EFF8FD, 0xDCECF5FB, 0x86EAF3F9, 0x25F8FFFF, 0x00000000, 0x00000000, 0x00000000,
  0x00000000, 0x00000000, 0x00000000, 0x00000000, 0x00000000, 0x00000000, 0x00000000, 0x00FFFFFF,
  0x00000000, 0x00000000, 0x00000000, 0x00000000, 0x00000000, 0x00000000, 0x00000000, 0x00000000,
  0x00000000, 0x00000000, 0x00000000, 0x00000000, 0x00000000, 0x4DE1EEF1, 0xFF7AC3FE, 0xF31080E5,
  0xFE3596E7, 0xFF3396EC, 0xF7248EEA, 0xFF309DFA, 0xFF6CB3EE, 0x9E9AD0F2, 0x00FFFFFF, 0x00020100,
  0x00000000, 0x00000000, 0x00000000, 0x00000000, 0x00000000, 0x00000000, 0x00000000, 0x00000000,
  0x00000000, 0x00000000, 0xC3ECF1F8, 0xFFF2FFFF, 0xFFE9F9FF, 0xEDE5EFFA, 0x42E3EFFB, 0xE7F5FDFF,
  0xE4F2F8FC, 0x8DECF2F9, 0x30E9F4F9, 0x00000000, 0x00000000, 0x00000000, 0x00000000, 0x00000000,
  0x00000000, 0x00000000, 0x00000000, 0x00000000, 0x00000000, 0x00000000, 0x00000000, 0x00FFFFFF,
  0x00FFFFFF, 0x00000000, 0x00000000, 0x00000000, 0x00000000, 0x00000000, 0x00000000, 0x00000000,
  0x00000000, 0x00FFFFFF, 0x00FFFFFF, 0x00010000, 0x00000000, 0x00000000, 0xE090C6EC, 0xFF4BA2EE,
  0xFF2992EC, 0xFA2F90E8, 0xFE3394E9, 0xFE3091E6, 0xF9298CE8, 0xFF4BAEFD, 0xC09CCDED, 0x4ABDDCF1,
  0x00000000, 0x00000000, 0x00000000, 0x00000000, 0x00000000, 0x00000000, 0x00000000, 0x00000000,
  0x00000000, 0x00000000, 0x00000000, 0xADEBF4FA, 0x00FFFFFF, 0x00FFFFFF, 0x00FFFFFF, 0x57F3F6FC,
  0x31F4F4FF, 0x00000000, 0x00000000, 0x00000000, 0x00000000, 0x00000000, 0x00000000, 0x00000000,
  0x00000000, 0x00000000, 0x00000000, 0x00000000, 0x00000000, 0x00000000, 0x00000000, 0x00FFFFFF,
  0x00000000, 0x08DFDFDF, 0x00FFFFFF, 0x00FFFFFF, 0x00000000, 0x00000000, 0x00000000, 0x00FFFFFF,
  0x3FFFFFEA, 0xBBB5D7F4, 0xD793C0E7, 0xA7B8D7EF, 0x00FFFFFF, 0x00000000, 0x41C0DFEF, 0xB89DCEF3,
  0xFF4AADFF, 0xF92E8FEA, 0xFC2A94EB, 0xFE2E96EB, 0xFB2D90ED, 0xFF2C91EE, 0xFF429DED, 0xEB71B9F5,
  0x80DBEFF5, 0x19CCEAF4, 0x00000000, 0x00000000, 0x00000000, 0x00000000, 0x00000000, 0x00000000,
  0x00000000, 0x00000000, 0x00000000, 0x00FFFFFF, 0x00FFFFFF, 0x1AF5FFFF, 0x00000000, 0x00FFFFFF,
  0x00000000, 0x00000000, 0x00000000, 0x00000000, 0x00000000, 0x00000000, 0x00000000, 0x00000000,
  0x00000000, 0x00000000, 0x00000000, 0x00000000, 0x00000000, 0x00000000, 0x00000000, 0x00000000,
  0x4FF5F8F2, 0xACC8E1ED, 0xC395CAF4, 0xA5B7E6FF, 0x00000000, 0x00000000, 0x17FFFFF3, 0x00FFFFFF,
  0xB779B7EF, 0xFA1383EF, 0xFF2294FC, 0xF63C9CF5, 0x86BAD7F1, 0x027FFFFF, 0x00000000, 0x00FFFFFF,
  0x96A6D6F8, 0xFD6EB4F0, 0xFF339FFD, 0xF9268CE5, 0xFE2E96ED, 0xFF3195EA, 0xF7278CE7, 0xFF2D94F1,
  0xFF71C2FF, 0x9D95CEFA, 0x00060000, 0x00000000, 0x00000000, 0x00000000, 0x00000000, 0x00000000,
  0x00000000, 0x00000000, 0x00000000, 0x00000000, 0x00000000, 0x00000000, 0x00000000, 0x00000000,
  0x00000000, 0x00000000, 0x00000000, 0x00000000, 0x00000000, 0x00000000, 0x00000000, 0x00000000,
  0x00000000, 0x00000000, 0x00000000, 0x00000000, 0x00000000, 0x00000000, 0x00000000, 0x00060000,
  0xC589C3F2, 0xFE2283DC, 0xFF017BEF, 0xFF40A8FF, 0x9377B7E8, 0x00FFFFFF, 0x00040100, 0x60D1F1FF,
  0xFF67CDFF, 0xF7158CF3, 0xF32189E4, 0xFF1692FF, 0xB35CAAF5, 0x2DFFFFE8, 0x00000000, 0x00000000,
  0x01000000, 0x5AEEF9F9, 0xD582C0F6, 0xFF4FA3F5, 0xFF2992F1, 0xFA2C94E2, 0xFE3197E6, 0xFD2D93E9,
  0xF7268BE8, 0xFF56B5FF, 0xA690C4F1, 0x30F4EFE4, 0x00000000, 0x00000000, 0x00000000, 0x00000000,
  0x00000000, 0x00000000, 0x00000000, 0x00000000, 0x00000000, 0x00000000, 0x00000000, 0x00000000,
  0x00000000, 0x00000000, 0x00000000, 0x00000000, 0x00000000, 0x00000000, 0x00000000, 0x00000000,
  0x00000000, 0x00000000, 0x00000000, 0x00000000, 0x00000000, 0x00000000, 0x00000000, 0x00FFFFFF,
  0xFF56B1FE, 0xFF0075E7, 0xF7047EEC, 0xFE057DE6, 0xEE459CE3, 0x00FFFFFF, 0x00000000, 0x4CEEF1EE,
  0xF3419AE6, 0xFF0680EC, 0xFB228CE7, 0xFE208BEB, 0xF23296F0, 0x7EBADCF2, 0x00FFFFFF, 0x00000000,
  0x00000000, 0x00000000, 0x32BCD6EA, 0xB29CCCF3, 0xFF52B0FF, 0xFD2F8FE2, 0xFE2D8FE4, 0xFF3597EA,
  0xFB3091EA, 0xFF2F97F5, 0xF24DA0EE, 0x9BDAE9F1, 0x04BFBFBF, 0x00000000, 0x00000000, 0x00000000,
  0x00000000, 0x00000000, 0x00000000, 0x00000000, 0x00000000, 0x00000000, 0x00000000, 0x00000000,
  0x00000000, 0x00000000, 0x00000000, 0x00000000, 0x00000000, 0x00000000, 0x00000000, 0x00000000,
  0x00000000, 0x00000000, 0x00000000, 0x00000000, 0x00000000, 0x00FFFFFF, 0x00000000, 0x6ACEEEF7,
  0xFF2D9AF8, 0xF80076E3, 0xFF077BE3, 0xF80071E5, 0xFF45A6FF, 0x89D7EEF9, 0x00000000, 0x35C0DDEB,
  0xFF81BEEC, 0xFB107EE4, 0xFF2087E8, 0xF81B8AEB, 0xFF1F96FF, 0xD574B9F3, 0x00FFFFFF, 0x00000000,
  0x00000000, 0x00000000, 0x00000000, 0x00060000, 0x8797D3F7, 0xFF8FDAFF, 0xFF2189EB, 0xF8298EE3,
  0xFE3693E5, 0xF31F91F0, 0xFF389CF9, 0xA4A6D1F4, 0x00000000, 0x00FFFFFF, 0x00000000, 0x00000000,
  0x00000000, 0x00000000, 0x00000000, 0x00000000, 0x00000000, 0x00000000, 0x00000000, 0x00000000,
  0x00000000, 0x00000000, 0x00000000, 0x00000000, 0x00000000, 0x00000000, 0x00000000, 0x00000000,
  0x00000000, 0x00000000, 0x00000000, 0x00000000, 0x00000000, 0x00000000, 0x00000000, 0x86D7F1FD,
  0xFF3091EB, 0xFB0075DF, 0xFF0581E3, 0xFE0076E4, 0xFA3B95ED, 0x00FFFFFF, 0x00FFFFFF, 0x00000000,
  0xA2A3D6FA, 0xFF4EB4FF, 0xFE0A7FE3, 0xFC1D8BE7, 0xF81A8BED, 0xFF3E9EF0, 0x7AB3DBF6, 0x00FFFFFF,
  0x00000000, 0x00000000, 0x00000000, 0x00000000, 0x16E7F3FF, 0x7FFCFFF8, 0xD977BEFA, 0xFF51AFFD,
  0xFF1689EF, 0xFF2292F0, 0xFF73BCFF, 0x81CDE9F3, 0x00FFFFFF, 0x00FFFFFF, 0x00000000, 0x00000000,
  0x00000000, 0x00000000, 0x00000000, 0x00000000, 0x00000000, 0x00000000, 0x00000000, 0x00000000,
  0x00000000, 0x00000000, 0x00000000, 0x00000000, 0x00000000, 0x00000000, 0x00000000, 0x00000000,
  0x00000000, 0x00000000, 0x00000000, 0x00000000, 0x00000000, 0x0100FFFF, 0x00000000, 0x8888C3F0,
  0xFF1589F2, 0xFE087FE8, 0xFF0280EA, 0xF70072E2, 0xFF6CC0FF, 0x00FFFFFF, 0x00FFFFFF, 0x00080300,
  0x205FAFEF, 0xFF55A8E9, 0xFF1B88E6, 0xFE1C86E3, 0xF91586EA, 0xFF32A0FF, 0xBB72B9F5, 0x00000000,
  0x00000000, 0x00000000, 0x00000000, 0x00000000, 0x00000000, 0x00000000, 0x42C8E3F3, 0xBCB4D7EE,
  0xFF91CBFB, 0xD477B6E4, 0xA9B9DAF4, 0x00FFFFFF, 0x00000000, 0x00000000, 0x00000000, 0x00000000,
  0x00000000, 0x00000000, 0x00000000, 0x00000000, 0x00000000, 0x00000000, 0x00000000, 0x00000000,
  0x00000000, 0x00000000, 0x00000000, 0x00000000, 0x00000000, 0x00000000, 0x00000000, 0x00000000,
  0x00000000, 0x00000000, 0x00000000, 0x00000000, 0x00000000, 0x00000000, 0x00000000, 0xB1B2DAF4,
  0xFF1584E6, 0xFB0279E8, 0xFF0581ED, 0xFF0778E2, 0xF461ACEE, 0x00000000, 0x00FFFFFF, 0x00FFFFFF,
  0x00000000, 0x9976BAF1, 0xFF3CA9FF, 0xF71383E5, 0xFE1F8AE9, 0xF71184E8, 0xFF5EBAFF, 0x4270B9EF,
  0x00000000, 0x00000000, 0x00000000, 0x00000000, 0x00000000, 0x00000000, 0x00000000, 0x00000000,
  0x00FFFFFF, 0x00FFFFFF, 0x00000000, 0x00000000, 0x00000000, 0x00000000, 0x00000000, 0x00000000,
  0x00000000, 0x00000000, 0x00000000, 0x00000000, 0x00000000, 0x00000000, 0x00000000, 0x00000000,
  0x00000000, 0x00000000, 0x00000000, 0x00000000, 0x00000000, 0x00000000, 0x00000000, 0x00000000,
  0x00000000, 0x00000000, 0x00000000, 0x00000000, 0x00000000, 0x00000000, 0x00160C02, 0xC990C9F6,
  0xFF007AEC, 0xFF077EE9, 0xFF0482EA, 0xF30068E1, 0xF682BFF7, 0x00FFFFFF, 0x00000000, 0x00000000,
  0x00FFFFFF, 0x54E6F2FB, 0xEC52ABF8, 0xFF218EEC, 0xFC1B88E8, 0xFD1083E9, 0xFF3398F4, 0xAB75B4E8,
  0x00000000, 0x00000000, 0x00000000, 0x00000000, 0x00000000, 0x00000000, 0x00000000, 0x00000000,
  0x00000000, 0x00000000, 0x00000000, 0x00000000, 0x00000000, 0x00000000, 0x00000000, 0x00000000,
  0x00000000, 0x00000000, 0x00000000, 0x00000000, 0x00000000, 0x00000000, 0x00000000, 0x00000000,
  0x00000000, 0x00000000, 0x00000000, 0x00000000, 0x00000000, 0x00000000, 0x00000000, 0x00000000,
  0x00000000, 0x00000000, 0x00000000, 0x00000000, 0x00000000, 0x00000000, 0x00070200, 0xD173BDF1,
  0xFF087CE6, 0xFD047AE7, 0xFC027DE8, 0xFF1080EA, 0xCA94D1FC, 0x00FFFFFF, 0x00000000, 0x00000000,
  0x00000000, 0x00FFFFFF, 0x9473BBF8, 0xFF30A4FF, 0xF71987E7, 0xFD2089EA, 0xFF1084F2, 0xFF59AFF5,
  0x5C9BCAEE, 0x00000000, 0x00000000, 0x00000000, 0x00000000, 0x00000000, 0x00000000, 0x00000000,
  0x00000000, 0x00000000, 0x00000000, 0x00000000, 0x00000000, 0x00000000, 0x00000000, 0x00000000,
  0x00000000, 0x00000000, 0x00000000, 0x00000000, 0x00000000, 0x00000000, 0x00000000, 0x00000000,
  0x00000000, 0x00000000, 0x00000000, 0x00000000, 0x00000000, 0x00000000, 0x00000000, 0x00000000,
  0x00000000, 0x00000000, 0x00000000, 0x00000000, 0x00000000, 0x00000000, 0x00FFFFFF, 0xF476BBEE,
  0xF60069DB, 0xFF057FE7, 0xFE067EE9, 0xFF006FE4, 0xB39BCFF3, 0x000A0200, 0x08DFFFFF, 0x00000000,
  0x00000000, 0x00000000, 0x2CFFFFF9, 0xD53FA6FB, 0xFF1991F5, 0xFA2288E3, 0xFF1585E9, 0xFF2A93E8,
  0xCE9DC9EE, 0x0D9CC4EB, 0x00000000, 0x00000000, 0x00000000, 0x00000000, 0x00000000, 0x00000000,
  0x00000000, 0x00000000, 0x00000000, 0x00000000, 0x00000000, 0x00000000, 0x00000000, 0x00000000,
  0x00000000, 0x00000000, 0x00000000, 0x00000000, 0x00000000, 0x00000000, 0x00000000, 0x00000000,
  0x00000000, 0x00000000, 0x00000000, 0x00000000, 0x00000000, 0x00000000, 0x00000000, 0x00000000,
  0x00000000, 0x00000000, 0x00000000, 0x00000000, 0x00000000, 0x00000000, 0x00FFFFFF, 0xF15EAFED,
  0xFF027DE3, 0xFE077EE1, 0xFC017AE2, 0xFF1889E9, 0xA5B0DEF8, 0x00000000, 0x00000000, 0x00000000,
  0x00000000, 0x00000000, 0x1AFFFFF5, 0xC282C2F4, 0xFF1189EE, 0xFC2089E4, 0xFC1B8DEB, 0xFF0480E5,
  0xFF73B9EE, 0x64F4F7F2, 0x00000000, 0x00000000, 0x00000000, 0x00000000, 0x00000000, 0x00000000,
  0x00000000, 0x00000000, 0x00000000, 0x00000000, 0x00000000, 0x00000000, 0x00000000, 0x00000000,
  0x00000000, 0x00000000, 0x00000000, 0x00000000, 0x00000000, 0x00000000, 0x00000000, 0x00000000,
  0x00000000, 0x00000000, 0x00000000, 0x00000000, 0x00000000, 0x00000000, 0x00000000, 0x00000000,
  0x00000000, 0x00000000, 0x00000000, 0x00000000, 0x00000000, 0x00000000, 0x00FFFFFF, 0xFB4FA2E7,
  0xFB0071E5, 0xFF067DEB, 0xFD0680E9, 0xFF1489F0, 0x8F9CD0F7, 0x00000000, 0x00000000, 0x00000000,
  0x00000000, 0x00000000, 0x00000000, 0x92CEE4EF, 0xFF50A3E9, 0xFD0A78E4, 0xFE248BEE, 0xFE1B87E7,
  0xFA3B95E3, 0xB7CBE3F2, 0x00000000, 0x00000000, 0x00000000, 0x00000000, 0x00000000, 0x00000000,
  0x00000000, 0x00000000, 0x00000000, 0x00000000, 0x00000000, 0x00000000, 0x00000000, 0x00000000,
  0x00000000, 0x00000000, 0x00000000, 0x00000000, 0x00000000, 0x00000000, 0x00000000, 0x00000000,
  0x00000000, 0x00000000, 0x00000000, 0x00000000, 0x00000000, 0x00000000, 0x00000000, 0x00000000,
  0x00000000, 0x00000000, 0x00000000, 0x00000000, 0x00000000, 0x00000000, 0x00FFFFFF, 0xFF3496E4,
  0xFF0478E4, 0xFF0781EC, 0xF90076E6, 0xFF3A99F2, 0xA9DCF2FA, 0x00000000, 0x00000000, 0x00000000,
  0x00000000, 0x00000000, 0x00000000, 0x3AB8DBED, 0xFF9ADAFF, 0xFB1D83E6, 0xFC1F88EE, 0xF81586EE,
  0x00000000, 0x00000000, 0x00000000, 0x00000000, 0x00000000, 0x00000000, 0x00000000, 0x00000000,
  0x00000000, 0x00000000, 0x00000000, 0x00000000, 0x00000000, 0x00000000, 0x00000000, 0x00000000,
  0x00000000, 0x00000000, 0x00000000, 0x00000000, 0x00000000, 0x00000000, 0x00000000, 0x00000000,
  0x00000000, 0x00000000, 0x00000000, 0x00000000, 0x00000000, 0x00000000, 0x00000000, 0x00000000,
  0x00000000, 0x00000000, 0x00000000, 0x00000000, 0x00000000, 0x00000000, 0x5BBEE5F3, 0xFF56BAFF,
  0xFF0077EA, 0xFD0480E1, 0xF90075E2, 0xFF3496EB, 0x6BCAE7F5, 0x00000000, 0x00FFFFFF, 0x00000000,
  0x00000000, 0x00000000, 0x00000000, 0x00000000, 0x65D6EAF2, 0xD366ACF0, 0x00000000, 0x00000000,
  0x00000000, 0x00000000, 0x00000000, 0x00000000, 0x00000000, 0x00000000, 0x00000000, 0x00000000,
  0x00000000, 0x00000000, 0x00000000, 0x00000000, 0x00000000, 0x00000000, 0x00000000, 0x00000000,
  0x00000000, 0x00000000, 0x00000000, 0x00000000, 0x00000000, 0x00000000, 0x00000000, 0x00000000,
  0x00000000, 0x00000000, 0x00000000, 0x00000000, 0x00000000, 0x00000000, 0x00000000, 0x00000000,
  0x00000000, 0x00000000, 0x00000000, 0x00000000, 0x00000000, 0x00000000, 0x00000000, 0xA9579EE0,
  0xFF1380EA, 0xFF0076E0, 0xFF0069DF, 0xE468ADEE, 0x00FFFFFF, 0x00000000, 0x00000000, 0x00000000,
  0x00000000, 0x00000000, 0x00000000, 0x00000000, 0x00000000, 0x00000000, 0x00000000, 0x00000000,
  0x00000000, 0x00000000, 0x00000000, 0x00000000, 0x00000000, 0x00000000, 0x00000000, 0x00000000,
  0x00000000, 0x00000000, 0x00000000, 0x00000000, 0x00000000, 0x00000000, 0x00000000, 0x00000000,
};

static const uint32_t *const g_splash_sp_px[] = {
  g_splash_sp00_px,
  g_splash_sp01_px,
  g_splash_sp02_px,
  g_splash_sp03_px,
  g_splash_sp04_px,
  g_splash_sp05_px,
  g_splash_sp06_px,
  g_splash_sp07_px,
  g_splash_sp08_px,
  g_splash_sp09_px,
  g_splash_sp10_px,
  g_splash_sp11_px,
};
static const unsigned g_splash_sp_w[] = {
  g_splash_sp00_w, g_splash_sp01_w, g_splash_sp02_w, g_splash_sp03_w, g_splash_sp04_w, g_splash_sp05_w, g_splash_sp06_w, g_splash_sp07_w, g_splash_sp08_w, g_splash_sp09_w, g_splash_sp10_w, g_splash_sp11_w
};
static const unsigned g_splash_sp_h[] = {
  g_splash_sp00_h, g_splash_sp01_h, g_splash_sp02_h, g_splash_sp03_h, g_splash_sp04_h, g_splash_sp05_h, g_splash_sp06_h, g_splash_sp07_h, g_splash_sp08_h, g_splash_sp09_h, g_splash_sp10_h, g_splash_sp11_h
};

static unsigned g_splash_frame = 0;
static int g_splash_fb_ready = 0;
static unsigned g_splash_fb_pitch = 1920u * 4u;
static unsigned g_splash_fb_w = 1920u;
static unsigned g_splash_fb_h = 1080u;

typedef struct {
    void *addr;
    unsigned int pitch;
    unsigned int width;
    unsigned int height;
    unsigned char bpp;
    int ready;
} splash_fbinfo_wire_t;

static void splash_put(unsigned char *fb, unsigned pitch, unsigned fw, unsigned fh,
                       int x, int y, uint32_t argb)
{
    if ((unsigned)x >= fw || (unsigned)y >= fh)
        return;
    if ((argb >> 24) < 8u)
        return;
    auto *p = reinterpret_cast<uint32_t *>(fb + (unsigned)y * pitch + (unsigned)x * 4u);
    *p = argb | 0xFF000000u;
}

static void splash_blit(unsigned char *fb, unsigned pitch, unsigned fw, unsigned fh,
                        int dst_x, int dst_y, const uint32_t *src, unsigned sw, unsigned sh)
{
    for (unsigned y = 0; y < sh; ++y) {
        for (unsigned x = 0; x < sw; ++x) {
            splash_put(fb, pitch, fw, fh, dst_x + (int)x, dst_y + (int)y, src[y * sw + x]);
        }
    }
}

static void splash_fill_white(unsigned char *fb, unsigned pitch, unsigned fw, unsigned fh)
{
    for (unsigned y = 0; y < fh; ++y) {
        auto *row = reinterpret_cast<uint32_t *>(fb + (size_t)y * pitch);
        for (unsigned x = 0; x < fw; ++x)
            row[x] = 0xFFFFFFFFu;
    }
}

extern "C" int guest_splash_ready(void)
{
    return g_splash_fb_ready;
}

extern "C" int guest_splash_arm(void)
{
    if (g_splash_fb_ready)
        return 1;

    splash_fbinfo_wire_t fbinfo = {};
    long ret = bfree_guest_syscall1(BFREE_SYS_GET_FRAMEBUFFER_INFO, (long)&fbinfo);
    if (ret != 0 || !fbinfo.ready)
        ret = bfree_guest_syscall1(BFREE_SYS_GET_FRAMEBUFFER_INFO_LEGACY, (long)&fbinfo);
    if (ret != 0 || !fbinfo.ready || fbinfo.pitch == 0U || fbinfo.width == 0U
        || fbinfo.height == 0U || fbinfo.bpp != 32U)
        return 0;

    const uint64_t need_bytes = (uint64_t)fbinfo.pitch * (uint64_t)fbinfo.height;
    if (need_bytes == 0ULL || need_bytes > 0x7fffffffULL)
        return 0;

    const long mapped =
        bfree_guest_syscall5(BFREE_SYS_MMAP, 0L, (long)need_bytes, 0L, 0L, (long)BFREE_FB0_FD);
    if (mapped < 0L || (uint64_t)mapped != (uint64_t)BFREE_FB0_USER_MMAP_BASE)
        return 0;

    g_splash_fb_pitch = fbinfo.pitch;
    g_splash_fb_w = fbinfo.width;
    g_splash_fb_h = fbinfo.height;
    g_splash_fb_ready = 1;

    auto *fb = reinterpret_cast<unsigned char *>(static_cast<uintptr_t>(BFREE_FB0_USER_MMAP_BASE));
    splash_fill_white(fb, g_splash_fb_pitch, g_splash_fb_w, g_splash_fb_h);
    guest_splash_show(0);
    return 1;
}

extern "C" void guest_splash_show(unsigned frame)
{
    if (!g_splash_fb_ready)
        return;
    auto *fb = reinterpret_cast<unsigned char *>(static_cast<uintptr_t>(BFREE_FB0_USER_MMAP_BASE));
    const unsigned pitch = g_splash_fb_pitch;
    const unsigned fw = g_splash_fb_w;
    const unsigned fh = g_splash_fb_h;
    const int logo_x = ((int)fw - (int)g_splash_logo_w) / 2;
    const int logo_y = (int)fh / 2 + 24;
    const int plate_y0 = logo_y - 16;
    const int plate_y1 = logo_y + (int)g_splash_logo_h + 20 + 64;
    const int plate_x0 = ((int)fw - 360) / 2;
    const int plate_x1 = plate_x0 + 360;
    for (int y = plate_y0; y < plate_y1 && y < (int)fh; ++y) {
        if (y < 0)
            continue;
        for (int x = plate_x0; x < plate_x1; ++x)
            splash_put(fb, pitch, fw, fh, x, y, 0xFFFFFFFFu);
    }
    splash_blit(fb, pitch, fw, fh, logo_x, logo_y, g_splash_logo_px, g_splash_logo_w, g_splash_logo_h);
    if (g_splash_nframes == 0)
        return;
    unsigned fi = frame % g_splash_nframes;
    const unsigned sw = g_splash_sp_w[fi];
    const unsigned sh = g_splash_sp_h[fi];
    const int sp_x = ((int)fw - (int)sw) / 2;
    const int sp_y = logo_y + (int)g_splash_logo_h + 20;
    splash_blit(fb, pitch, fw, fh, sp_x, sp_y, g_splash_sp_px[fi], sw, sh);
    g_splash_frame = fi;
}

extern "C" void guest_splash_advance(void)
{
    if (!g_splash_fb_ready)
        return;
    g_splash_frame = (g_splash_frame + 1u) % (g_splash_nframes ? g_splash_nframes : 1u);
    guest_splash_show(g_splash_frame);
}

extern "C" unsigned guest_fb_w(void)
{
    return g_splash_fb_w;
}

extern "C" unsigned guest_fb_h(void)
{
    return g_splash_fb_h;
}

extern "C" unsigned guest_fb_pitch(void)
{
    return g_splash_fb_pitch;
}

extern "C" int guest_fb_ready(void)
{
    return g_splash_fb_ready;
}
